bulk_density,d50,flowability,conical_half_angle,conical_outlet_dim,plane_half_angle,plane_outlet_dim,flowability_score,shape_Cuboid,shape_Cystalline,shape_Elomgated,shape_Irregular,shape_Irregular and angular,shape_Oval,shape_Semirounded,shape_angular,shape_lens shaped,shape_spherical
1296.6567281859263,121.39412896140492,Poor,26.267514060799936,153.80431917247566,38.37247298583725,99.27718748719424,2,False,False,False,False,False,False,True,False,False,False
118.0,45.38979809803904,Fair,46.88950563325802,349.2502765183912,60.04536447244084,213.31849598066051,4,False,False,False,False,False,True,False,False,False,False
1162.0412934084288,63.94520392173296,Fair,22.509689149665714,164.36406664062935,36.76966998791243,114.91993540043543,4,False,False,False,False,False,False,False,True,False,False
1031.9963018026208,176.5414184229927,Very Very Poor,30.217429733928427,415.769149034827,40.42501373575425,251.41311429882435,0,True,False,False,False,False,False,False,False,False,False
118.0,168.78182485859372,Excellent,55.0,40.0,65.0,40.0,6,False,False,False,False,False,True,False,False,False,False
1315.1973238051564,19.729440966493552,Passable,34.4645307565718,59.86509540088964,40.42045985696996,53.92790154444541,3,False,True,False,False,False,False,False,False,False,False
291.0900586766716,203.9980588099921,Excellent,47.16278807379353,129.62909935452774,50.9973850422842,78.16231366720068,6,False,False,False,False,False,False,False,True,False,False
1013.6061095370866,46.383155413951,Very Very Poor,19.462181050239582,436.9860015523323,27.96370824569,309.9434851916176,0,True,False,False,False,False,False,False,False,False,False
1674.8237522195247,184.1857589514963,Poor,30.555947432249123,40.0,36.60299604049469,40.0,2,False,False,False,False,False,False,False,True,False,False
531.071760297059,106.41757466171224,Very Poor,36.925116701674725,547.4706896717105,47.23090535982505,393.7471313625592,1,False,False,False,True,False,False,False,False,False,False
1087.269317920584,81.99732622218973,Excellent,21.58245742009206,40.0,34.19972779981402,40.0,6,False,False,False,False,False,False,False,False,False,True
354.1191644703632,214.12622107053332,Poor,55.0,223.5842707813095,63.87403193357879,191.17759064087693,2,False,True,False,False,False,False,False,False,False,False
393.5381589757908,109.6438118713688,Very Poor,50.88899219721561,484.2493958058978,50.576548606596525,281.6068544867522,1,False,False,False,False,False,True,False,False,False,False
722.6014343913754,98.60405704683488,Very Very Poor,40.80090520917547,375.79624476402336,49.76735434636177,237.17999878287736,0,False,True,False,False,False,False,False,False,False,False
659.4367705483807,42.74957453971689,Very Very Poor,29.2235205325959,620.6457355128537,32.762342070051915,462.13014964319785,0,False,False,False,False,False,False,False,False,False,True
524.5053171534931,78.77732801153141,Very Poor,31.493695548034434,566.1892541280455,39.354199273507845,385.7189902852946,1,False,False,False,False,False,False,True,False,False,False
481.8837927098911,202.2794363380042,Passable,37.828988185844345,293.5602687514988,44.45661866218375,226.32379810424536,3,False,False,True,False,False,False,False,False,False,False
1515.3691529017517,80.70314949349562,Fair,28.598225005185025,103.72036982613378,31.498225365764768,60.88815701285514,4,False,False,False,False,False,False,True,False,False,False
972.0125886218724,52.93941159745373,Very Very Poor,39.1693033719296,359.861314074574,45.96460922721979,263.72357346925673,0,False,False,False,False,False,False,False,False,True,False
1233.4142534142743,71.96414229483872,Excellent,27.349260928050363,40.0,36.52167524585628,40.0,6,False,False,False,False,False,False,False,False,False,True
319.8951030315119,96.2239032757862,Fair,34.661513925806,379.5139584049352,43.9641781126809,228.0082168844209,4,False,False,True,False,False,False,False,False,False,False
918.9772516721466,28.25185219818856,Poor,23.32409975457788,228.97266344500773,32.89733648313199,166.37733583646968,2,True,False,False,False,False,False,False,False,False,False
1045.574118374675,27.469813164742348,Passable,20.431930995249697,213.27775607263263,25.769569440656326,143.5534655114023,3,False,False,False,False,False,False,False,False,False,True
197.38489118803204,156.3535669689154,Fair,51.71050850973539,313.87399404739466,58.42418036638277,222.66768949153877,4,False,False,True,False,False,False,False,False,False,False
672.4274013890649,161.50760883612494,Passable,32.2381513223483,261.0062080879402,40.86185948368241,178.17752202742992,3,False,False,False,True,False,False,False,False,False,False
1035.7642736902908,17.902036676812518,Very Poor,23.051682198239224,479.8942965679918,28.45250686118902,281.11346018009465,1,False,False,False,False,False,False,False,True,False,False
1778.1482318916717,249.64999558737009,Passable,32.07564822065933,40.0,35.64386864638373,40.0,3,False,False,False,False,False,False,True,False,False,False
1117.6755505227327,106.84578285354048,Fair,27.233079561679123,144.67202974989846,31.494525171261504,128.25035185167147,4,False,False,False,True,False,False,False,False,False,False
926.4336503875196,264.4498765288953,Fair,48.15693370408643,144.3194644747925,51.11587402974848,101.51794565828652,4,False,False,False,False,False,False,False,False,True,False
235.11788207603297,50.79751835840448,Fair,32.71234239688509,487.4586896287129,40.89699271482872,289.99807264625105,4,False,False,False,False,False,False,False,False,False,True
960.4614243057962,50.91736508193421,Very Very Poor,39.05569884031389,382.217272392956,46.77933812915417,250.90699251186703,0,False,True,False,False,False,False,False,False,False,False
1134.920162127833,39.96380206604341,Very Poor,21.61269786527837,395.5502908523784,27.179992925253423,257.46391541305974,1,False,False,True,False,False,False,False,False,False,False
118.0,18.20535559522633,Passable,33.97326903720544,480.6694403974493,43.8017832714928,361.318350695241,3,False,False,True,False,False,False,False,False,False,False
472.3326999421792,44.66266993748919,Passable,22.08106470499373,279.63543988213155,31.87065643766748,191.6129052008089,3,False,False,False,False,False,False,True,False,False,False
402.351866782575,68.56183765721993,Passable,32.670602980598375,345.6669924906362,37.380162393867366,270.070531745755,3,False,False,False,False,False,False,True,False,False,False
834.1487355914943,174.87936245574986,Very Poor,28.17697473517429,401.2838947032445,35.80866950146743,279.21198128660933,1,False,False,False,False,False,False,False,False,False,True
1270.526203687902,33.174841365647744,Excellent,26.149540112461477,40.0,35.20371943300841,40.0,6,False,False,False,False,False,False,False,False,False,True
874.6359644643248,93.43919177301568,Excellent,25.32886729715984,40.0,34.35393049335172,40.0,6,False,False,True,False,False,False,False,False,False,False
1091.978231785528,51.117634377670704,Very Poor,25.820899520381023,352.9534503467351,35.17759397695067,263.3022669287861,1,False,False,False,False,False,False,False,True,False,False
1325.640114551495,47.64617938863048,Poor,27.458658513231384,131.5257785881712,32.97024109107038,111.24490551183816,2,False,False,False,False,True,False,False,False,False,False
989.45196457244,105.3097063196798,Poor,42.04319050709091,157.14784611805783,47.22640418161107,93.93259902364356,2,False,False,False,False,False,True,False,False,False,False
1473.5455070799374,70.87258467290029,Poor,28.70512612045291,109.98796296886572,38.1526263956595,104.30002683210236,2,False,False,False,False,False,False,False,False,False,True
1330.7364227391236,76.96159876064218,Poor,24.300937754604654,122.4091502143613,28.142146219835315,104.33710597918574,2,False,False,True,False,False,False,False,False,False,False
612.1452416820918,297.5654407465528,Excellent,37.114746288134434,92.44117361669576,47.78236103158488,40.82271908206272,6,False,False,True,False,False,False,False,False,False,False
768.4031345746515,266.2503852478761,Very Poor,39.3436427321777,356.1826038656915,46.28543984951192,229.3833090053466,1,False,False,False,False,False,False,False,False,True,False
639.4541499969592,62.59973118521739,Excellent,26.30371775814285,128.25787692452064,37.51130921474413,101.05088967485554,6,False,False,False,True,False,False,False,False,False,False
805.9408849167918,99.35855910628756,Fair,35.75763186793055,299.0342200890694,42.019873920271046,219.61983852293227,4,False,False,True,False,False,False,False,False,False,False
691.4408740562965,360.0221430765266,Fair,41.63856188308751,205.3295548267775,46.72967399439081,161.16056367479766,4,False,False,True,False,False,False,False,False,False,False
1018.1951258255935,434.7424211562508,Poor,38.18405444727125,154.72194853321702,47.30019120646568,115.10462061937493,2,True,False,False,False,False,False,False,False,False,False
1302.5492411167668,34.94590613797403,Poor,38.357252419883416,92.92776513048828,43.06901845574258,51.50928295499446,2,False,False,False,False,False,True,False,False,False,False
1353.7534382208842,334.0451972563947,Passable,40.16230837104081,97.2093795203174,44.32523588387008,64.9467386328494,3,False,False,False,True,False,False,False,False,False,False
978.0318736062344,29.10137302316957,Excellent,26.956853271548912,53.35284565139247,37.26395692201449,46.72562864333255,6,True,False,False,False,False,False,False,False,False,False
1255.4739529829253,56.15800067570788,Very Very Poor,29.115845110295744,401.13602150436776,37.608240109176144,289.83580602573835,0,False,False,True,False,False,False,False,False,False,False
118.0,66.66501364910718,Very Poor,55.0,490.89928437863887,62.37259608659904,343.79653906950165,1,False,True,False,False,False,False,False,False,False,False
884.3349641526451,67.19156331996031,Fair,27.33462843638412,264.35192879967866,33.50421928787037,179.06944611378188,4,False,False,False,True,False,False,False,False,False,False
321.7824001669053,135.5293363956115,Excellent,44.1652650272834,139.6837359635802,53.665259049132494,86.09072100995829,6,False,False,False,True,False,False,False,False,False,False
416.0409443778361,116.48007651750352,Passable,33.601087600931905,348.8227176865888,38.17245535544856,273.4700904015342,3,False,False,False,False,False,False,False,True,False,False
1167.6575067977626,87.44930290029819,Excellent,36.57366304617273,40.0,51.04388743191412,40.0,6,False,True,False,False,False,False,False,False,False,False
223.8195885454487,91.5531700708247,Poor,37.07432984637717,390.17376640111297,44.53249863750855,264.83206730016275,2,False,False,False,False,False,False,False,True,False,False
529.8892070951115,23.433769787774768,Very Very Poor,26.396577044623506,542.7893303499925,27.639037732547543,336.4179208058845,0,False,False,False,False,False,False,False,False,False,True
626.3059091915801,38.52873446563809,Passable,29.628840159088707,326.04728942044983,35.21948146791332,236.49509577564265,3,False,False,False,True,False,False,False,False,False,False
1172.373463233745,96.75076549455756,Passable,19.587354919424136,131.84270344128197,28.609283522838957,101.27557331613689,3,False,False,False,False,False,False,False,False,False,True
510.4482692922674,102.59743300991546,Excellent,28.06188329439212,72.72775079109498,39.55575448810893,40.0,6,False,False,False,True,False,False,False,False,False,False
1888.416202135635,291.6784607281592,Excellent,31.62708499588479,40.0,36.97345488386238,40.0,6,False,False,False,True,False,False,False,False,False,False
763.700958195136,179.26166050240514,Fair,41.90191837885975,187.16292729786096,53.56691378475612,122.01338428968032,4,False,False,False,False,False,True,False,False,False,False
760.9115704997104,103.16899615000978,Very Very Poor,27.325075628610698,408.5199559332802,37.11304990937254,262.08672038119414,0,False,False,False,False,False,False,False,True,False,False
987.2383450227568,53.82593659504789,Fair,34.617166361393444,137.90724098020803,42.25858581269549,96.22711572944478,4,False,False,False,False,False,True,False,False,False,False
585.5084907534326,164.2690271148034,Very Very Poor,34.23725774248893,562.6750280726552,42.848272253602325,417.2166028488494,0,False,False,False,False,False,False,False,True,False,False
1767.7847770110975,267.0702142719764,Very Very Poor,29.26231927338332,142.1809080064371,38.61603529675098,93.8886399494677,0,False,False,False,False,False,False,False,True,False,False
118.0,22.13839163955995,Poor,26.617284504113645,419.33690789900425,41.13144426657499,280.30214005631944,2,False,False,False,False,False,False,False,True,False,False
1439.510071365476,98.600734371674,Very Poor,28.9392869881188,236.79992697109196,34.82398595957268,198.85110488289408,1,False,False,True,False,False,False,False,False,False,False
1159.3420618159605,22.509601975785564,Very Poor,36.53447458859749,287.8041370414006,46.250343996159046,252.3360629118036,1,False,False,False,False,False,True,False,False,False,False
883.334452201999,18.885366173984853,Excellent,18.052119380636235,40.0,28.753798601660915,40.0,6,False,False,False,False,False,False,False,False,False,True
705.9535642237153,124.06259908607944,Fair,34.60793682711074,258.370090425711,40.88369362876839,168.7880926756625,4,False,False,True,False,False,False,False,False,False,False
353.3933983323716,110.59710479891072,Passable,35.40814919460326,423.1221294746316,42.475581201976965,346.56555432547304,3,False,False,False,False,False,False,False,False,False,True
445.44120132927327,21.68777808619417,Passable,35.3288046967118,437.2242283055028,39.23157829876492,263.19951361901286,3,True,False,False,False,False,False,False,False,False,False
999.6107274141827,188.9559030738839,Very Very Poor,34.661123661745506,464.9053409213903,39.66687060051268,313.6587321590317,0,False,False,False,False,True,False,False,False,False,False
1050.751165472709,41.24397151744005,Passable,40.69139940540973,165.62715558431975,52.33405309938912,144.1957478319218,3,False,False,False,False,False,True,False,False,False,False
1735.98348070397,109.20830448368666,Very Poor,29.53066022343732,267.5568390541469,37.55795140158687,178.87435749710602,1,False,False,False,False,False,False,False,True,False,False
1003.5333232226972,61.875888761560624,Excellent,22.2669229343136,52.76771877111837,32.74241276091004,47.547767324063614,6,False,False,False,False,False,False,False,False,False,True
554.9164429305324,26.20278091351572,Very Poor,21.577073735642745,454.43146097772006,31.912677068222965,299.9561696816443,1,False,False,False,False,True,False,False,False,False,False
779.2086605432422,65.10626447123303,Fair,42.99954400254527,190.24167362124567,48.2434141549458,117.8189861467919,4,False,True,False,False,False,False,False,False,False,False
765.5856263223172,168.35793250175345,Excellent,47.04923248756316,40.0,51.79080704279738,40.0,6,False,False,False,False,False,True,False,False,False,False
1258.4900839853913,26.487396895740687,Very Poor,25.67768239689572,432.4382967079326,32.9822255828466,268.98892046290297,1,False,False,False,True,False,False,False,False,False,False
470.77421516450624,39.63643770004416,Passable,24.015534120546253,343.94505548756337,30.869308286317064,229.2888252825255,3,False,False,False,False,False,False,False,False,False,True
118.0,106.71001671990126,Poor,43.7659127169982,261.9187502773946,51.39707058016607,215.7234871412894,2,False,False,False,False,False,False,False,True,False,False
1817.1886293567616,90.52904082533428,Very Poor,37.68571649708428,141.5175274963755,39.62533464973622,116.50837997021075,1,False,False,False,False,False,True,False,False,False,False
718.8422788251453,24.44540476425364,Very Poor,23.960651113987407,538.7297045536263,30.358225946452688,417.8552502539959,1,False,False,False,False,False,False,False,False,False,True
411.434952333242,532.8859641938479,Very Poor,55.0,376.84046402241376,65.0,229.43005833994675,1,False,False,False,False,False,False,False,False,True,False
858.9566756806651,29.5929428378913,Poor,28.134280282444763,258.3499285526408,33.22488335763376,164.7550674370435,2,False,False,False,False,True,False,False,False,False,False
587.7658714570706,89.13756825048547,Passable,41.5944070829397,234.8514457631832,50.929029235050514,186.9866289293996,3,False,False,False,False,False,False,False,False,True,False
1145.0213585158272,260.7931066811928,Poor,33.84933511050795,182.76581050482983,42.54973658444701,105.83727809640088,2,False,False,True,False,False,False,False,False,False,False
627.5888626103385,52.3456336494532,Very Very Poor,32.01602667528829,603.1673240809043,37.65682485615152,482.1835340384987,0,False,False,False,False,True,False,False,False,False,False
836.9787294273024,365.76869853242505,Poor,48.710575620793726,140.06555500666715,56.48420280098595,79.99834621530387,2,False,True,False,False,False,False,False,False,False,False
118.0,174.21473140334294,Passable,55.0,218.707611921346,65.0,152.11566822253064,3,True,False,False,False,False,False,False,False,False,False
1143.5226783999342,10.779783725912688,Poor,44.11281255893337,116.78346894854002,51.18278041324494,110.64212561743132,2,False,False,False,False,False,True,False,False,False,False
135.9228623870897,43.23275593235602,Poor,47.4357999593537,337.1189513484416,52.01412213709088,245.83083585562176,2,False,True,False,False,False,False,False,False,False,False
266.7426072724781,66.44185927463192,Fair,39.492410627878,434.5547597746885,45.58291859513082,334.6620287382114,4,False,False,False,False,True,False,False,False,False,False
1072.3332539758512,77.72372982766552,Passable,32.0799507009601,227.25090063138407,39.13187898126424,178.2452933884573,3,True,False,False,False,False,False,False,False,False,False
1094.0220679429915,35.31917099987613,Fair,21.76577572419842,185.3442502382821,29.16387291654056,126.1542556936034,4,False,False,False,False,False,False,False,False,False,True
483.0168182053935,61.72916722676771,Poor,40.44622065759298,272.1840403751053,47.389619532036846,202.84314475126988,2,False,False,False,False,False,True,False,False,False,False
809.694579373719,197.75780993437044,Excellent,37.32455821751567,40.0,43.80433514515105,40.0,6,False,False,False,False,False,True,False,False,False,False
307.7772600517743,40.16687555607517,Very Poor,32.9473993323106,625.9044915222682,34.58407880656327,422.4784709423176,1,False,False,False,False,True,False,False,False,False,False
400.758067872286,72.81806409839903,Excellent,32.29287525907005,159.8852380222491,37.43864922774214,105.74702666745792,6,False,False,False,True,False,False,False,False,False,False
983.975100190979,135.82488674618838,Very Very Poor,41.28448921715748,397.1955181507727,52.389039490696376,219.67497638986492,0,False,False,False,False,False,False,False,False,True,False
220.06666214050423,48.33449092283248,Fair,24.064102701053116,419.6785074636941,32.423250913110806,316.0489172177417,4,False,False,False,False,False,False,False,False,False,True
236.2769857279468,91.31725900233506,Excellent,33.36367782193323,112.1004169680802,36.61830775855304,69.09821487773453,6,False,False,True,False,False,False,False,False,False,False
485.7725169954683,162.9343949540855,Poor,34.52553726686559,293.9649036996805,39.94787838192308,241.5560930707421,2,False,False,False,True,False,False,False,False,False,False
1158.5271744607212,186.1502151913253,Very Poor,31.13911452920905,399.9135393951224,40.94065443800724,257.5217919198396,1,False,False,True,False,False,False,False,False,False,False
778.0731231289113,124.08520801510768,Excellent,22.94371324333793,40.60876523860073,33.04587369580929,40.0,6,False,False,True,False,False,False,False,False,False,False
1416.799469152687,268.57805335420846,Poor,38.24999931122037,124.57416426879249,48.158372638259976,63.73975313755216,2,False,False,False,True,False,False,False,False,False,False
1204.176344134111,89.99343866177291,Poor,34.11454194298997,88.22997528878247,43.94178756459501,46.966594719101344,2,False,True,False,False,False,False,False,False,False,False
1322.9266179482995,113.4311465980408,Poor,33.078988588334525,153.06219922051363,40.42842867253374,114.15379595324713,2,False,False,False,False,True,False,False,False,False,False
750.9957495081101,26.232623961694674,Very Poor,23.947358212744827,470.881569127232,28.704033611942297,291.93452082074884,1,False,False,False,False,True,False,False,False,False,False
367.3609945827035,86.08946036566789,Passable,45.928058671639015,267.3609619896546,51.44227948352047,188.23244999673943,3,False,True,False,False,False,False,False,False,False,False
216.23008553288207,26.235647137801,Very Poor,27.277296803335485,588.3663653975806,34.02310559815312,429.4884753379043,1,False,False,False,True,False,False,False,False,False,False
1017.3583752933156,161.8666992887563,Very Poor,27.907353612947155,466.07241667041455,39.26237968846705,325.2780652074107,1,False,False,False,True,False,False,False,False,False,False
118.0,312.0444588019575,Fair,55.0,40.0,65.0,40.0,4,False,False,False,False,False,False,False,False,True,False
908.4823160873808,48.85216396173497,Poor,21.593417828221128,231.81524387978428,29.347608884432383,145.8261037644683,2,False,False,False,False,False,False,False,False,False,True
904.903457118318,50.771489865164206,Very Poor,37.48491041141856,350.7423354702853,42.83097036690542,271.3925989883288,1,False,False,False,False,False,True,False,False,False,False
755.5655080200933,87.35871556827449,Fair,30.500059341849628,279.6813090523905,37.35514630474701,172.02372783762627,4,False,False,False,True,False,False,False,False,False,False
183.45459762200085,22.976204039381187,Passable,28.766537740799205,418.50081362118095,34.55417510743099,311.93748908582194,3,False,False,True,False,False,False,False,False,False,False
701.5888927797012,118.5712869372787,Very Poor,28.747996076953225,545.2544037370652,41.20187646721002,345.86293632227773,1,False,False,False,False,True,False,False,False,False,False
849.2816702452121,86.94388544710174,Very Poor,25.719813169090767,441.1772636439352,33.40295575212323,349.80490339365895,1,False,False,False,False,False,False,True,False,False,False
1582.662735042014,71.58367970992244,Passable,19.59281638973265,62.31661499644121,31.829354887320488,42.32955890134637,3,False,False,False,True,False,False,False,False,False,False
118.0,53.66604205939893,Poor,47.75818042078236,332.2296307027585,56.65747589123436,230.64973099232088,2,False,False,False,False,False,True,False,False,False,False
292.0831683302694,84.4007686870195,Poor,37.49531620758364,371.0224213459408,42.36966087077825,236.48600468042497,2,False,False,False,True,False,False,False,False,False,False
949.8232129842836,227.9168417422692,Fair,34.97013369213292,250.32285536760767,47.29485410236583,153.66681488153296,4,True,False,False,False,False,False,False,False,False,False
612.9822995885245,79.50238873288116,Very Very Poor,34.146058080046,606.3822723808163,42.910408717407726,389.84259945751865,0,False,False,False,False,True,False,False,False,False,False
118.0,47.6060933913444,Very Poor,41.57478246127257,574.7597486397103,47.30227354727737,400.9131406665245,1,False,False,False,False,True,False,False,False,False,False
1361.8952223610888,45.87061293205891,Passable,45.618581862787735,89.64151544113008,54.13276003422544,57.4920255070714,3,False,True,False,False,False,False,False,False,False,False
1310.8786927112887,167.67397705322784,Passable,29.540825665274497,160.3476375659887,42.45037644308465,123.92322901006418,3,False,False,True,False,False,False,False,False,False,False
374.3333396315573,116.79511904851324,Excellent,35.76374017427847,192.35932835023544,43.8733065140166,159.83960510999043,6,False,False,False,False,False,False,False,False,False,True
948.6006552297132,383.7277108147685,Excellent,40.73112368367477,40.0,47.81215609976719,40.0,6,False,False,True,False,False,False,False,False,False,False
719.4859309608302,34.08228892551804,Passable,25.27236402180587,281.96876968544973,27.64098379869404,208.9902932451745,3,False,False,False,False,False,False,False,False,False,True
631.7632732369522,38.17522433577093,Passable,35.53750453420406,220.31196552806347,42.20169217972232,164.6252518983423,3,False,True,False,False,False,False,False,False,False,False
118.0,80.90202322035523,Fair,41.446315287328886,379.4851693321986,49.085792554172215,281.5635018457493,4,False,False,False,False,False,False,False,False,False,True
773.4885097987985,55.1982423236524,Excellent,33.23305689964855,40.0,42.85116025097942,40.0,6,False,True,False,False,False,False,False,False,False,False
463.9440666301117,67.38842007037383,Poor,42.92217579520495,255.2478055592952,48.5435397707484,197.79584271447797,2,False,False,False,False,False,True,False,False,False,False
274.3901669145261,72.91691739113574,Very Poor,32.053423439531166,551.0555580636513,41.952828072577866,420.18528429293696,1,False,False,False,False,False,False,True,False,False,False
851.4974707943701,150.76716118490725,Passable,38.53483113362257,290.1867277386622,40.17922182076156,204.6694755519161,3,False,False,False,False,False,False,True,False,False,False
918.4186378535863,77.93524016392692,Very Poor,29.13177802689325,389.3317314780937,34.228281183891184,310.73649552373115,1,False,False,True,False,False,False,False,False,False,False
1225.84054938656,91.07903981595636,Fair,29.621030035055764,155.61508169696742,36.24714642931019,113.7199854859792,4,False,False,False,False,False,False,True,False,False,False
776.4915935307113,80.49670809046812,Very Poor,29.557116341141096,466.9344776528434,35.69801806755298,321.1835605748747,1,False,False,True,False,False,False,False,False,False,False
1078.1000932101915,67.31443046901857,Very Very Poor,39.23159132098772,296.6862922871766,51.19185270589968,174.58341663092526,0,False,True,False,False,False,False,False,False,False,False
1501.2658000253828,28.20542003483193,Excellent,23.31546925392613,40.0,35.51404639257246,40.0,6,True,False,False,False,False,False,False,False,False,False
118.0,15.990942102437751,Poor,25.8110424212572,412.6618223761856,32.642620676826816,307.6004318576073,2,False,False,False,False,False,False,False,False,False,True
1888.4018535099335,54.080423984065376,Very Very Poor,23.539263845480964,275.889022808692,32.084835337573324,168.53077946535294,0,False,False,False,False,True,False,False,False,False,False
867.2792285343671,76.24233669036474,Passable,28.762297854939483,231.1034755762363,33.92987656173258,187.01568229540948,3,True,False,False,False,False,False,False,False,False,False
869.5962772546839,57.45135796695983,Fair,20.9281660781203,212.3150044420668,32.973107650210586,170.76559727706146,4,False,False,True,False,False,False,False,False,False,False
1502.9289838375244,70.82083640652819,Excellent,39.449231076234526,40.0,46.63260770584432,40.0,6,False,False,False,False,False,False,False,False,True,False
118.0,81.18766873642396,Very Very Poor,49.09717533899116,560.1284319084651,49.85257188355432,357.73344755414627,0,False,False,False,True,False,False,False,False,False,False
360.00202586846984,56.83397431668543,Excellent,27.738845045859936,153.22818613017918,35.392383630058355,110.96812922598626,6,False,False,False,True,False,False,False,False,False,False
1244.5753088506942,200.83417666174776,Poor,39.42100646589557,93.70223818998151,52.35853974312671,54.04035390423937,2,False,True,False,False,False,False,False,False,False,False
484.2079320714783,248.11846894731983,Fair,38.70383427117317,307.9837432668197,45.74644411480437,204.4479218146449,4,False,False,False,False,False,False,False,False,False,True
1165.200815961738,82.13454098025197,Passable,29.64586007017341,131.2615956746673,26.775394596933342,105.28051709665068,3,False,False,False,True,False,False,False,False,False,False
1351.054716082248,235.39654393074792,Very Poor,32.867205282674746,327.0020427402012,39.96848069795045,241.0284370239434,1,False,False,False,False,True,False,False,False,False,False
118.0,11.639442374784556,Poor,35.72776628428187,331.904827429431,40.98174556590726,228.69095999534497,2,False,False,False,False,False,False,False,False,True,False
1535.1294323173306,132.6767111857173,Poor,35.18070117274921,40.0,41.47133774593389,40.0,2,False,True,False,False,False,False,False,False,False,False
1296.573863107226,49.76357630204949,Very Very Poor,26.011772917603217,319.8971353412018,34.81003150355144,196.9402187221584,0,False,False,False,False,True,False,False,False,False,False
427.1647940563866,41.70244694790024,Very Very Poor,32.167436194368506,635.4079158057737,40.41605682013836,399.0199478533458,0,True,False,False,False,False,False,False,False,False,False
867.4193057606971,56.72789054601699,Fair,25.75155235883193,231.73686987075135,35.58880139216824,160.97897807269243,4,False,False,False,False,True,False,False,False,False,False
411.84659982118745,112.6685357716754,Passable,43.71283637057342,291.2261847786868,55.34367808904204,237.6692052250547,3,False,True,False,False,False,False,False,False,False,False
258.92755311833497,110.60264116983932,Very Poor,51.43175923049477,473.1491168912753,56.06567512630836,318.6597055330448,1,False,False,False,False,False,False,False,False,True,False
1388.8749427176947,92.39813613619692,Excellent,26.7799566009532,40.0,29.598611680090944,40.0,6,False,False,False,False,True,False,False,False,False,False
1477.1100575486068,48.4517280336327,Very Very Poor,20.85070048664405,234.93295666330687,31.911824007817387,163.70502472346192,0,False,False,False,False,False,False,False,True,False,False
854.2104971054728,77.00984298208793,Very Poor,22.90041604033213,446.72853839036094,26.093464779217445,323.63925850529824,1,False,False,False,False,False,False,False,False,False,True
489.6442290397799,134.65920578020643,Excellent,38.46677612503161,175.64061023543923,45.238665497688665,123.92717269125018,6,False,False,False,False,False,False,False,True,False,False
914.2370244208106,112.06079797786732,Poor,37.166241660884936,242.38450161811323,41.28001002623911,192.4036019042338,2,False,False,False,False,True,False,False,False,False,False
190.71832216960047,75.62229893496999,Excellent,45.16796102499821,83.13414169380268,49.64258711568727,54.19769448237162,6,False,False,False,False,False,True,False,False,False,False
1408.5253057954778,61.85093544523717,Fair,33.80471836635431,55.16671509723089,47.27702408261163,40.0,4,False,False,False,False,False,True,False,False,False,False
1264.3683209586732,141.7595960978597,Poor,35.45990470170586,175.30457541464443,40.6590578161328,132.51202255086088,2,False,False,False,False,True,False,False,False,False,False
521.3419966182141,108.9813914333461,Very Very Poor,33.77053972189068,608.0778416126234,45.03294186230639,377.3538989160662,0,False,False,False,True,False,False,False,False,False,False
1139.7988356658236,60.1219862468346,Very Very Poor,41.28468480632269,306.085650478021,46.23040835003816,244.03381647644372,0,False,True,False,False,False,False,False,False,False,False
663.1644717483501,437.4388989642918,Poor,46.901750032214665,278.2519119680445,56.39056072628598,160.5490364919838,2,False,False,False,False,False,False,False,False,False,True
658.5915885566536,141.16604275643124,Fair,48.10388279809567,279.98573923769595,57.14817718129959,189.47245099231236,4,False,True,False,False,False,False,False,False,False,False
118.0,92.72477373816344,Poor,51.13532303059117,340.80410254686456,55.56526329072479,226.42754119666748,2,False,False,False,True,False,False,False,False,False,False
1515.734232610594,56.25370581301723,Passable,25.371749180360787,76.88942364558122,34.51749518161091,58.63005811768617,3,False,False,False,False,False,False,True,False,False,False
281.1074662199854,36.53744348412144,Poor,40.92363033315278,315.13047640041395,49.959518838374606,248.54602707548784,2,False,True,False,False,False,False,False,False,False,False
422.0325880722919,495.8037554853388,Very Very Poor,55.0,351.29081594230314,65.0,226.9074334649177,0,False,False,False,False,False,False,False,False,True,False
422.72332954974297,69.10326337932798,Fair,33.67435688680932,402.3929150905922,40.48679882383107,278.98287181483454,4,False,False,False,False,False,False,False,True,False,False
118.0,21.496308819519623,Very Poor,52.75325044540195,753.1012451444257,55.57530411471824,615.9503864018413,1,False,False,False,False,False,False,False,False,True,False
1139.8708121254567,64.58022540199457,Excellent,31.989554915917545,40.0,33.25242048865285,40.0,6,True,False,False,False,False,False,False,False,False,False
685.5375837645684,27.262759513005083,Passable,29.09783090097817,295.38526231264655,35.70323130032317,170.96545709629112,3,False,False,True,False,False,False,False,False,False,False
580.6149632544519,111.01667512792908,Excellent,37.5866243006554,40.0,47.35918819025427,40.0,6,False,False,False,False,False,False,False,False,True,False
250.1304101956556,101.5334755659582,Very Poor,51.71953350870989,568.4293343288666,55.58550891940752,366.5140644929477,1,False,False,False,False,False,True,False,False,False,False
118.0,74.53118616592886,Poor,51.61147129021048,295.37434496477283,62.37041672016144,219.40798609828173,2,False,False,False,False,False,True,False,False,False,False
828.3931730966385,165.27105542541253,Passable,28.22248663263163,231.8857260706416,38.84562968178669,153.91218111449837,3,False,False,False,True,False,False,False,False,False,False
684.1063583718793,102.67441728258083,Very Poor,40.86425195127576,462.7606019374808,51.62808208359617,365.3995638696786,1,False,False,False,False,False,False,False,False,True,False
446.249080449566,184.02737138876697,Passable,49.407167954748566,242.89016951771453,58.64943565642236,174.46766166418467,3,False,False,False,False,False,False,False,False,True,False
314.74208319804336,80.2714663530121,Poor,43.26184925554363,296.15679286125874,53.72227546737663,218.6293446235016,2,False,False,False,False,False,False,False,False,True,False
118.0,61.57778482158612,Very Very Poor,55.0,701.541676976721,65.0,450.5055605549005,0,False,True,False,False,False,False,False,False,False,False
420.1579630107058,133.80480627846504,Very Very Poor,37.18077900861236,688.6496907667504,46.83312768497304,550.6387789196249,0,False,False,False,False,True,False,False,False,False,False
799.7956559709895,89.71957737018226,Passable,27.74950969773393,266.3087428674756,35.59416925233605,159.87650124728364,3,False,False,True,False,False,False,False,False,False,False
829.1613070572357,168.19410883394795,Very Very Poor,38.08476721757551,412.058438187005,46.33364149336676,263.5195274569501,0,False,False,False,False,False,False,False,False,True,False
600.5365692366165,151.97069391382385,Fair,52.08680463464983,255.78608992991545,61.8780743052903,156.2898674575867,4,False,True,False,False,False,False,False,False,False,False
118.0,140.98061034993498,Excellent,55.0,106.74071557735456,65.0,55.90870515568055,6,False,False,False,False,False,False,False,False,False,True
699.2091310125888,194.59938941455331,Poor,37.01109895155271,317.0659489383777,47.1123909038237,196.77107275911985,2,False,False,False,False,True,False,False,False,False,False
241.2578953037117,19.297954583341337,Very Very Poor,32.135629837964416,660.4392242922672,37.556155567924606,489.3358046078747,0,False,False,False,False,False,False,True,False,False,False
1087.9971059037507,61.77071731016237,Passable,29.87324133689712,197.46839633458137,35.82892827519711,144.03694697498847,3,False,False,False,False,False,False,True,False,False,False
161.45861622791926,266.9018188467269,Fair,55.0,149.93804073237592,65.0,104.68465556516048,4,False,False,False,True,False,False,False,False,False,False
1262.2471466465322,128.66727308979765,Very Very Poor,36.56054393454418,312.9937322600708,42.81350467483942,195.0155503772765,0,False,False,False,False,False,False,False,False,True,False
118.0,390.956480340815,Excellent,55.0,40.0,65.0,40.0,6,False,False,False,False,False,False,True,False,False,False
641.8104725704397,77.49138612480236,Passable,29.683311721207676,308.0599889427933,38.79737974710199,198.0276788167535,3,False,False,False,True,False,False,False,False,False,False
708.1445295758692,112.82048618828206,Poor,27.108679482568142,297.93090240447543,32.58182746263625,194.49322682103556,2,False,False,False,False,False,False,False,False,False,True
260.7460215339405,121.96848526433212,Very Very Poor,37.00301358439293,636.89521114512,44.55660480692511,468.60930392403424,0,False,False,False,False,False,False,False,True,False,False
828.0914613201771,118.63455114188748,Very Poor,40.342623414418654,315.4593716843558,41.30785186575512,220.1975030001564,1,False,False,False,False,False,False,False,False,True,False
896.4160735376291,61.60510704794825,Passable,21.999698970928566,218.0142009964957,28.60266816157418,144.97048794187185,3,False,False,False,False,False,False,True,False,False,False
1104.5494172277697,108.73888059325655,Fair,23.59922142715168,201.2103546308976,27.94942623924595,134.28044433528748,4,False,False,False,False,False,False,False,False,False,True
1435.1465674950314,356.3514682650894,Excellent,30.82381258969684,40.0,33.78608350503302,40.0,6,False,False,False,False,False,False,False,False,False,True
370.922751383284,49.46639640578708,Passable,30.25767856025434,373.53476057924087,39.92229265849519,241.99130637193065,3,False,False,False,False,False,False,False,True,False,False
375.8064934881252,104.51624360763782,Very Poor,33.54938019284054,765.2194813431624,38.647513420297024,559.33744666212,1,False,False,False,False,False,False,False,False,False,True
1411.366678239143,168.3901615622085,Very Poor,31.96363177332047,284.57293848078,35.08937397772483,223.93920095490245,1,False,False,False,False,False,False,True,False,False,False
343.5250442657893,101.15389132967393,Very Very Poor,37.34739036344008,641.0098423040978,41.44196188441923,383.4301693591819,0,False,False,True,False,False,False,False,False,False,False
250.2155697973976,58.60268142371705,Fair,31.12511640192764,354.7603168082939,42.98810498143228,292.06160592050435,4,False,False,False,False,False,False,True,False,False,False
1246.230774729283,138.06129337846986,Excellent,29.55017513379473,40.0,38.33064050212664,40.0,6,False,False,False,True,False,False,False,False,False,False
536.3971379237366,117.1525999247119,Very Poor,40.86678345515816,444.69915640320863,54.23698318864072,351.1983788543338,1,False,False,False,False,False,True,False,False,False,False
1356.10183063251,203.025601194576,Poor,22.584559937296195,102.43464708527542,27.77607839469344,81.29686669934877,2,False,False,False,False,False,False,False,False,False,True
543.2748169981276,31.783034995767807,Very Poor,27.834553526784656,506.8233994586491,36.36381643671125,315.9675696088371,1,False,False,False,False,False,False,False,True,False,False
933.5887618287762,36.7860180932074,Fair,26.200154488138818,220.13952615299084,30.412225811096143,155.70429993676336,4,True,False,False,False,False,False,False,False,False,False
1421.971454995055,71.30430254284369,Passable,24.01359334715565,92.74427447118616,36.61591612369593,54.15138638224386,3,True,False,False,False,False,False,False,False,False,False
255.42637625070856,181.9353182900837,Excellent,48.338095638178025,144.52901036264808,55.80729470716925,88.04645002488921,6,False,False,False,False,False,False,True,False,False,False
893.7788859448077,200.0419939018553,Poor,29.717442732378014,239.6936163440901,33.80111114949932,142.95896180400683,2,False,False,False,False,False,False,False,False,False,True
208.7768995987467,78.82333637150599,Passable,37.38738459669357,361.9082876040754,41.04475217158716,246.93691496266004,3,False,False,False,False,False,False,False,True,False,False
913.9455163672276,15.248869817367234,Passable,33.72550439659486,184.85198077068188,37.55204903651523,137.94868523404585,3,False,False,False,False,False,False,False,False,True,False
632.2029873384697,47.67810216679666,Excellent,37.97550496222061,59.00726911132898,46.64213626258925,42.308190078430215,6,False,True,False,False,False,False,False,False,False,False
501.6249509923824,220.295711774244,Very Very Poor,47.9422135922456,396.7716907345749,57.84126205700741,298.98545061356606,0,False,False,False,False,False,True,False,False,False,False
1329.7013155601285,127.05834266623523,Very Poor,32.35193958151068,323.3844257698852,39.79812011966506,269.97024054814204,1,False,False,False,True,False,False,False,False,False,False
118.0,89.29199936993,Fair,45.61156196332765,327.80595520898845,59.15546909610433,238.502950266154,4,False,False,True,False,False,False,False,False,False,False
987.8769332106142,71.6198853885286,Poor,41.64227021127711,126.03879603998584,49.21516589129473,96.94559029977135,2,False,False,False,False,False,True,False,False,False,False
489.4276741267981,150.90441060031245,Fair,32.89468523596,324.4725027416427,37.72678944763501,195.1871771264898,4,False,False,True,False,False,False,False,False,False,False
1225.115955029935,305.24180448701395,Fair,29.605906767052986,118.00239369553536,33.99748989482098,83.4639122525764,4,False,False,False,False,False,False,False,True,False,False
444.8970369617531,50.89799596230972,Very Poor,27.400980776755475,580.5824239938545,36.34499706795591,417.4379871506504,1,False,False,False,False,False,False,False,False,False,True
591.9195836342143,52.77375344022151,Passable,34.26073840912375,373.6216487019685,44.30212003432737,284.49369111760154,3,False,False,False,False,False,False,True,False,False,False
1250.366336681268,284.5005721294158,Poor,33.21135438025008,132.96689804734277,37.26889485244458,77.44029757681888,2,False,False,True,False,False,False,False,False,False,False
1114.4328284157295,185.4134779903225,Fair,44.01969117481036,102.35614570425902,53.89502067842273,86.11502462601707,4,False,True,False,False,False,False,False,False,False,False
1042.8733586867586,192.64498069913355,Very Very Poor,27.44494092437716,435.358872304125,32.81445897437718,275.15954264426784,0,False,False,False,False,False,False,False,False,False,True
118.0,352.2008558221624,Excellent,55.0,40.0,65.0,40.0,6,False,False,False,False,False,False,False,True,False,False
654.0815630613346,16.386477001950155,Poor,36.56751882455286,283.6928118619991,45.853193133267226,147.33854907521925,2,False,True,False,False,False,False,False,False,False,False
917.3520488386558,114.26505279573756,Very Very Poor,39.24782508653813,387.8444056241005,50.58326554152802,251.88069168457417,0,False,False,False,False,False,True,False,False,False,False
609.9221038053798,22.099085748362956,Very Poor,32.705994349750775,641.4431517711712,38.34855089618758,438.7309199831796,1,False,False,False,True,False,False,False,False,False,False
1421.401967481189,110.85942487755288,Passable,32.027938922806165,146.8875869913675,38.369192623926985,72.95107913134663,3,False,False,True,False,False,False,False,False,False,False
918.2320916320884,45.19997122591728,Excellent,33.642498635396514,40.0,33.27162376138672,40.0,6,False,False,False,False,True,False,False,False,False,False
1251.5247934783742,31.776937690701693,Passable,26.830695080557945,171.94060247847068,32.57788801188266,120.04680814666796,3,False,False,False,True,False,False,False,False,False,False
800.5222311811549,80.80468552792387,Very Very Poor,21.460763203165182,426.9412477278666,31.07529403778323,272.2664607483044,0,False,False,False,False,False,False,False,False,False,True
453.26678489320926,29.87236088184315,Excellent,25.213806656328785,108.55985533511888,32.80844271780745,86.85272563675821,6,False,False,False,False,False,False,True,False,False,False
118.0,140.02334660109585,Very Poor,55.0,393.697492827556,65.0,260.13670562395856,1,False,False,False,False,False,True,False,False,False,False
633.0125009785723,98.39375578920666,Poor,28.582570130924253,291.97365975716315,40.4075355740332,226.5265372509073,2,True,False,False,False,False,False,False,False,False,False
172.15673729312243,16.101919329816855,Passable,26.71915404152372,422.8629275048016,35.59663933276039,251.63646485166225,3,False,False,False,False,False,False,True,False,False,False
981.3830661465324,27.825589560908963,Very Very Poor,41.640671497826666,344.8076421890336,43.26175195199888,245.1529340231324,0,False,True,False,False,False,False,False,False,False,False
548.732230423431,145.5566384471689,Very Very Poor,29.254442526986686,463.9426219684007,37.09296221149621,309.6182154931111,0,False,False,False,False,False,False,False,False,False,True
627.1003410325507,102.68754874143782,Very Very Poor,25.81138304791187,535.2343088141608,34.36811017698921,382.6849928271453,0,False,False,False,False,False,False,False,False,False,True
821.3981621011218,20.261184168983156,Passable,16.451569312786425,246.69068150924332,26.82995914831185,176.19471370729386,3,False,False,False,False,False,False,False,False,False,True
322.3133906380155,220.8364105968954,Passable,55.0,280.6917046166007,65.0,212.1005845231292,3,False,True,False,False,False,False,False,False,False,False
637.6858094534213,91.56207148890634,Poor,32.70011756440591,343.4868238681524,39.38976779891533,284.3947369966079,2,False,False,False,False,True,False,False,False,False,False
316.582788086877,99.50740590158028,Very Very Poor,37.19280026397316,497.7058847620154,45.59230193526072,361.7243679678521,0,True,False,False,False,False,False,False,False,False,False
501.9492451835741,94.3659176092814,Very Poor,45.35059569866484,496.5093701283109,52.6757312202777,349.5852627473495,1,False,False,False,False,False,False,False,False,True,False
782.4436894514848,62.97480700244466,Very Very Poor,31.68016443283931,530.9004827347546,35.85090040525542,349.9780406859373,0,False,False,False,False,False,False,True,False,False,False
1389.5199442239204,65.83845756899365,Passable,33.29649806798872,151.62570790337375,39.015858264585,111.88369560454106,3,True,False,False,False,False,False,False,False,False,False
677.1219265883706,88.19436767930281,Fair,47.16762368425482,281.3224089802452,55.01567439755424,162.17766012556973,4,False,False,False,False,False,True,False,False,False,False
250.99957722015392,34.757200002336496,Very Very Poor,24.75131421430907,587.7423919819283,33.94409550149284,384.6726505072597,0,True,False,False,False,False,False,False,False,False,False
865.6937888698629,74.42370974502464,Passable,37.1325177728538,196.71333770241844,49.15727323841783,106.40687598829132,3,False,False,False,False,False,True,False,False,False,False
685.8505066118614,27.551949066345188,Fair,23.87144827750645,298.0633239893141,32.5370437380195,214.0196269110686,4,False,False,False,True,False,False,False,False,False,False
118.0,172.48053589748116,Poor,55.0,226.60946560937748,65.0,129.20357026008278,2,False,False,False,True,False,False,False,False,False,False
506.3315891640653,64.98572585761713,Very Very Poor,36.05930472828992,729.8519427465942,43.09994697489115,556.7003978914565,0,False,False,True,False,False,False,False,False,False,False
1219.5669599605642,20.156787323280817,Excellent,19.998376877311006,40.0,34.63255683153945,40.0,6,False,False,False,False,False,False,True,False,False,False
832.7797159115836,263.4665854108521,Poor,44.6964436280804,165.0569794839843,55.210372605968814,95.595409747444,2,False,True,False,False,False,False,False,False,False,False
296.0709152465497,21.232644027112944,Fair,27.992863609381164,369.5983579950257,33.29553756731659,275.2478782028841,4,False,False,False,False,True,False,False,False,False,False
1008.0866196513824,65.78302723723641,Passable,32.9523359334445,257.2198843596958,39.71856809927456,180.8149650010293,3,False,False,True,False,False,False,False,False,False,False
881.6069887405193,83.33477784877667,Poor,36.723642968115946,148.10868559087345,38.394855420428,112.41113382681895,2,False,False,False,False,False,True,False,False,False,False
1593.6411092278115,80.5996823704691,Fair,30.78082821330201,51.87119920716261,32.620602860402755,52.54298219819171,4,False,False,False,False,False,False,False,True,False,False
600.4258046094862,98.4622701492095,Very Very Poor,30.033492573764423,454.14807567100297,40.424922202121216,339.480906664828,0,True,False,False,False,False,False,False,False,False,False
641.9521249593204,40.1532836624075,Fair,30.05885206157142,219.55028607784436,42.67154380717395,126.2211257544719,4,False,False,False,False,False,False,False,False,True,False
501.6814139200151,88.75849973632504,Passable,34.497686505123966,327.09620430041014,36.378390689164576,225.2999637759252,3,False,False,False,False,True,False,False,False,False,False
662.6966304996375,67.09554866861471,Very Very Poor,26.40405727478865,513.1625599434892,32.27862854163133,408.9412612181083,0,False,False,False,False,False,False,True,False,False,False
118.0,138.1317382193175,Very Very Poor,55.0,642.7319748702281,65.0,478.4926510383394,0,False,False,False,True,False,False,False,False,False,False
1125.8825147738603,153.73489311723867,Very Poor,32.47641244093687,448.6613433050697,37.12058418928542,342.796124774291,1,False,False,False,True,False,False,False,False,False,False
1365.5603474114828,68.5242578215243,Very Very Poor,23.596754089186845,296.69000243753186,35.97336774644135,193.97786477969947,0,False,False,False,True,False,False,False,False,False,False
247.30534643819144,178.99992992937985,Very Very Poor,45.54879875159816,620.7418043009685,50.94504904305187,438.58830289763023,0,False,False,False,False,False,False,False,False,False,True
842.863677189452,398.992192363569,Passable,31.32627441940399,165.14312126455008,40.97409258108512,131.6165578883899,3,True,False,False,False,False,False,False,False,False,False
503.43202002478415,78.07349653115648,Passable,41.918520118533245,262.3467256557738,51.33963021419287,169.86076812036993,3,False,False,False,False,False,False,False,False,True,False
1430.049256383334,600.0,Very Very Poor,35.617353323935106,245.20934142159007,46.121577940318,154.4183845431879,0,True,False,False,False,False,False,False,False,False,False
679.3592980569142,61.37958270700943,Fair,26.70364253205381,274.76187042372146,35.071148835510925,174.93014251213967,4,False,False,False,False,False,False,False,True,False,False
1288.610382160627,33.22211516112257,Fair,30.07814849455162,156.6847549171499,34.33033085937498,107.49737440577374,4,True,False,False,False,False,False,False,False,False,False
572.4375282151302,50.23163702900577,Poor,27.720892841628185,324.107771300357,33.97521368163633,226.8005302587653,2,False,False,False,False,False,False,False,True,False,False
890.682840360824,91.25752849904865,Very Poor,26.39323207625575,493.4653299799917,31.10344479347261,310.4359128735986,1,False,False,False,False,False,False,False,False,False,True
1070.9382301098794,69.7568067197,Fair,24.428962126732312,282.0837877690961,33.18569393554306,229.2969278644792,4,False,False,False,False,False,False,False,False,False,True
702.4484166259506,94.46762409298204,Poor,28.16672273951872,282.7413777528446,38.07779443434447,190.0336610385798,2,False,False,False,False,True,False,False,False,False,False
693.8161831370616,53.98041352332268,Excellent,23.99589965152913,115.09114299317032,36.38975338795651,96.42072170026172,6,False,False,False,False,False,False,False,True,False,False
787.3934452671508,227.7762784319252,Excellent,27.49283596347936,71.22193846541509,34.08334694985971,41.72040841988471,6,False,False,False,False,False,False,False,False,False,True
1381.8370538783304,178.8232220193168,Very Very Poor,28.34405398422632,315.2666897808108,35.83803596213258,203.85255710610068,0,False,False,False,False,False,False,False,False,False,True
570.5702880641454,137.00513486583787,Very Very Poor,35.50415397074499,451.350196255545,48.31117477383928,301.5353070351421,0,False,False,False,False,False,False,False,False,True,False
459.4423469058085,90.1138901803087,Fair,27.392033366560277,297.9358169597824,35.637200686394,196.1252988218882,4,False,False,False,False,False,False,True,False,False,False
1937.5913504136845,140.75866002261083,Passable,30.31358264106913,40.0,36.23436292333066,40.0,3,False,False,False,False,False,False,False,True,False,False
597.555103870591,388.6064419310304,Poor,47.60623762913389,292.0926673693314,53.87140049665616,211.82299553600663,2,False,False,False,False,False,False,False,False,False,True
428.531937532804,39.039919565152935,Very Poor,34.044803466366815,384.7923285773833,39.9552345496904,244.1612227049368,1,False,False,False,False,False,True,False,False,False,False
703.3476053566816,28.196794144574408,Fair,27.431756742479035,301.32731508228017,33.49810981165267,227.1913880269238,4,False,False,True,False,False,False,False,False,False,False
988.4848579155014,77.22917935358949,Fair,24.46275968933708,178.73710785890498,34.24968006225665,116.93182297474358,4,False,False,True,False,False,False,False,False,False,False
508.8435064250376,220.3758955682536,Excellent,55.0,40.0,64.51242344527859,40.0,6,False,False,False,False,False,True,False,False,False,False
696.2424863613683,337.67247788241684,Passable,55.0,188.4467634561933,60.15102623987989,120.19846136899535,3,False,True,False,False,False,False,False,False,False,False
993.438044204461,134.43928474395543,Passable,30.53109614295582,192.01461898304,38.464800587369226,138.97780276712638,3,False,False,False,True,False,False,False,False,False,False
465.8177554323005,47.70519434935566,Passable,21.331052900350684,299.416443883891,30.537874932057143,179.67247876590554,3,False,False,False,True,False,False,False,False,False,False
465.0416020209777,234.0091177564713,Passable,32.72128123203608,253.298505735446,42.91065078474372,151.19756286038,3,False,False,True,False,False,False,False,False,False,False
562.642574346152,146.1027739167665,Very Poor,45.67043005122386,427.7407715484641,51.98575586640351,313.5767953767485,1,False,False,False,False,False,True,False,False,False,False
1363.702461318671,136.57684912591768,Very Poor,42.9246031357012,286.506517709102,46.82362993148072,205.42615153838915,1,False,False,False,False,False,False,False,False,True,False
979.6858823003108,37.13778743335907,Fair,32.36357884406932,125.63403439427108,39.33551029701527,94.37318413542724,4,False,False,False,False,False,True,False,False,False,False
512.5248925365717,120.43702817449442,Passable,41.85288105028396,215.3253860438076,50.56560648145679,182.3399605057368,3,False,False,False,False,False,True,False,False,False,False
182.16177726686703,43.27545409524782,Very Poor,52.88316387683331,656.8931962180002,56.10059416567847,495.65752414260186,1,False,False,False,False,False,True,False,False,False,False
420.8074458067063,600.0,Passable,55.0,190.5690954313285,65.0,116.83059464138418,3,False,False,False,True,False,False,False,False,False,False
436.238710967621,16.756408121589047,Fair,22.852667345647276,309.2715369951514,26.00793191723781,246.7007963267522,4,True,False,False,False,False,False,False,False,False,False
748.9304587404738,252.71081562145156,Very Poor,35.50217405425688,396.8077847490904,45.14583655104078,314.1104433433952,1,False,False,True,False,False,False,False,False,False,False
1615.3218618371395,189.1752902352176,Excellent,30.45247304806233,40.0,36.543064732967366,40.0,6,True,False,False,False,False,False,False,False,False,False
927.2353952305372,600.0,Fair,49.25446076657511,55.08335964231887,53.81412434349266,64.41632678570453,4,False,False,False,False,False,True,False,False,False,False
956.0549760899308,28.057325193084345,Very Very Poor,32.81249476279675,335.1533913032753,39.086106566588256,231.66292317112544,0,False,False,False,False,False,True,False,False,False,False
617.2250994074946,61.99846113979932,Poor,25.127835080451487,326.47055835314575,34.67229722332774,222.64631760868485,2,False,False,False,False,False,False,False,False,False,True
886.2012820511721,60.62251097265615,Passable,32.6463154310236,161.83649747999831,42.23336276968265,133.14756745880533,3,False,False,False,False,False,True,False,False,False,False
1017.1075284415064,38.97908666510463,Very Very Poor,25.994448537300208,506.37054955555993,35.93002270523967,284.84678453913807,0,False,False,False,True,False,False,False,False,False,False
1174.5894309813827,173.96746034722526,Excellent,36.59614605110555,40.0,43.37561759553866,40.0,6,False,True,False,False,False,False,False,False,False,False
1136.1188874550146,34.72183163816659,Excellent,21.966716853628498,40.0,33.67193834927647,40.0,6,False,False,False,False,False,False,False,True,False,False
161.27209382212038,40.00267307553965,Fair,45.13335088958218,376.20532974547234,51.41415817747594,227.8611909775476,4,False,False,False,False,False,True,False,False,False,False
506.81472656669257,18.996745406214654,Poor,26.9967809799396,339.0715960281144,36.0145826859134,252.09554617726803,2,True,False,False,False,False,False,False,False,False,False
803.6406005024746,89.18642051053023,Very Very Poor,32.062860047175825,516.1767674110504,39.95928046681158,363.81632420327634,0,False,False,False,False,False,False,False,True,False,False
365.3128149171758,98.63461254491624,Very Poor,30.074772782729877,558.217109384921,40.43486463624237,371.3402167667358,1,False,False,False,False,False,False,False,True,False,False
118.0,38.86330131451557,Excellent,33.9012240219942,224.2312447167341,43.25841433851016,168.7009871717943,6,False,False,False,False,False,False,True,False,False,False
118.0,93.9396306023072,Fair,42.06184365815741,290.188109285992,49.5168220748665,227.17225276646064,4,False,False,False,False,False,False,False,True,False,False
528.5268672029517,62.07111627505424,Fair,31.563286761383264,393.4765103658142,41.71645596630833,268.6868697578871,4,True,False,False,False,False,False,False,False,False,False
349.76018094049255,274.9034175481008,Fair,47.62863933928633,281.5138718219505,57.4577974440794,150.84852809611354,4,False,False,False,True,False,False,False,False,False,False
856.544560093447,132.68099580293966,Fair,32.558925262740686,226.7165057532122,39.02612908359834,147.52089150686044,4,False,False,False,False,True,False,False,False,False,False
628.4710265420562,73.33457736432581,Fair,40.51577118264034,237.22578414715437,47.74255704322791,178.19664391879488,4,False,False,False,False,False,True,False,False,False,False
922.6107451479174,52.761042611095945,Passable,20.91303714695454,253.42984481079495,32.59225340862828,156.21385833101854,3,False,False,False,False,False,False,False,False,False,True
1359.815748892125,164.87704971019917,Very Very Poor,26.166883520620928,375.7654289913293,33.53197616040202,257.3378978804878,0,False,False,True,False,False,False,False,False,False,False
876.0610001270156,68.67558332275904,Very Poor,20.75882408746912,389.911130850558,29.864673413342665,231.55065569283465,1,False,False,False,False,False,False,False,False,False,True
633.5913290807965,78.39191674804582,Poor,24.959272536750717,258.9271804436764,31.059375587760524,219.34961980987904,2,False,False,False,False,True,False,False,False,False,False
825.5723607454811,175.4479970462363,Very Poor,43.15744921465584,424.9586721683111,51.6122454695118,242.6756521748288,1,False,False,False,False,False,False,False,False,True,False
704.5101370517662,30.963994072235145,Passable,20.059829225524545,300.2512671923094,30.729715172080056,186.348630800093,3,False,False,False,False,False,False,False,False,False,True
943.4740617780496,84.92571347324332,Very Very Poor,30.836027127909965,473.3921653540324,37.86034529680023,319.7084792443168,0,True,False,False,False,False,False,False,False,False,False
118.0,132.47105249568708,Fair,55.0,301.8883093170551,65.0,219.5421250287801,4,False,False,False,False,False,False,True,False,False,False
845.5265599233409,60.88711409659077,Very Very Poor,34.53138731654565,483.2919034579153,41.91489178894085,351.9824205122048,0,False,False,False,True,False,False,False,False,False,False
257.5253416123123,12.53613109273854,Passable,22.48142247726812,358.37139695191,31.04384615606236,224.53191163241465,3,True,False,False,False,False,False,False,False,False,False
1532.405329745197,136.1916367120227,Poor,34.347950912619645,40.0,43.600670533317455,40.0,2,False,True,False,False,False,False,False,False,False,False
461.6580623929251,194.655110415033,Poor,48.95415332316772,240.0023724466495,57.75330346138897,147.795777348201,2,False,False,False,False,False,True,False,False,False,False
439.9352363809207,133.9421512005796,Excellent,33.26976113099934,155.00580355064417,37.04343734806464,102.92543218594338,6,False,False,False,False,False,False,False,False,False,True
1222.9840549500984,61.51192651948416,Poor,21.27510138721241,157.73692861667948,29.69299275200493,111.27481491969104,2,False,False,False,False,False,False,False,False,False,True
837.5692354555099,121.91722816791774,Excellent,36.85006654316052,40.0,44.61071716875556,40.0,6,False,True,False,False,False,False,False,False,False,False
1088.374902463437,240.1097873632128,Excellent,36.25172093493215,40.0,38.17039183074024,40.0,6,False,False,False,False,True,False,False,False,False,False
409.199345689493,152.59162994661594,Poor,51.08512128906082,263.9193646715991,57.86516991532567,169.39769887474225,2,False,False,False,False,False,True,False,False,False,False
792.587261286775,41.049338827636056,Very Poor,25.28878963906827,429.4677272217026,35.70958403037192,322.91432583356715,1,False,False,False,False,False,False,False,True,False,False
760.2755123716521,134.1148911105557,Very Poor,28.60040529927429,405.2199288695391,37.98006467446671,317.9943064729442,1,False,False,False,True,False,False,False,False,False,False
485.699719565432,53.02205231378214,Very Very Poor,19.904096797304614,516.4837544928765,29.64301608580386,317.01628893139167,0,False,False,False,False,False,False,False,False,False,True
675.1950488325382,53.48678941433886,Passable,28.62268494309806,371.5059252546296,38.45360142273081,262.26124266192824,3,False,False,False,True,False,False,False,False,False,False
1406.7310219335388,184.5571353789463,Fair,28.18696905467541,99.1403537963419,34.06088909688853,82.86609629197682,4,False,False,False,False,False,False,False,False,False,True
486.060754327568,94.36251770788026,Very Poor,48.32756953516727,663.5252876020529,55.35453060794816,485.121577502643,1,False,False,False,False,False,False,False,False,True,False
861.4787140643939,209.1297406753961,Poor,38.01677972051335,248.1843947950348,48.38758292855221,173.1249772921834,2,False,False,False,False,False,False,True,False,False,False
118.0,23.70432573381714,Poor,31.15937577541456,530.2889999884513,37.333071302876334,349.00665928711425,2,False,False,False,False,False,False,False,False,False,True
319.53829917516384,27.17864438157389,Poor,29.85377835465435,437.6458519120198,37.243083003305614,294.1789646890784,2,True,False,False,False,False,False,False,False,False,False
445.90483121745547,165.09523495781724,Poor,37.17689346187703,385.7373305567145,42.49664648487723,265.3009122117741,2,False,False,False,False,False,False,False,False,False,True
704.2537885486972,88.30295545120798,Excellent,29.580964174109397,43.22550708992471,38.95462860689926,41.58063115491085,6,False,False,True,False,False,False,False,False,False,False
396.51290059310304,25.65396349475125,Fair,23.4496886361475,344.05679174904566,30.532401770816072,211.52341900547336,4,False,False,False,False,False,False,True,False,False,False
575.9589860146601,32.40825358439463,Passable,26.534875918818532,322.77729986215627,33.29396430469477,220.55910472425265,3,True,False,False,False,False,False,False,False,False,False
278.2693411953811,117.73321444530872,Fair,37.16033382280429,394.2763350436836,41.1448533671627,278.9268088593022,4,False,False,False,False,False,False,False,False,False,True
704.2466544496892,62.49131863332451,Excellent,36.20837284715445,40.0,40.77016883133589,40.0,6,False,False,False,False,False,False,False,False,True,False
1187.5818195569457,92.53396613363908,Very Very Poor,31.93607464340712,426.3152595197148,37.274836158287,287.48141264203747,0,False,False,True,False,False,False,False,False,False,False
575.8888298130908,110.53847007112547,Passable,43.21295662604069,239.7434993302369,49.86588962256889,168.42245911945827,3,False,False,False,False,False,True,False,False,False,False
922.5487963810316,54.07716763784244,Excellent,18.35157385197625,40.0,33.33348404222304,40.0,6,False,False,False,False,False,False,True,False,False,False
801.8523559888217,221.15959652541093,Poor,44.77886215130454,158.80662449911966,54.28624209788093,123.2961748374664,2,False,False,False,False,False,False,False,False,True,False
887.3130669221425,80.18396372062918,Very Very Poor,28.353157373510346,525.0122307284083,37.87113423053808,398.405753446216,0,False,False,True,False,False,False,False,False,False,False
1203.2217605830513,148.6887754608483,Fair,29.05203885875345,149.1826460815325,37.95711753124851,122.90790071304411,4,False,False,False,False,False,False,False,True,False,False
603.2255856827109,86.60941480974282,Very Very Poor,30.53454052556348,469.9455175070923,37.25068570503884,350.6061320120144,0,False,False,False,False,False,False,True,False,False,False
774.3406660787267,153.59233214765652,Fair,29.4589014622298,252.68564638441447,38.29940363276105,186.88187727390243,4,True,False,False,False,False,False,False,False,False,False
575.8746654118156,145.55383636102238,Fair,45.39621180395618,218.5379997398568,51.65686911641448,175.62900795327212,4,False,True,False,False,False,False,False,False,False,False
1125.0481149809334,74.34826595637372,Poor,32.6395268333387,207.94126534461955,38.5605804482671,129.87424091499742,2,True,False,False,False,False,False,False,False,False,False
282.4604842419006,155.30423056755194,Passable,50.32794140816666,246.68749083993745,61.09434078678557,172.43179537094898,3,False,True,False,False,False,False,False,False,False,False
831.2090525353763,133.42102437204076,Passable,40.42459417675007,192.7865376951713,48.58789022504373,114.65237559480744,3,False,True,False,False,False,False,False,False,False,False
308.1133386820682,43.93775634435976,Excellent,47.94633229036344,95.71987682850325,56.29070031532388,64.72614035946958,6,False,False,False,False,False,True,False,False,False,False
1069.6146846868326,111.85724237519334,Very Very Poor,33.87121518098357,449.4985877910968,34.81966284859854,344.2416418944935,0,False,False,True,False,False,False,False,False,False,False
1161.3800670890312,49.35416199656617,Very Poor,26.06194712024068,406.8157763887015,38.50619290316844,287.7364213842619,1,False,False,False,False,False,False,True,False,False,False
1195.9103225366991,101.85773459761704,Excellent,40.49690149414825,40.0,47.00952810579432,40.0,6,False,False,False,False,False,True,False,False,False,False
1074.1088678659075,46.55447039953092,Passable,27.63037030538908,217.00859241399917,38.34388323248473,145.26232250546445,3,False,False,False,False,True,False,False,False,False,False
639.6252116248825,457.2367683085286,Very Poor,55.0,379.33947708312894,65.0,229.14027669024,1,False,False,False,False,False,False,False,False,True,False
473.7671250861957,138.7272251371008,Passable,38.92599172786583,350.4048558931488,48.80115256350637,299.89013813926374,3,True,False,False,False,False,False,False,False,False,False
457.4193017294063,106.8632862939998,Fair,30.044061394012324,329.28836924627296,38.40122058150767,256.5671622784412,4,False,False,False,False,False,False,True,False,False,False
245.8847065945108,93.8917505178204,Fair,52.79974336896754,315.9335959260067,53.7083233913793,229.91030227328253,4,False,True,False,False,False,False,False,False,False,False
847.9337705272055,473.74685819697305,Passable,55.0,97.42897627586017,61.14085725704104,80.03366533039758,3,False,False,False,False,False,False,False,False,True,False
338.546778031848,226.9363545912148,Excellent,39.10194434913323,92.51208221558636,44.28117285493122,59.97583801609499,6,False,False,False,False,False,False,True,False,False,False
118.0,299.83613693294546,Very Very Poor,55.0,177.5213721117213,65.0,119.42214077891138,0,False,True,False,False,False,False,False,False,False,False
1203.2956283003705,84.75964078517656,Excellent,29.96606535970231,40.0,36.82884472820903,40.0,6,False,False,False,False,True,False,False,False,False,False
469.3081055104973,329.01158902254525,Poor,42.45173421193947,223.16207968758692,49.438435825418246,151.44168248516965,2,False,False,False,True,False,False,False,False,False,False
1076.022555020946,69.50199410950071,Poor,34.93572798415441,132.83357653092128,46.07610489725504,93.89965391922716,2,False,False,False,False,False,True,False,False,False,False
665.2311594486418,64.14041599989868,Poor,21.85624789307209,285.57098455777617,33.90988678411984,180.06758673779007,2,True,False,False,False,False,False,False,False,False,False
1157.4154827562495,151.60063798736778,Very Very Poor,30.486641106469868,446.18034874374257,33.3325829271738,333.4409231951056,0,False,False,False,False,True,False,False,False,False,False
127.14774671442206,32.599701731074404,Very Very Poor,37.55065424309621,554.3161964397623,47.03485298327068,444.719575601954,0,False,True,False,False,False,False,False,False,False,False
246.2847513887657,114.63861284124808,Very Poor,37.64446779301848,450.0154300174626,42.15546661320545,311.06894200452564,1,False,False,False,False,False,False,False,True,False,False
365.627000388483,39.99269726596303,Very Poor,27.78833968713022,494.4092404396006,36.79841461667479,374.2156792265864,1,True,False,False,False,False,False,False,False,False,False
807.9727198737189,213.26560272874136,Passable,36.106781693267294,300.7233484185891,50.17185519844109,217.19979921353251,3,False,False,False,False,True,False,False,False,False,False
1344.6188373394914,187.2617734721553,Excellent,31.528139099457366,40.0,43.01932109926626,40.0,6,False,True,False,False,False,False,False,False,False,False
632.5401011953494,128.15362508986354,Fair,42.517656276782425,242.1980707667268,51.7030862532437,134.29146534859223,4,False,True,False,False,False,False,False,False,False,False
911.35839991333,54.76891145886675,Passable,48.59083327155949,191.8857037094372,51.815357044150005,143.4012826985286,3,False,True,False,False,False,False,False,False,False,False
555.3504278319666,44.93123687830881,Passable,24.840918349816768,317.8994742586588,34.983165480682494,160.5367493198466,3,False,False,True,False,False,False,False,False,False,False
992.0100261721686,84.37384897134163,Very Very Poor,39.60370228212977,439.2724427792771,46.75264171560944,298.7112322382116,0,False,False,False,False,False,True,False,False,False,False
238.54298581191983,17.575121502378387,Passable,22.93731347173637,347.20179281624786,34.2190583957184,281.6696422143464,3,True,False,False,False,False,False,False,False,False,False
893.398661731949,165.66895818373192,Very Very Poor,37.58416415934051,258.0916564604317,44.87765637599154,192.19741923564203,0,False,True,False,False,False,False,False,False,False,False
522.1263748042985,50.85583531037637,Very Very Poor,26.203661697454542,519.1943507490919,31.071086702052003,423.2756807743829,0,False,False,False,False,False,False,False,False,False,True
118.0,27.21925586991558,Passable,50.42434695963407,413.80853636912406,60.14021882923152,326.01685269473785,3,False,False,False,False,False,False,False,False,True,False
618.4120670295622,32.47557954964465,Very Poor,22.101235501927093,498.9525347759024,32.62496061990009,384.37440822413646,1,False,False,False,False,False,False,False,False,False,True
667.5612651475152,43.99280247145862,Fair,21.747523323684646,261.41007139664305,33.85542238763463,202.750519096694,4,False,False,True,False,False,False,False,False,False,False
1085.2561927642264,108.33820144762386,Poor,26.706577638753675,164.25445584822626,34.264054566888866,116.4721046815744,2,False,False,False,True,False,False,False,False,False,False
486.30336423364434,125.79082543232464,Very Poor,33.180342779215614,558.9352778116679,40.15476002397132,355.4267210320641,1,False,False,True,False,False,False,False,False,False,False
591.3197667356344,36.58021153626911,Poor,31.89115188507269,386.5223702539378,40.738580199078,240.71934685266103,2,False,False,False,False,False,False,False,True,False,False
1178.9080127135549,84.44126362129494,Fair,22.085917652380168,131.09721634854114,34.68000301572788,116.19423696625184,4,False,False,False,False,True,False,False,False,False,False
776.0263320459985,143.63067422931564,Excellent,32.384319311852806,103.72978359400946,39.17050698934871,61.51853707262687,6,True,False,False,False,False,False,False,False,False,False
1845.011631268237,22.152664649383127,Very Very Poor,27.522684688706917,200.72058777771767,32.801617898738314,133.39239886724724,0,False,False,False,False,False,False,False,False,False,True
787.7146685845256,34.14856559571944,Poor,42.50535803939586,220.04876352942543,52.02805584714467,177.64856561636947,2,False,True,False,False,False,False,False,False,False,False
299.5706186641086,60.0756475814105,Passable,51.44040500951998,368.4590163488375,54.61775065861138,246.6159044104816,3,False,False,False,False,False,False,False,False,True,False
1546.07269801876,54.00961987244641,Very Poor,23.490440896852803,240.8763710520484,34.10936290861044,158.01617485871972,1,False,False,False,False,False,False,False,True,False,False
1584.7160394717455,78.04999395877971,Very Poor,43.57196140908372,283.06453547819046,52.75770450609221,197.0267636161082,1,False,False,False,False,False,True,False,False,False,False
1276.4117710714322,69.79134853046173,Passable,33.021035809694766,175.79179519802997,39.58314230414311,128.40324169348776,3,False,False,False,True,False,False,False,False,False,False
264.07162916751025,97.60654760319026,Very Very Poor,32.58117132401505,483.1625891091341,39.62014582055876,405.3472373476066,0,False,False,False,False,False,False,True,False,False,False
799.9654215239592,62.835061884702014,Poor,23.982703054320535,266.1788039114838,31.18019445764699,223.94513489566083,2,False,False,False,False,False,False,False,False,False,True
658.6065630061138,74.93801188762505,Fair,39.17787775802139,203.5596160922163,48.00567005755039,155.10001972586093,4,False,False,False,False,False,False,False,False,True,False
1075.179293542688,25.19750291054678,Very Very Poor,43.143551986231735,410.87601277653096,44.41773394829997,296.9911445011916,0,False,False,False,False,False,False,False,False,True,False
1379.373123450248,333.8185544648211,Poor,32.33674786737187,90.60586593829134,40.53772759597717,51.2220439732622,2,True,False,False,False,False,False,False,False,False,False
956.4739104775211,62.97235913490131,Passable,20.637635595434126,226.9253996642637,25.71928667421273,144.79912092563046,3,False,False,False,False,False,False,False,False,False,True
707.5766220599625,216.8227784838909,Passable,43.58436547693682,198.75334560331635,51.522971117136414,106.91428309877642,3,False,False,False,False,False,False,False,False,True,False
496.7650092188501,14.617228295364544,Very Poor,29.04024187737877,730.9340409065359,40.97126005707594,499.7751304389528,1,False,False,False,True,False,False,False,False,False,False
1217.5701129182107,31.252773997854053,Passable,28.33276675769836,198.8515233449789,37.008025011251526,152.0324144015412,3,False,False,False,False,False,False,True,False,False,False
648.9276450002967,233.80855143708453,Passable,31.351030961851265,294.36827718752704,42.14934558784642,150.34870483573238,3,False,False,False,False,False,False,False,False,False,True
924.9658074327256,348.91731912709383,Excellent,45.12659278875241,40.0,46.87496572260451,40.0,6,True,False,False,False,False,False,False,False,False,False
1024.6735442588565,205.9380396941568,Excellent,33.48844063755333,40.0,42.676357635590406,40.0,6,False,False,False,True,False,False,False,False,False,False
1211.006910031199,171.60881835410314,Very Very Poor,26.110199876628187,254.60597494348087,32.95476136879648,210.00226200251095,0,False,False,False,True,False,False,False,False,False,False
800.4435315030537,128.46733725199385,Very Very Poor,22.334743630400105,475.2737050603348,30.97786576276377,338.81959075610314,0,False,False,False,False,False,False,False,False,False,True
1190.0357520265443,157.68199500090452,Very Poor,30.93425495059191,417.37681857578,38.00471005379209,276.227929475002,1,False,False,False,False,True,False,False,False,False,False
686.8797187543531,154.5625082792565,Very Poor,38.29931025294369,397.85386259172105,47.00281248989121,248.32898998701927,1,False,False,False,False,False,True,False,False,False,False
668.0071935687105,98.51519182417228,Fair,48.55277899269432,290.4009950061867,57.179422414368666,194.8064527070661,4,False,False,False,False,False,True,False,False,False,False
118.0,58.96907449119328,Excellent,34.28247109621974,162.19493591191667,43.830396775111126,121.11169617800388,6,False,False,False,False,True,False,False,False,False,False
832.9469523401353,77.10952570396842,Fair,24.569518082159338,251.9692544243865,38.31961644865076,195.5317436942476,4,False,False,False,True,False,False,False,False,False,False
514.2107257534627,95.99567195299998,Excellent,24.179742565519064,140.96257494052497,31.084929222256665,110.33178740735966,6,False,False,False,False,False,False,False,False,False,True
459.20454236938536,83.50521698486563,Excellent,31.50737690804565,156.65873401647528,42.97431878746183,112.46714986216207,6,False,False,False,False,True,False,False,False,False,False
586.364240958038,40.48903775560352,Passable,38.874284780059526,235.4415034370365,49.19997689673281,200.81696028296253,3,False,False,False,False,False,True,False,False,False,False
540.9491934649844,17.415412181700535,Poor,24.053954736127924,319.8055231999868,32.16128421076155,234.45925223759943,2,False,False,False,False,True,False,False,False,False,False
597.0150494279387,302.5040248506037,Passable,39.08873251772505,259.2147062593044,46.28129648651532,160.05374031025,3,False,False,False,False,False,False,True,False,False,False
1912.0022000752328,69.82934678864291,Very Poor,41.06621688394435,208.44118461069905,46.17761899544668,155.64546450441824,1,False,False,False,False,False,False,False,False,True,False
506.9069539745695,77.72098874435694,Very Very Poor,27.02293613156303,508.38545238777175,39.36471157995133,429.7818964041776,0,False,False,False,False,False,False,True,False,False,False
118.0,57.36999843116092,Fair,49.69092987888581,315.1870080652291,58.06737947442413,203.9861003777997,4,False,True,False,False,False,False,False,False,False,False
507.1489333102938,219.6288551446136,Very Poor,31.767195685509343,456.3967404160677,39.429769610915095,360.3209688604493,1,True,False,False,False,False,False,False,False,False,False
1149.6947419545484,29.313089154466603,Fair,40.8325201639117,116.815086595015,47.7478527791795,111.53223628481116,4,False,False,False,False,False,False,False,False,True,False
914.109369942626,132.1149309965402,Excellent,28.09448084141802,40.0,38.49590654135511,40.0,6,False,False,False,False,True,False,False,False,False,False
942.270956575326,79.78628935486996,Very Very Poor,27.736911656121126,473.0263889210465,34.811343378147,289.235423350881,0,False,False,True,False,False,False,False,False,False,False
356.4452994102818,580.500170452574,Passable,55.0,102.94192767667288,64.15593787986637,98.48293637256788,3,False,False,False,False,False,False,False,False,False,True
469.7725778059661,34.14582730650324,Fair,44.58294212783171,348.6700544280963,51.873241175940095,208.07743764737515,4,False,False,False,False,False,True,False,False,False,False
1143.589783404184,78.45211057616471,Poor,26.2265136869012,173.0182296674501,36.72284012310711,101.89739210307955,2,False,False,False,False,False,False,True,False,False,False
522.972734368493,67.08195265535753,Poor,47.60019153904806,328.5868940099747,56.83908985831179,244.4227012136668,2,False,True,False,False,False,False,False,False,False,False
710.7987339465813,68.5450674415831,Very Very Poor,45.19182020728175,587.9980817828044,56.47278359545266,407.3789372350868,0,False,True,False,False,False,False,False,False,False,False
1001.5453487134184,56.66578760304857,Very Very Poor,26.37973700685875,444.3834886952885,37.08863874418308,294.53145277096985,0,True,False,False,False,False,False,False,False,False,False
346.27724466638466,250.97796603275896,Poor,55.0,243.60804543726292,65.0,170.073523188604,2,False,False,False,False,False,True,False,False,False,False
321.99115970002407,64.10290686654173,Very Very Poor,50.23886976716364,665.885243512275,56.84154350169269,454.9451788853769,0,False,False,False,False,False,True,False,False,False,False
981.5707525193448,64.37477562151844,Very Poor,39.22867158295866,388.89292250823775,47.92873120394566,255.3559362096754,1,False,True,False,False,False,False,False,False,False,False
1658.532067781961,153.15199991064358,Very Poor,48.403677372058034,223.4105736806855,58.51532422311498,143.8402601702982,1,False,True,False,False,False,False,False,False,False,False
335.8607885256356,50.4195916981072,Excellent,30.77004101212952,141.08727994992648,38.488929014477456,131.85065027851843,6,True,False,False,False,False,False,False,False,False,False
629.7738977515083,30.25212324768872,Excellent,26.392981600323346,114.86189841817225,33.19952225084901,87.63557084075393,6,False,False,False,False,True,False,False,False,False,False
1273.1190176122705,75.21142859418912,Fair,27.252658044915865,150.2407824769706,35.699950973802814,102.75698632679904,4,False,False,True,False,False,False,False,False,False,False
612.3645581173057,126.47906839746167,Very Very Poor,35.1097657907002,578.460761389185,42.3201075755723,358.8061890760508,0,False,False,False,False,False,False,False,True,False,False
409.8960338334057,75.08651930843757,Fair,36.20355547057105,287.87358579748104,48.20989538391109,176.15959259108848,4,False,False,False,False,False,False,False,False,True,False
322.9119006849151,105.4420636680787,Excellent,41.32855803137117,40.0,48.64110401942048,40.0,6,False,True,False,False,False,False,False,False,False,False
915.0157760549124,80.33859438058765,Very Very Poor,35.753060134948015,583.1211552425369,39.58924465011858,439.99649776303977,0,False,False,False,False,False,False,False,True,False,False
911.1601850157224,102.91631281979872,Poor,32.32549036726437,211.48833771533756,39.10007622194695,175.5562475729311,2,True,False,False,False,False,False,False,False,False,False
243.00551702817936,120.51939051681371,Poor,34.24926042127348,332.24068957058944,43.09117744294297,192.8406332975905,2,False,False,False,False,False,False,True,False,False,False
900.3230739633974,216.91504939488252,Very Very Poor,33.29432202396178,393.16615857772007,37.11225871918771,300.41511704822096,0,False,False,False,False,False,False,False,True,False,False
199.3901210730969,297.71347476316697,Poor,55.0,221.812377704253,65.0,160.8404767834545,2,True,False,False,False,False,False,False,False,False,False
900.9871464896698,78.09313061533945,Very Poor,44.05371511396339,379.204011671196,47.36260688917254,266.7205945132813,1,False,True,False,False,False,False,False,False,False,False
1876.7439415571323,43.37636414409485,Very Poor,22.41079664464436,209.73196930142484,30.274614049994582,175.34627300554197,1,False,False,False,False,False,False,False,False,False,True
825.372101780031,54.61181674580232,Very Very Poor,37.97213256428156,411.08820905249,45.1742119864317,337.06457666823644,0,False,False,False,False,False,False,False,False,True,False
997.605430825486,110.64083661003748,Passable,35.15737501177992,252.3980809272188,39.59612114536442,170.98995032285387,3,False,False,False,False,False,False,False,True,False,False
897.699305823149,13.028703629956372,Very Poor,28.63257900984553,524.8800635733123,32.88155828260736,402.8932721736518,1,True,False,False,False,False,False,False,False,False,False
937.6991443976884,43.94898872403214,Passable,28.177148599131577,196.1009289202458,37.00554884757445,163.28918585967065,3,False,False,False,False,False,False,True,False,False,False
1029.5107220087623,117.07658339637663,Excellent,29.132867302099324,40.0,36.818475348012825,40.0,6,False,False,False,False,False,False,False,True,False,False
636.5075535924013,274.39104206472103,Excellent,34.25314035533218,130.63710270606947,38.40566713277028,86.76098877729879,6,False,False,False,False,False,False,False,False,False,True
929.4974225767088,17.833989680058068,Poor,28.01516622601651,227.995933183978,31.978733255837312,146.1790153806794,2,False,False,True,False,False,False,False,False,False,False
737.5890770768654,43.75497309053407,Very Very Poor,22.49060645584649,389.0376228582,29.71484153685517,266.6870921078419,0,False,False,True,False,False,False,False,False,False,False
520.6592148556755,30.663921692812696,Very Poor,26.542499001156774,513.7755883971282,32.97135990020177,383.30589173571,1,False,False,True,False,False,False,False,False,False,False
1283.4276729397034,241.4198936819793,Fair,30.953117095218296,117.17298292798436,34.26888041867389,69.5876138247771,4,False,False,True,False,False,False,False,False,False,False
708.7854916090427,39.97571005092304,Very Poor,35.27683015476104,342.0993444922676,38.61419930966268,218.883056967098,1,False,True,False,False,False,False,False,False,False,False
471.8105379018317,94.38025900758508,Poor,50.99161369803368,297.0768658522134,58.164127637105096,212.58436985048348,2,False,False,False,False,False,True,False,False,False,False
632.370821173032,69.77346752846934,Very Very Poor,32.85806685294863,503.5919048206784,35.626171971543506,396.49095905195657,0,False,False,False,True,False,False,False,False,False,False
641.1745226115079,12.31290839342262,Excellent,22.47798282695716,74.69144026404582,33.23202093403516,53.525799622728535,6,False,False,False,False,False,False,False,True,False,False
888.5775619857613,29.62213335266315,Passable,25.05453573397129,255.2450258705176,35.17734443220955,159.80921109583414,3,True,False,False,False,False,False,False,False,False,False
295.40761061539985,108.29345837294404,Excellent,39.465411789383694,174.11334923464915,46.64088202921345,118.8498343017391,6,False,False,False,False,True,False,False,False,False,False
1022.8691069601772,271.9268354545532,Excellent,30.11348723204709,40.0,43.24932763072906,40.0,6,False,False,True,False,False,False,False,False,False,False
118.0,107.45188415770237,Fair,49.294600189692886,310.5939014247216,61.57216871055064,216.6138756224371,4,False,False,False,False,True,False,False,False,False,False
755.2852415251912,44.70539629489075,Poor,26.148399611097883,263.7896834555999,34.723437391258855,212.58779177721965,2,False,False,False,False,False,False,True,False,False,False
1019.5516757816736,126.00297772603724,Poor,32.21645255109912,206.49924754316788,38.69389167676923,163.72641095153787,2,False,False,False,False,True,False,False,False,False,False
1069.7601598861138,413.00540473231536,Excellent,51.540196815307965,40.0,55.89169791040046,40.0,6,False,True,False,False,False,False,False,False,False,False
1046.5761834516088,104.95737100108592,Excellent,24.824559470802445,40.0,33.497425402941126,40.0,6,False,False,False,False,False,False,True,False,False,False
1051.0246002118622,91.06494348353164,Very Very Poor,27.943768319071783,425.1838971359637,29.66971606564296,242.65852454683028,0,False,False,False,False,False,False,False,False,False,True
963.4934968067656,49.14493102714631,Fair,32.973844403365526,248.57853134932333,37.30916486481484,157.09686789815797,4,False,False,False,True,False,False,False,False,False,False
1564.251420871813,396.11828388102896,Poor,31.404190259634795,75.3918027457893,41.025469987188416,43.115046751579406,2,False,False,False,False,False,False,False,False,False,True
1609.275460899828,53.71340229854328,Fair,21.885520222125088,129.21669180246784,31.194858091834856,61.81916519227698,4,False,False,False,False,False,False,False,False,False,True
380.5537335690706,49.65883182120044,Excellent,24.436361637406307,113.95235076199909,32.51407109847076,73.16249854696557,6,False,False,False,True,False,False,False,False,False,False
264.75292923390487,140.76183917416793,Very Poor,40.586258482212834,527.8873734846961,50.887683667684605,372.172173516213,1,False,False,False,True,False,False,False,False,False,False
491.77647471903606,162.32830462318657,Passable,34.61087859803506,281.96177196958325,40.51241049133369,206.70936076615808,3,False,False,True,False,False,False,False,False,False,False
583.1567028222304,32.86749586386833,Excellent,30.03680845402189,143.54286571110097,33.604115311087305,85.87679619250115,6,False,False,False,False,False,False,True,False,False,False
754.3933590182638,105.26587482734836,Fair,25.532796014596684,250.915618561956,33.18402966487958,163.07309964674943,4,True,False,False,False,False,False,False,False,False,False
1606.979948673852,358.26319511702485,Excellent,34.71926237875064,40.0,42.1946673218945,40.0,6,False,False,False,False,True,False,False,False,False,False
1041.28303092432,15.875519339311056,Poor,26.610944008852936,226.7777650941542,33.25222601719808,137.69769167807087,2,False,False,False,False,False,False,True,False,False,False
828.7062986063376,243.7242100955153,Very Very Poor,52.78058255247884,460.7659231872362,60.50989585810821,368.7779724313096,0,False,False,False,False,False,False,False,False,True,False
845.754186657243,142.76536691551752,Passable,39.01485244845058,295.9491193503816,39.80145683668998,187.2468899510694,3,False,False,False,False,False,False,False,True,False,False
1286.1786564379067,111.41246977839307,Passable,31.497941641719244,152.9708423644137,37.44016029877889,94.05553916699476,3,True,False,False,False,False,False,False,False,False,False
1125.182527676177,126.62092826362912,Excellent,49.70541464673474,40.0,52.50935539282989,40.0,6,False,False,False,False,False,False,False,False,True,False
526.0918386648261,57.49495913385086,Very Poor,19.74663375783177,433.8874983800799,25.99619334769175,297.61105631861454,1,False,False,False,False,False,False,False,False,False,True
1233.9404612994945,29.140556416893343,Excellent,25.07741928315769,40.0,36.44981808568164,40.0,6,True,False,False,False,False,False,False,False,False,False
1529.0472934555096,67.31280023596227,Passable,29.57077442336972,112.13471502930474,40.19886525825885,66.4673912991335,3,True,False,False,False,False,False,False,False,False,False
1322.322055284859,68.84988582371581,Very Poor,38.75873072241053,368.04766991484433,50.39421274865166,210.0131398182533,1,False,False,False,False,False,False,False,False,True,False
519.6509021273423,202.455926520734,Poor,33.534186277668965,264.0654080358924,40.81847785136773,185.7338253028389,2,False,False,False,False,False,False,True,False,False,False
312.12689772828736,142.69238577341858,Excellent,48.768217436102205,102.88967335372318,56.76250376360996,48.45522634245006,6,False,False,False,False,False,False,False,False,True,False
731.8753979663632,85.96433037108852,Very Poor,23.980009730864627,393.6369122898812,31.410989724701235,308.7187666698799,1,False,False,False,False,False,False,False,True,False,False
672.240487993632,69.58176613220907,Excellent,41.90707524500037,42.347964175085416,47.63750911808984,40.0,6,False,False,False,False,False,False,False,False,True,False
711.0490917710182,128.9329634289868,Poor,45.06842749191335,210.2167531848036,50.20367507032848,162.58152883627093,2,False,True,False,False,False,False,False,False,False,False
992.1140699024164,58.89640679410044,Excellent,27.651477003688782,40.0,36.46102004387704,40.0,6,False,False,True,False,False,False,False,False,False,False
1040.943605402785,84.92161944738872,Fair,26.145083072363647,179.03675837643382,34.20840153562352,149.0876805365338,4,False,False,False,False,False,False,True,False,False,False
1145.4632368043417,71.59330977899631,Fair,37.17200976733521,216.0249214179813,41.75449487246843,147.1904711391376,4,True,False,False,False,False,False,False,False,False,False
721.1646184645043,61.25869744213384,Passable,28.024298970632007,285.7184129449504,38.9509717931952,195.2067517228105,3,False,False,False,False,True,False,False,False,False,False
118.0,88.53990072007231,Poor,43.7142497144946,364.8035152812936,56.83114561749587,238.29164568963077,2,False,False,True,False,False,False,False,False,False,False
940.91300327391,161.85975590160598,Excellent,28.820712786531928,40.0,34.792697000407976,40.0,6,False,False,True,False,False,False,False,False,False,False
1584.745058969012,30.84674630266065,Very Very Poor,36.87414533437423,232.90060231217493,47.099037022604094,166.47142459923975,0,False,False,False,False,False,False,False,False,True,False
1287.8499246239055,123.33916860458774,Fair,20.01654407548985,139.9676871193129,28.803044144910825,118.38855959511515,4,False,False,False,False,False,False,False,False,False,True
1949.108803354076,19.38625621321895,Very Poor,28.9959654198441,246.3898745236125,34.38292601356492,157.87218334241504,1,False,False,False,True,False,False,False,False,False,False
688.0010649464397,83.52046223032355,Fair,48.0141009155137,291.1521327101765,51.12374664521322,162.3670423802393,4,False,False,False,False,False,True,False,False,False,False
792.5711641601806,95.71047518060732,Poor,46.444731912588615,227.09414087515253,55.599525339987295,179.5546025031561,2,False,False,False,False,False,False,False,False,True,False
667.8304892405974,26.39898070192697,Fair,31.24189085340964,359.64302076777744,38.7310852068762,263.1400730476332,4,False,False,False,False,False,False,False,True,False,False
898.0496100003276,233.0425435931084,Very Poor,28.128517972898152,425.9492228892032,34.935041106086146,285.1540624260645,1,True,False,False,False,False,False,False,False,False,False
327.2029996046765,166.3307183445805,Passable,42.64140536844327,408.08174000903136,47.91329260957551,238.13290430852533,3,False,False,False,False,False,False,False,False,False,True
1234.2652872494652,148.80144029007675,Excellent,32.7955647451441,40.0,40.84506937165904,40.0,6,False,True,False,False,False,False,False,False,False,False
465.7589847792506,109.07358746082691,Very Very Poor,32.05381117020995,483.5981590739587,41.31741527369383,335.5021118758079,0,False,False,False,True,False,False,False,False,False,False
118.0,55.36865402414125,Poor,39.25980227485001,358.9827253426207,46.59165153120375,245.4380534309126,2,False,False,False,True,False,False,False,False,False,False
1440.2222642323727,146.8737335554366,Passable,45.73673119337674,40.0,52.99623690203788,44.0150776472335,3,False,False,False,False,False,False,False,False,True,False
768.2665388313313,96.85417661742947,Excellent,30.99662831333305,94.09711852130096,39.11267569455211,79.17382306390165,6,False,False,False,False,False,False,True,False,False,False
210.08146588186835,65.55478180789358,Very Poor,36.58029679609827,634.8658022188096,45.23670787106694,408.5524518741037,1,False,False,False,False,False,False,False,True,False,False
123.3525080447016,241.8289033901032,Fair,55.0,78.89162554869773,65.0,55.1393803104063,4,False,False,False,False,False,False,False,False,True,False
603.8350669197449,122.85359620598294,Poor,44.220384323148856,236.3108675505972,52.18128718259472,188.0986516544916,2,False,True,False,False,False,False,False,False,False,False
651.3097780371417,88.98563329212885,Excellent,48.20973722213108,88.85553423848927,54.10907493325298,76.80826764493092,6,False,False,False,False,False,True,False,False,False,False
830.8231431166736,49.65610435205624,Very Very Poor,39.82321282943292,398.6922609465434,49.08732552294092,336.540478584274,0,False,False,False,False,False,True,False,False,False,False
1629.9760802062824,32.361438102210585,Excellent,23.542374716367117,40.0,31.63873390913754,40.0,6,True,False,False,False,False,False,False,False,False,False
118.0,129.1986907000875,Poor,55.0,253.82192922583624,65.0,165.77482800290818,2,False,False,False,False,False,True,False,False,False,False
180.37031002986373,62.3922975296756,Fair,39.96035976578128,448.9752810094209,50.80926785941303,297.3507447763901,4,False,False,False,False,False,False,True,False,False,False
1412.3825445665288,61.99165669665977,Very Very Poor,27.227846350190536,290.7759796950492,34.7615979068621,215.3664131853109,0,True,False,False,False,False,False,False,False,False,False
601.7516329140084,106.71153877593142,Poor,50.0084009587898,288.51657963531915,53.7918793964383,224.7224172184823,2,False,False,False,False,False,True,False,False,False,False
1623.24732596341,60.264482154578296,Excellent,18.095266508972724,40.0,28.50713560937364,40.0,6,False,False,False,False,False,False,False,False,False,True
1027.6740724517065,18.50175059563287,Fair,37.7284467947716,124.52013650537565,44.15198424581221,102.3912556324914,4,False,False,False,False,False,False,False,False,True,False
1155.0050597399786,21.7274787243695,Fair,24.527104477864853,173.1596196026981,34.47779626143476,124.12087040343395,4,False,False,True,False,False,False,False,False,False,False
1326.221914542015,48.60720232516547,Poor,32.96969473471822,72.56156316680254,42.3072555811717,45.68735014174695,2,False,False,False,False,False,False,False,False,True,False
1497.974327716193,84.16672948127153,Very Very Poor,40.06784636104484,334.3749278490029,47.6296646951861,247.6058867193441,0,False,True,False,False,False,False,False,False,False,False
408.13632711967193,175.3303290344882,Excellent,40.77683703274464,110.4138667801383,43.893448625673976,83.01706914840011,6,False,False,False,False,True,False,False,False,False,False
671.4403814027748,69.44096944899643,Excellent,25.18157951306127,125.71902834456532,31.95568889024447,72.15856757668486,6,False,False,False,False,False,False,False,True,False,False
362.0290043193676,33.18236538651855,Excellent,48.63394891801927,131.1691938282951,54.273197946671374,103.47548147208931,6,False,False,False,False,False,False,False,False,True,False
1314.94221456153,222.19813159765835,Very Very Poor,26.83725469791082,343.0048954158484,36.69831559290675,216.7007558566816,0,True,False,False,False,False,False,False,False,False,False
1132.180900964072,272.58092679576,Excellent,36.75733951792911,40.0,46.64789352803617,40.0,6,False,False,False,False,False,True,False,False,False,False
774.6895009015359,143.42021005757434,Passable,34.913243413160835,250.7753330365124,40.39605893925756,188.4716652003921,3,False,False,False,False,True,False,False,False,False,False
690.3112004603163,102.36516131198704,Very Very Poor,33.765099890400144,495.1556263849416,37.290292433896624,344.62631822643374,0,False,False,False,False,False,False,True,False,False,False
975.0044052118176,35.91183432895423,Poor,30.800202596583656,254.95828950718223,37.22465238828065,220.34676064548424,2,False,False,False,False,False,False,False,True,False,False
1319.9394967734438,27.803248462643552,Excellent,40.71885268940043,40.0,43.33749059369299,40.0,6,False,False,False,False,False,False,False,False,True,False
759.1641916320582,33.060274486864905,Excellent,22.23872553319929,85.7444867392092,28.969890684598365,41.82172572654661,6,False,False,False,False,False,False,False,False,False,True
1093.2883525604436,91.67000895252328,Very Poor,24.98574093818965,469.22889370387526,37.71353266041541,356.632618343695,1,False,False,False,False,False,False,False,True,False,False
479.6724822629976,46.1756842056651,Very Poor,47.50104590785301,655.3499998350856,57.35132077007821,459.86080435660233,1,False,False,False,False,False,True,False,False,False,False
973.6300728785936,159.51129502731675,Fair,37.72446233456077,152.20320419434194,43.02784908308533,96.5178319079218,4,False,False,False,False,False,True,False,False,False,False
716.1437576072053,144.09810767076158,Passable,52.34685777142191,234.69892840304897,56.28970039538842,149.36986739349106,3,False,False,False,False,False,True,False,False,False,False
925.0587855323238,63.182932471436295,Very Very Poor,19.65609473833997,468.2575214171361,28.32957678212928,313.809727572819,0,False,False,False,False,False,False,False,False,False,True
392.750534312441,74.11072031135708,Very Very Poor,35.38125247383724,596.8324732300055,39.49216533506738,415.0828055104963,0,True,False,False,False,False,False,False,False,False,False
118.0,96.73735018533836,Fair,51.074677631235495,326.6001862592541,57.60820877772751,263.3488914615987,4,False,False,True,False,False,False,False,False,False,False
509.9453626786424,69.23529300522327,Very Poor,27.5032470030629,567.1661725932412,37.28092947074267,405.3093009552418,1,False,False,False,False,False,False,True,False,False,False
324.97824437251427,63.65670849296863,Very Poor,48.26333250513324,457.0204157089782,51.66165291709477,306.6882601181083,1,False,False,False,False,False,True,False,False,False,False
894.231681201805,97.1673072255828,Very Very Poor,29.20812368580256,478.1604881603995,37.97554032549868,298.2443195847148,0,False,False,False,False,False,False,False,True,False,False
167.2425226292812,107.24998743796073,Very Very Poor,42.42660967294569,600.953901074365,52.98758183206358,389.7546839880347,0,True,False,False,False,False,False,False,False,False,False
315.60667957920265,120.22237829695472,Poor,36.85780936577497,347.76381257807986,43.07200330543839,221.77201326655697,2,False,False,False,False,False,False,True,False,False,False
901.2182264160195,75.65445253144969,Very Poor,27.548592784427868,487.4410186236069,32.92266305464228,334.4444906457316,1,False,False,False,False,False,False,True,False,False,False
1133.0367114257342,105.63438769035398,Poor,46.82867863130285,136.92438893875456,54.491400054416616,97.52345188176405,2,False,False,False,False,False,False,False,False,True,False
2296.1586793960955,87.51376829673798,Poor,31.76893060914412,40.0,39.96738287540512,40.0,2,False,False,False,False,False,False,False,False,True,False
960.3622563903048,32.937399402952344,Poor,26.2932244966848,258.78689506597595,33.542004917046015,141.3857214724803,2,False,False,False,True,False,False,False,False,False,False
979.6028156949596,61.620376845857535,Poor,22.06092057023438,165.7124900896622,29.16659864980736,115.9980567528184,2,False,False,False,True,False,False,False,False,False,False
118.0,110.37323152764247,Excellent,55.0,84.32985372891895,65.0,59.90304840478285,6,False,True,False,False,False,False,False,False,False,False
1355.6103365110637,276.8792613964775,Very Poor,30.54878701591334,344.5113429121436,38.74355711780535,252.3865166949212,1,False,False,False,True,False,False,False,False,False,False
562.3770429019855,65.34959374295155,Excellent,38.48905726181665,113.41006081632264,44.78576672110438,73.06345156448782,6,False,False,False,True,False,False,False,False,False,False
1049.935060000788,129.74214520497884,Poor,40.83115167877865,112.89804877893184,46.73306746709248,108.39726135943909,2,False,False,False,False,False,False,False,False,True,False
695.9399796050808,16.661458425562515,Passable,23.94981529394489,258.4340874066975,30.880191707995905,185.28360711230107,3,True,False,False,False,False,False,False,False,False,False
807.8774341714014,117.98796300363028,Excellent,33.27778741034175,40.0,40.60067364213537,40.0,6,False,False,False,False,False,True,False,False,False,False
321.189804013344,49.64300057690469,Very Poor,26.4232700853491,505.99439937582486,34.79272036631771,313.32972056082326,1,False,False,False,False,True,False,False,False,False,False
461.74260017410273,66.50337112626063,Very Very Poor,34.483914755178176,404.1729459134813,42.514393394587145,279.95138010794506,0,False,False,False,False,False,True,False,False,False,False
118.0,230.63938527436977,Passable,55.0,169.3447678866294,65.0,121.6110686874249,3,False,False,True,False,False,False,False,False,False,False
207.5713611768589,241.96587034639,Fair,51.68239492439173,276.433894664694,60.35561016976235,177.91520548919516,4,False,False,False,False,False,False,False,False,False,True
118.0,88.3364880572003,Passable,55.0,276.24298152677886,65.0,162.35616363534808,3,False,True,False,False,False,False,False,False,False,False
531.69526717398,39.71927232137621,Very Very Poor,18.038213098850235,639.6857213725895,28.4715173220281,519.790274949851,0,False,False,False,False,False,False,False,False,False,True
193.27951976036684,76.31527468711052,Very Poor,41.15268192784366,659.060595444742,52.10746567442408,523.5858698196181,1,False,False,False,False,True,False,False,False,False,False
260.4230774891814,149.41381310544784,Very Very Poor,41.7116324320604,644.0060149811466,48.605725502111774,449.5856004005303,0,False,False,False,False,False,False,True,False,False,False
1475.401139518336,401.4527977092211,Very Poor,40.85094728981901,188.2278523448654,46.28329114255322,111.61645423085132,1,False,False,False,False,False,False,False,False,True,False
715.4764853851399,67.23861393129022,Very Very Poor,20.199031305360965,483.68800182558914,27.55234661993753,360.3203702091629,0,False,False,False,False,False,False,False,False,False,True
690.848176665303,65.53464163126853,Excellent,30.94845452988382,105.9961171439512,36.9179194274322,63.90776989168876,6,False,False,False,False,False,False,True,False,False,False
1406.2152379793763,85.76750015060155,Very Very Poor,30.105203399168296,342.4132698584552,36.06894684454362,229.4869959143442,0,False,False,False,False,False,False,True,False,False,False
545.607343003153,31.391443280336723,Passable,26.62333253785673,404.89761162497626,36.767355332904856,267.72749082255024,3,False,False,False,False,False,False,False,False,False,True
972.4309270851544,211.5799615377241,Very Very Poor,52.17018561553147,473.5826995818276,56.06780544848839,262.20992612029136,0,False,True,False,False,False,False,False,False,False,False
1172.8746143883418,23.158958804969604,Passable,28.54476802097006,162.30537712689278,35.38888233302405,121.1599967027695,3,False,False,False,False,False,False,True,False,False,False
1196.1227179601028,33.87635056237923,Fair,33.119328934575684,163.308539496141,36.10429256620535,95.65332319865792,4,False,False,False,False,False,False,False,True,False,False
335.9194862865479,58.40709644916544,Passable,31.51066566271285,355.6607103854876,39.28406408074066,227.6267568663692,3,False,False,False,False,False,False,False,True,False,False
1352.5492436527456,274.80553992390344,Poor,32.8863838374517,88.3754566264266,43.479394900100125,69.80926807521033,2,False,False,True,False,False,False,False,False,False,False
737.6375768389028,216.8764985441861,Excellent,47.11504095286416,40.0,54.57372681744193,40.0,6,False,True,False,False,False,False,False,False,False,False
506.5963192179229,107.99663158009623,Excellent,36.01342217668962,114.14936079042614,46.70744782288055,62.107891826578296,6,False,False,True,False,False,False,False,False,False,False
977.0091108862646,123.19501387944182,Fair,35.51743160570592,252.2302226450639,42.81940867598608,151.90567572098092,4,False,False,False,True,False,False,False,False,False,False
1238.7169790260675,36.72281480609028,Poor,26.916833885965005,127.8599547849212,32.7331724444192,94.31709353238782,2,True,False,False,False,False,False,False,False,False,False
607.2597863958581,151.09331770217378,Poor,47.12426458848197,202.55371741072327,53.96852458545079,142.1944595654505,2,False,True,False,False,False,False,False,False,False,False
1296.1217708774234,101.44648852669717,Excellent,27.25174191091592,40.0,31.62762764802551,40.0,6,False,False,True,False,False,False,False,False,False,False
755.3874325673493,47.85080762372865,Very Poor,37.67063408924526,362.50885279455497,41.71045586052546,243.35574329193068,1,False,False,False,False,False,True,False,False,False,False
1313.2603734681993,47.81267923724807,Excellent,36.3474235872008,40.0,46.01281717965463,40.0,6,False,False,False,False,False,False,False,False,True,False
720.2570805895656,257.0613672189943,Very Very Poor,35.22614777821266,492.672420669712,40.59645517204915,372.1853300779835,0,False,False,False,False,False,False,True,False,False,False
952.2867679304774,574.1100669218864,Excellent,55.0,40.0,65.0,40.0,6,False,True,False,False,False,False,False,False,False,False
500.3582087491006,350.55718940889045,Excellent,46.93878155958933,40.0,55.72209665539774,40.0,6,True,False,False,False,False,False,False,False,False,False
299.88631662012267,74.22702105619139,Very Very Poor,35.34403397758903,553.7299922042685,41.12745627642656,441.86969407099787,0,False,False,False,False,False,False,True,False,False,False
118.0,83.47876657867278,Very Poor,41.220514773820696,584.8877860971488,49.3854777896147,409.0309614049911,1,False,False,False,False,False,False,False,False,False,True
983.8376819970532,68.98391421444218,Passable,33.607231697186215,270.53333344687803,39.43519570752778,179.3954282464643,3,False,False,True,False,False,False,False,False,False,False
937.702847660159,31.167047445432956,Poor,26.36060388288833,241.83193408253837,33.05556696891115,130.36541382891835,2,False,False,True,False,False,False,False,False,False,False
735.0606695614842,75.46063194647273,Fair,30.8144382023289,286.05418749861246,34.61074584396993,199.7496150345428,4,False,False,False,False,False,False,False,True,False,False
1379.028156840546,68.97926183572062,Passable,27.714650185122835,128.3091910758632,33.05956088648415,81.29547893240091,3,False,False,True,False,False,False,False,False,False,False
887.3808572900812,162.8933524598797,Very Poor,31.744582398137076,500.88355175010753,36.53795856990176,357.5317515018005,1,False,False,False,True,False,False,False,False,False,False
118.0,41.14675213404357,Passable,49.01918918466773,347.82174219927634,52.95105665996836,271.6798102917358,3,False,False,False,False,False,False,False,False,True,False
1362.59840286808,54.42838676061383,Fair,36.09472220268037,80.23785571857366,44.718826894817255,45.50995228113707,4,False,False,False,False,False,True,False,False,False,False
1017.1298379068874,131.39162892189742,Very Very Poor,36.8112335123216,577.7297501662127,44.61504227139797,385.11219791708754,0,False,False,True,False,False,False,False,False,False,False
118.0,66.55947263829046,Poor,46.52373780418923,452.8028009769467,52.595298798706,326.65092799212306,2,False,False,False,False,False,False,False,True,False,False
672.5896925823704,82.95201775293823,Passable,49.64211934275822,305.2879011933378,53.61382236912412,191.24451829238967,3,False,False,False,False,False,True,False,False,False,False
501.8208763346074,79.61062749035243,Fair,29.43914636808389,334.6243404130271,36.77230536928094,229.8568413656004,4,False,False,False,False,False,False,True,False,False,False
908.8273555058216,128.57603623175038,Excellent,30.590738433139435,40.0,38.44068215494365,40.0,6,True,False,False,False,False,False,False,False,False,False
1598.6419334102566,140.12221146804853,Passable,33.42899721314322,40.0,36.42977039031613,47.89237561889704,3,False,False,False,True,False,False,False,False,False,False
705.5500371862843,69.88379174785965,Fair,34.590651168566744,300.5168106118949,40.79162185108197,260.01298722807707,4,False,False,False,False,False,False,False,True,False,False
960.6771920094322,34.298298936443224,Poor,28.546207134134573,215.70923706395217,36.72889896084634,139.92376947588053,2,False,False,False,False,False,False,True,False,False,False
1578.689885898776,136.49878595073406,Excellent,23.76747996100262,40.0,32.79560431998584,40.0,6,False,False,False,False,False,False,False,False,False,True
1090.7778308004742,69.7066669598086,Fair,26.35676352887615,192.25297065938204,37.19938692144387,128.3708179531563,4,False,False,False,False,False,False,False,True,False,False
1551.1627473612243,72.81051379646773,Very Very Poor,26.225449280092484,220.45640416310087,32.483520642882375,180.888846087126,0,False,False,False,False,False,False,True,False,False,False
840.9594163110083,23.51229242610573,Fair,30.06376583840201,265.5253795701383,36.54310075314006,168.90491044756874,4,True,False,False,False,False,False,False,False,False,False
856.3147662960772,124.60579880929374,Poor,28.895412710424004,224.41366933889967,37.55471227087942,180.4106612239933,2,False,False,False,False,True,False,False,False,False,False
848.7616541455417,473.3370770395379,Passable,54.71392556743942,117.10156826176706,63.62443333280807,103.14593935948125,3,False,False,False,False,False,True,False,False,False,False
296.6963114464884,302.2573259529027,Passable,55.0,218.23459055953447,65.0,135.84115913276247,3,False,False,False,False,False,True,False,False,False,False
1511.9906712897118,29.026906834834733,Passable,29.50125360830552,89.4154747946072,40.00777570655748,76.19187447782322,3,False,False,False,False,False,False,False,True,False,False
224.43133422725555,44.352371297042346,Poor,41.52624876013777,310.47564692790667,50.95876470627401,241.54516440157727,2,False,True,False,False,False,False,False,False,False,False
118.0,30.88482873276553,Excellent,38.5052429467661,245.6430867632172,46.12483267525579,191.38022727353504,6,True,False,False,False,False,False,False,False,False,False
243.98591718387863,42.0029695754392,Very Very Poor,29.50396956182265,593.606127270448,40.09901020400027,418.12184922542735,0,False,False,False,False,True,False,False,False,False,False
754.046313335659,28.12888284062021,Very Poor,24.996609878079145,493.3700803181081,36.08744517347741,307.7020255990481,1,False,False,False,False,True,False,False,False,False,False
118.0,124.90975675557029,Fair,55.0,184.34782013941128,65.0,146.86373495563828,4,False,False,False,False,False,True,False,False,False,False
1308.7959419162914,55.68975665087913,Excellent,28.22371243115574,40.0,35.26264764463694,40.0,6,False,False,False,False,False,False,False,False,False,True
565.8971516481498,61.12173309906219,Very Very Poor,43.66589071159311,536.9074283954336,47.51838411859907,416.2750173106258,0,False,True,False,False,False,False,False,False,False,False
824.1144540889015,124.55076680935964,Passable,23.821699585033173,275.12160652856625,34.87328713127428,156.9812378288464,3,False,False,False,False,False,False,False,False,False,True
615.2497220620139,23.77090584707396,Poor,30.28047971125938,299.94365765451545,35.68551411416794,225.98239701246223,2,False,False,False,False,False,False,True,False,False,False
1446.031924424668,309.8544159385608,Passable,37.72056383630989,77.74554938024254,44.18968035048173,73.52778338419832,3,False,False,False,True,False,False,False,False,False,False
395.2757676108541,25.54720794457525,Passable,31.433027253203186,238.3015984122377,38.51961239506701,174.52703864651102,3,False,False,False,False,False,True,False,False,False,False
1021.2742840287832,99.23183764625198,Very Poor,34.62165199071731,419.06952405888586,39.86909842334225,292.4767925542598,1,False,False,False,False,True,False,False,False,False,False
671.6993611047164,69.97158466735986,Very Poor,32.60619409436522,708.9471689446527,37.27240406352198,506.4867251880355,1,False,False,False,False,False,False,True,False,False,False
670.6875085639458,19.84156287940824,Very Poor,41.059182105674665,420.8081076402852,45.0460767259568,304.2269955574625,1,False,False,False,False,False,False,False,False,True,False
118.0,104.21688546847874,Excellent,55.0,113.3111906642896,65.0,92.40857141007544,6,True,False,False,False,False,False,False,False,False,False
1119.8469317508082,72.18939216136914,Fair,30.910728629368226,232.07849379887455,40.03338870032469,144.84114309344002,4,False,False,False,False,True,False,False,False,False,False
231.85610909937785,393.7090280160766,Fair,55.0,105.34113175158744,65.0,81.19758263889216,4,False,False,False,False,False,False,False,False,True,False
1484.6383947459408,190.70651811293783,Poor,27.41962435938584,73.0057046663324,33.062550964953225,42.2846276609296,2,False,False,True,False,False,False,False,False,False,False
962.5401838189072,84.00209262368179,Very Poor,20.976959748325378,362.5868176875732,30.566207281726435,225.5772462610408,1,False,False,False,True,False,False,False,False,False,False
118.0,156.6895051603178,Fair,55.0,257.1704609411599,65.0,245.0532041346432,4,False,False,False,False,True,False,False,False,False,False
635.7759973938907,137.07856224013233,Excellent,29.650037231729808,68.09570318369748,34.35834746182533,42.11591502676009,6,False,False,False,False,False,False,False,False,False,True
1137.7847962842045,60.23649477320959,Very Very Poor,36.93052011222699,280.54956966441245,47.6505705727786,153.1011091727557,0,False,False,False,False,False,True,False,False,False,False
397.030074120857,62.73688806608724,Fair,30.397132036781308,359.2152183648831,38.09593252200976,220.71105719479183,4,True,False,False,False,False,False,False,False,False,False
1203.259670215024,35.39969399223399,Fair,24.012588854140706,176.28606784791037,33.03391461916339,126.23676037949616,4,False,False,False,False,False,False,False,False,False,True
576.1798106555677,86.24702297259961,Fair,31.248808671492284,295.2599079249634,36.89277821684167,217.47720643094877,4,False,False,True,False,False,False,False,False,False,False
570.6791501046051,58.0270758968512,Very Very Poor,40.601621363691535,476.5681277451566,48.2933753417659,313.6130044711268,0,False,True,False,False,False,False,False,False,False,False
1271.8376263127502,140.55815253611655,Poor,29.126184153774247,146.25037244169354,38.85505783255595,112.63505256016944,2,False,False,False,False,True,False,False,False,False,False
475.6740295782648,116.68545338547214,Fair,44.98059496843617,267.95455863349093,56.59100855244071,180.88401211773692,4,False,True,False,False,False,False,False,False,False,False
168.11393585361884,24.919761795622986,Excellent,44.09582026715641,185.46061678898485,49.77316573781653,145.31259680422434,6,False,True,False,False,False,False,False,False,False,False
516.1924593221798,13.432819890139708,Fair,24.0130135428873,362.0690399976823,34.872242412316844,218.91318086505964,4,False,False,True,False,False,False,False,False,False,False
1080.285251823196,231.6318361088156,Very Very Poor,32.04336391555195,386.119428275073,37.43201782789932,271.1749585723986,0,False,False,False,False,False,False,False,False,False,True
1084.691675717449,198.6593770272488,Fair,44.853153007701714,126.0702274451302,50.44011390079216,70.68051956153465,4,False,True,False,False,False,False,False,False,False,False
118.0,69.19488323367152,Fair,40.014736487640334,356.953299152461,49.49905293287046,253.6230722932953,4,False,False,True,False,False,False,False,False,False,False
421.0670686475566,167.9246498887184,Fair,55.0,294.8704810811304,63.00253286097205,245.71177337696653,4,False,True,False,False,False,False,False,False,False,False
1069.129809401799,39.834288349306526,Poor,29.499866109484056,206.70853267724016,37.06292610176755,150.92402710395277,2,False,False,False,False,True,False,False,False,False,False
265.0703125451459,96.05269425021412,Fair,39.495691508422574,369.5519608740699,43.30883211442505,270.4704271963617,4,False,False,False,False,False,False,True,False,False,False
118.0,126.3676864225196,Very Very Poor,55.0,529.2833304593638,65.0,355.4101649221408,0,False,False,False,True,False,False,False,False,False,False
146.34531780619454,39.81800989295492,Poor,33.70886635386985,409.0572330016727,41.59611247156401,271.34333043405843,2,True,False,False,False,False,False,False,False,False,False
1227.362559231771,15.37725964222353,Poor,20.44143060578008,137.68391924334654,31.28929574426659,97.99137722126784,2,False,False,False,False,False,False,False,True,False,False
763.0316191859571,74.34236621590331,Poor,34.87838664159177,327.22065440432937,37.29083658333364,216.3052210728273,2,False,False,True,False,False,False,False,False,False,False
832.3389541345578,55.32697486301892,Poor,30.065555982654526,245.70320242181643,33.18141399347665,182.7670526709208,2,False,False,False,False,False,False,False,True,False,False
920.849163119502,173.10554732634128,Passable,30.655377949984665,190.36931338358664,35.083417553572666,153.60364428610706,3,False,False,False,False,False,False,False,False,False,True
645.574234394405,14.493802491813325,Excellent,29.42955260417249,153.68482717509903,35.15422608726964,109.29942531599926,6,False,False,True,False,False,False,False,False,False,False
663.2325266874777,13.531775233455436,Excellent,28.449875276404743,127.46924228771782,37.39199712321836,78.61938001521212,6,False,False,False,False,False,False,True,False,False,False
289.0320143201989,60.58419976423194,Poor,46.32278246320072,312.14918271829714,52.89077966146792,197.01107745946427,2,False,False,False,False,False,False,False,False,True,False
401.48669161918417,216.7619710910422,Passable,50.22725184193161,354.99628070764965,55.78539942929023,258.674991573404,3,True,False,False,False,False,False,False,False,False,False
1002.2842323962782,22.150740910416108,Very Poor,23.848754244839203,355.0979850858709,26.778721385986454,243.549316750489,1,False,False,False,False,False,False,True,False,False,False
577.609817104735,80.6442633983964,Fair,37.60036500292906,366.2560705062058,38.81020749691317,204.55712269535928,4,False,False,False,False,False,False,False,True,False,False
118.0,115.86105178135554,Fair,52.392720238601726,291.61921435752055,63.1977169310756,217.57505715127616,4,True,False,False,False,False,False,False,False,False,False
1229.6214972402267,92.92511615532204,Fair,31.749611783402223,187.36636923120108,38.15262752166061,154.4144912403087,4,False,False,False,True,False,False,False,False,False,False
624.0349572484254,232.16432160287707,Very Poor,32.73612393551133,453.2603389564269,38.31128749030962,314.6691379580355,1,False,False,False,False,True,False,False,False,False,False
2057.783483319844,64.23000424172909,Excellent,27.737251580957707,40.0,37.10136757543336,40.0,6,False,False,False,False,False,False,False,True,False,False
456.03518703608063,108.5727123211304,Fair,32.53345325375004,310.2936399646456,38.31581186709433,243.56442877949775,4,False,False,False,False,False,False,False,True,False,False
1161.5575451090028,257.3175979021667,Fair,48.155099179500446,71.62494242187661,54.045573532687335,53.23682710580825,4,False,False,False,False,False,True,False,False,False,False
118.0,70.33943670412398,Fair,29.29904977405109,341.0082454092984,42.803954651336646,247.9561891301619,4,False,False,False,False,False,False,False,False,False,True
980.844032214682,33.36554048336407,Passable,28.512017626396226,253.15289249105672,37.65800460733692,156.15848166898263,3,False,False,False,True,False,False,False,False,False,False
885.8230163017201,79.03345738862434,Very Poor,31.35538176869523,524.0723015681352,35.69473516361901,356.53441263528015,1,False,False,False,False,False,False,False,True,False,False
312.60424629342253,190.73180387556476,Very Poor,43.16795384727313,541.4803405697572,50.59473737821588,330.3779211748762,1,False,False,True,False,False,False,False,False,False,False
1748.4083520691172,103.71628163060964,Fair,23.41218520943906,40.0,30.950578828710054,40.0,4,True,False,False,False,False,False,False,False,False,False
118.0,253.15980745193397,Passable,55.0,158.9779418926068,65.0,93.32179073220954,3,False,False,False,True,False,False,False,False,False,False
204.31534159842568,178.9243813975624,Excellent,49.06315841743367,40.0,60.04928383833623,40.0,6,False,False,False,True,False,False,False,False,False,False
999.52752553866,90.37135543135348,Passable,27.67374056785391,205.40340749556617,37.61970879225387,144.66247525563506,3,True,False,False,False,False,False,False,False,False,False
1811.5076551458728,46.17007163174696,Very Poor,25.880406199236766,145.68645514452334,31.6485466355792,94.8229218262654,1,False,False,False,False,True,False,False,False,False,False
697.4219286794696,117.72123667693184,Very Very Poor,40.1026304647515,378.5666964733578,48.25797592583219,248.2562670178949,0,False,False,False,False,False,False,False,False,True,False
1103.0299522142209,29.86242303551527,Passable,22.97499386004654,192.00044430304777,27.75585004728279,118.05030768081954,3,False,False,False,False,False,False,False,False,False,True
1502.2365063575005,104.35954993324334,Very Very Poor,24.354074022614096,286.45074689684816,31.383055749247948,151.571258159122,0,False,False,False,False,False,False,False,True,False,False
1035.5431900503036,193.13536537381492,Very Very Poor,30.581336756312584,402.2712631681417,39.67563608669271,283.5773272254251,0,False,False,False,False,False,False,False,True,False,False
442.4673712255358,43.98749430468631,Fair,39.80591764301043,274.5473892252622,45.27635980006311,213.88356128497995,4,False,True,False,False,False,False,False,False,False,False
118.0,292.23999737740803,Excellent,55.0,40.0,65.0,40.0,6,False,True,False,False,False,False,False,False,False,False
412.3555463563317,27.958291407046424,Passable,25.99345002955902,376.9064377558379,31.545083780261063,214.9329965962928,3,True,False,False,False,False,False,False,False,False,False
1428.5277293336446,134.23898970462966,Excellent,36.33791169055285,40.0,38.82977898651541,40.0,6,False,False,False,False,False,False,True,False,False,False
1084.5260220336904,93.51129506870426,Very Poor,39.253506934704895,409.7786756349983,49.45494455326024,248.72214464660985,1,False,False,False,False,False,True,False,False,False,False
860.1253092194211,64.79202970056953,Passable,26.300210549230044,227.923862374531,30.07484358805623,178.21105003289486,3,False,False,False,False,False,False,False,True,False,False
1924.048279720248,82.90447016288891,Very Poor,31.427328154655687,136.1157785779282,33.325313315467184,130.7922602074553,1,False,False,True,False,False,False,False,False,False,False
883.518541282589,120.34541542766152,Poor,37.70055777183573,289.3154853851651,41.087962947270434,233.43746835853395,2,True,False,False,False,False,False,False,False,False,False
763.7820920608378,53.38263015941926,Excellent,30.6925131378047,122.37885753459064,39.48730199413978,84.76212259361975,6,False,False,False,False,False,False,True,False,False,False
697.4584929862218,184.39724203767852,Poor,30.808845315043705,345.6549190443684,42.46160490891261,201.67908320199632,2,False,False,False,False,False,False,False,False,False,True
532.320378817355,61.595104390901895,Very Poor,26.14786285722662,468.46528166371786,32.77240703664022,363.22243965938674,1,False,False,False,False,False,False,True,False,False,False
385.4120915306029,243.76503258525665,Fair,51.62158264078538,359.7008015852029,58.33549789084556,228.21630032252605,4,False,False,False,False,True,False,False,False,False,False
471.6383028490615,51.56666504577871,Passable,29.299509830350217,345.9582649363898,36.89722840731877,232.9836561827761,3,False,False,False,True,False,False,False,False,False,False
847.4669039707221,25.716360436761807,Very Poor,36.240500599233165,521.1063394873024,47.2774243173499,280.3091771812304,1,False,False,False,False,False,False,False,False,True,False
703.5971494962378,105.41282655435714,Poor,46.68684228383571,265.96077811950266,55.053820210424334,172.73381735959816,2,False,False,False,False,False,True,False,False,False,False
613.0314784921236,19.57879880482349,Very Poor,46.21128931740596,640.4874601002921,53.22157876547637,415.195171057528,1,False,True,False,False,False,False,False,False,False,False
648.4258068650831,121.5555774731345,Poor,42.04267387394526,216.5449717236176,52.67747994807577,156.4015819235469,2,False,False,False,False,False,True,False,False,False,False
399.1690111233494,155.8426068065401,Fair,54.407676373336535,329.8570844255464,61.52729652263431,213.1139087260879,4,False,False,False,False,False,True,False,False,False,False
682.5703778188157,41.568702536344354,Excellent,29.97423798761429,71.55032365686775,35.72400769084499,40.0,6,False,False,False,False,False,False,False,True,False,False
1658.2857425396246,94.81958880966796,Excellent,23.699826549926694,40.0,32.21447118321957,40.0,6,False,False,False,False,False,False,True,False,False,False
938.7967835178056,41.615783288961154,Passable,26.450531285529067,236.2211250486838,33.28467726753878,148.76225222458754,3,False,False,False,False,True,False,False,False,False,False
1547.8631724080244,24.744619318716737,Fair,22.80208483841111,61.52594616946872,32.612925098032704,45.27644877640687,4,True,False,False,False,False,False,False,False,False,False
369.2279028231703,201.07341767241616,Excellent,55.0,80.27519780511507,62.253862952294845,67.56196545677636,6,False,False,False,False,False,True,False,False,False,False
1067.517691267121,27.490306891735685,Very Very Poor,30.40733692033952,573.8737970348674,37.34181807121911,424.44666725745856,0,False,False,True,False,False,False,False,False,False,False
1052.803249593611,28.7120459531208,Poor,23.5186593370891,208.59691111808337,28.457062044641138,155.3451624672418,2,False,False,False,False,False,False,False,False,False,True
615.5549055690676,147.01627783803497,Very Poor,45.39328111400263,448.99851286227175,50.37440628102839,276.67156404144026,1,False,True,False,False,False,False,False,False,False,False
448.85835667822505,89.6194944648674,Very Poor,35.06889816805928,473.737525088931,40.90569254224673,339.32481341758296,1,False,False,False,False,False,False,False,False,True,False
1021.7051331870192,345.6077282235035,Very Poor,35.13101105350911,435.76128830801656,45.58620251103808,338.9915376828886,1,False,False,True,False,False,False,False,False,False,False
892.5534056941543,139.21189935508772,Passable,26.475657250446105,262.05868247683696,35.86232905078482,175.9778649627861,3,False,False,False,False,False,False,False,False,False,True
1069.1605351819528,92.08364004135407,Very Very Poor,30.721914808787247,521.3509790894299,38.97813670453564,345.8821661340352,0,False,False,False,False,False,False,False,True,False,False
668.5372413568563,153.96780387071345,Passable,37.86187258407293,172.24466485726043,43.77816560575275,142.27898441403573,3,False,False,False,False,False,True,False,False,False,False
192.06669050078767,48.1984719619772,Very Very Poor,33.85604531091471,587.090017796575,38.09079609818191,479.4856236150824,0,False,False,False,False,False,False,True,False,False,False
1136.2402860249776,113.52786624307352,Fair,26.66344229457148,177.83993294141416,37.58404333991236,97.58902913041442,4,False,False,False,True,False,False,False,False,False,False
1020.906969008745,257.3449382842627,Excellent,25.644378011746703,40.0,34.55777571671148,40.0,6,False,False,True,False,False,False,False,False,False,False
1326.9135278750923,75.21295512479811,Very Poor,39.83538750066175,267.178816995289,47.26707132098464,183.9596739136556,1,False,True,False,False,False,False,False,False,False,False
1051.3335818101632,65.41024551166588,Very Poor,22.471487607404825,492.102136739025,28.96332995743505,379.1398897253235,1,False,False,False,False,False,False,False,False,False,True
679.6512955178567,45.324049244293725,Excellent,29.67410373857736,134.58702547101558,38.804978732937805,100.80994224245184,6,False,False,False,True,False,False,False,False,False,False
356.91214199844507,215.8324493979688,Excellent,54.028926753113645,46.89489150451325,61.40572460484387,54.07627836017944,6,False,True,False,False,False,False,False,False,False,False
628.3772713313913,124.92945558539378,Poor,26.70442040107986,246.388737395273,37.44573092193828,201.30771289007535,2,False,False,False,True,False,False,False,False,False,False
118.0,54.38154271382183,Passable,39.0771207269961,377.0638672555313,45.27613770982594,281.4671052516136,3,False,False,False,False,True,False,False,False,False,False
873.1314555440417,165.0010610175258,Passable,31.046367087153648,211.88251033840075,38.45656804828083,163.71030694752417,3,True,False,False,False,False,False,False,False,False,False
1492.738332593688,151.5602615661175,Poor,41.22083705351886,40.0,50.6312526609037,40.0,2,False,False,False,False,False,True,False,False,False,False
1372.0481979414817,52.897301379858064,Poor,28.60493389468436,161.99474562317943,35.38184159026369,77.79985615774609,2,False,False,False,False,True,False,False,False,False,False
1204.2365808208906,222.9410065409562,Poor,43.0797833810688,88.01574448946144,48.33297071047389,57.231658973478126,2,False,False,False,False,False,True,False,False,False,False
232.0865941864224,83.24401897938371,Fair,28.233228248205616,323.1817584947014,33.06123437845896,274.4059388635071,4,False,False,False,False,False,False,False,False,False,True
860.2424859675795,33.642321426187856,Fair,23.438263431928423,255.706514184857,32.10552842721924,223.28812532024835,4,False,False,False,False,False,False,False,False,False,True
1070.219974614237,71.80723786978126,Excellent,17.270829320741036,58.96975082906202,28.55556567808045,40.0,6,False,False,False,False,False,False,False,False,False,True
118.0,63.90660177858604,Poor,52.581152648594895,321.1351024625266,58.03435229179728,197.0264031195175,2,False,True,False,False,False,False,False,False,False,False
732.1528070318996,18.199127196710528,Poor,38.25844193167608,229.1984457940067,45.48393851246456,146.1937538438284,2,False,True,False,False,False,False,False,False,False,False
1347.379902929335,172.10726704322656,Fair,45.86670094016606,68.31515819806373,57.10856832451563,48.28727538766876,4,False,False,False,False,False,False,False,False,True,False
582.5395047550704,13.243652513600289,Fair,41.03111878655255,273.5496023024417,46.37506383999516,159.67771431036462,4,False,False,False,False,False,False,False,False,True,False
255.37034546647504,331.59387103416634,Very Poor,55.0,352.17445981130464,65.0,261.8722074203519,1,False,True,False,False,False,False,False,False,False,False
1709.1066919752136,69.65417237068756,Passable,42.807430279675536,40.0,46.35134255060313,40.0,3,False,False,False,False,False,True,False,False,False,False
624.3055568928845,150.09681857775035,Passable,49.13961791724712,267.13867650666657,57.70068677686351,183.18760741799048,3,False,True,False,False,False,False,False,False,False,False
582.0098420074218,85.46959430422471,Fair,38.80315275359516,254.4962935015543,50.60126907920901,189.4359275584552,4,False,False,False,False,False,False,False,False,True,False
976.005917592311,102.99406941227086,Very Poor,40.52320203251078,340.0135495382061,48.64896953609823,213.85730093539,1,False,True,False,False,False,False,False,False,False,False
118.0,28.086091768221348,Very Poor,46.79183689887018,648.8232696639717,59.5746398546361,506.4737919385438,1,False,False,False,False,False,True,False,False,False,False
1047.3507724232045,70.31193934417041,Fair,38.858191175510704,159.51286718834325,46.34646189265715,114.26415395132244,4,False,True,False,False,False,False,False,False,False,False
421.6192762707805,28.93503970543616,Fair,32.642321590284624,437.7693490858152,39.7680264149889,257.2779827892236,4,False,False,False,False,False,False,False,True,False,False
1522.951889581362,38.67973715342573,Very Poor,23.52484161136709,294.6833747765727,28.879052921406736,213.63387769767385,1,False,False,False,False,False,False,False,False,False,True
502.150355941251,10.19318344676216,Poor,39.83579479208246,273.26968263544694,44.83162336826001,179.1089474578492,2,False,False,False,False,False,True,False,False,False,False
356.97920553605167,44.0561778477822,Fair,31.610664856768256,356.81586025888345,35.7428340559495,272.2112821592958,4,False,False,False,False,False,False,False,True,False,False
760.5447401669365,175.96237307668846,Fair,38.86202300416503,301.4975821877775,45.35711726364877,205.87278600289483,4,False,False,False,True,False,False,False,False,False,False
989.299467450212,63.4800665525988,Passable,22.10596076639629,196.0284919777737,29.660784628189536,161.0477634723666,3,False,False,False,False,False,False,False,False,False,True
581.6528159180868,67.93047346158687,Very Very Poor,30.90315720585953,446.5118629426924,39.852173392666586,359.95573934182335,0,False,False,False,False,False,False,False,True,False,False
1013.0060089948328,26.581999931863564,Passable,26.03211657413849,287.2943725438744,36.36204098822388,180.68428930027403,3,False,False,False,False,False,False,False,False,False,True
1422.718775928316,117.51797377467793,Fair,47.264179264565,44.113855662781646,55.4188178503956,40.0,4,False,False,False,False,False,False,False,False,True,False
277.8896840701065,36.294563665665,Very Poor,33.37597871098371,808.165916728717,41.23375012832874,518.9794938664727,1,False,False,False,False,False,False,False,True,False,False
1628.7776083879849,64.76548133513778,Passable,26.53328993553003,60.08761900719687,33.19336662657916,40.0,3,True,False,False,False,False,False,False,False,False,False
1181.5629992488382,133.204039858973,Excellent,26.8834151965588,40.0,37.83915123343045,40.0,6,False,False,False,False,False,False,True,False,False,False
1236.6430412205732,36.84743899988717,Excellent,37.4067841577824,40.0,45.74277667975623,40.0,6,False,False,False,False,False,False,False,False,True,False
506.2065629157955,138.55982030083894,Fair,38.28262449279348,378.1971862988376,44.56997377820847,285.11856639482266,4,False,False,False,True,False,False,False,False,False,False
270.9943703616897,69.34626634628431,Fair,45.2451795275076,304.3588604444759,54.97421165581353,236.41303931799027,4,False,True,False,False,False,False,False,False,False,False
118.0,56.97282473889781,Poor,30.480356871209985,309.02755078797327,42.40420197290773,241.407288925655,2,False,False,False,False,False,False,False,True,False,False
833.0264637981389,104.78403529926686,Poor,29.92818833679421,246.1807512715117,36.57094168357852,181.99113109264027,2,True,False,False,False,False,False,False,False,False,False
286.791550788781,146.10711923237943,Passable,36.45651684553563,352.2981550552735,44.32856456083979,244.0359644532205,3,False,False,False,False,False,False,False,False,False,True
1055.9991435353782,63.5745642234143,Very Very Poor,23.73274918941306,473.3461963185087,34.96934553816826,315.08229599612935,0,False,False,False,False,False,False,True,False,False,False
365.0878060383111,154.36946584282794,Poor,39.219402663311406,332.45431231009326,45.825820940841176,222.74055300543787,2,False,False,True,False,False,False,False,False,False,False
1400.111957829695,90.79810783225376,Very Poor,29.62572323444761,317.99348693836623,36.995673468981856,217.69642126129787,1,True,False,False,False,False,False,False,False,False,False
955.5482193001844,196.35128134149184,Passable,30.96995412051241,177.24368124263214,40.35818127956926,140.0225854424256,3,False,False,False,False,False,False,False,True,False,False
794.0817456160769,108.53350548812416,Very Poor,47.55535344815639,444.7950188194918,57.52051021428992,372.7585757857898,1,False,True,False,False,False,False,False,False,False,False
1633.150656998701,40.68505844622614,Poor,28.319927073072023,40.0,36.86396360458585,40.0,2,False,False,False,True,False,False,False,False,False,False
1519.111277993802,18.89810367134718,Passable,34.869813810724914,40.0,46.64141159934811,40.0,3,False,True,False,False,False,False,False,False,False,False
118.0,219.13946905773903,Fair,55.0,129.4341217785775,65.0,81.8802439860116,4,False,True,False,False,False,False,False,False,False,False
1001.0817015154302,79.79891694657552,Excellent,30.820145206263703,40.0,37.51591456703755,40.0,6,False,False,False,False,False,False,False,True,False,False
118.0,47.83633977532238,Very Poor,55.0,589.0995203979717,63.75907131785617,447.6267849140353,1,False,False,False,False,False,True,False,False,False,False
520.9392707092258,38.18924189610698,Fair,28.453271265201717,322.3989848202214,36.83268927188327,234.2454705199423,4,False,False,False,False,False,False,False,True,False,False
548.1552129132106,133.5382263406999,Excellent,27.11083652460085,64.16735404879387,36.614304779716974,40.0,6,False,False,True,False,False,False,False,False,False,False
992.8928346139804,63.61769409538178,Very Poor,42.48118581925447,494.3974689628741,55.70774860498592,340.9822867986952,1,False,False,False,False,False,True,False,False,False,False
764.1751454835104,37.05671073846448,Passable,22.095836545999745,229.51293767533195,30.506956635837035,155.7469367334449,3,False,False,False,True,False,False,False,False,False,False
1739.0640273022975,142.63802856108495,Poor,26.43026091545703,40.84213096004254,37.004004922456566,40.0,2,False,False,False,False,True,False,False,False,False,False
762.5723788571768,120.85144778232949,Fair,38.61528814949302,175.356143349204,46.44557717954671,121.19766670737108,4,False,False,False,False,False,True,False,False,False,False
1516.944101573943,282.837527385806,Passable,31.403177316870444,69.76143918946971,36.17074719807815,40.0,3,False,False,False,False,False,False,True,False,False,False
260.636414490285,89.51404948276216,Poor,43.022104159037966,263.0185342049977,50.74446326354143,206.821561699072,2,False,False,False,False,False,False,False,False,True,False
736.6431131025058,36.72889498543538,Very Very Poor,39.74633019310366,476.0101415022073,45.86855277557577,291.2202905295717,0,False,False,False,False,False,False,False,False,True,False
1159.627858984537,47.02029692191028,Fair,30.328474742393183,226.97480906301092,39.70947522304385,158.1672672196425,4,False,False,False,False,False,False,False,True,False,False
485.2643581988991,191.97640429215204,Very Very Poor,33.77228263657454,438.2712203731047,46.08420582921661,336.9204027383885,0,False,False,False,True,False,False,False,False,False,False
1190.6927757318597,77.17864717756154,Fair,29.701919515350912,254.5775540823027,36.061909674265465,157.5176052142379,4,False,False,False,False,False,False,False,False,False,True
795.8994913992659,108.12513761647622,Passable,25.90681518145153,265.9609446987163,39.096291904274416,155.59166043764696,3,True,False,False,False,False,False,False,False,False,False
118.0,41.75457180341771,Passable,50.69917591886288,331.9304526140652,57.42792740918046,234.77308961405265,3,False,False,False,False,False,True,False,False,False,False
471.0502959740813,31.19802634636561,Passable,44.63898330289811,359.19034145950485,52.42932798912215,220.48463454111047,3,False,False,False,False,False,False,False,False,True,False
947.1311795114084,105.66204388301016,Poor,40.41969750493271,145.9507071921065,47.20979961634634,114.16816686001744,2,False,False,False,False,False,False,False,False,True,False
958.3455706343706,37.8504829392773,Passable,32.873622701554254,274.4322722320589,37.3193024543407,182.87322334677947,3,True,False,False,False,False,False,False,False,False,False
744.1105560025218,229.90296989137727,Very Very Poor,49.63912261165565,411.4175668281489,55.55429766193884,271.20026698925955,0,False,False,False,False,False,True,False,False,False,False
870.7567821848814,88.5827365238844,Fair,28.41803340325669,297.5580473302496,37.93220242292526,234.93989612996023,4,False,False,False,False,False,False,False,False,False,True
1057.195661696266,50.14864920827659,Very Very Poor,29.156443270166218,383.8587450434403,32.97321347578192,268.11990361255795,0,False,False,False,False,False,False,True,False,False,False
902.6447588962756,179.5646398083509,Fair,32.855275431733574,224.78384337795865,38.91039726350121,158.02186773316606,4,True,False,False,False,False,False,False,False,False,False
453.14706151000064,37.65874852465676,Excellent,28.77900741082524,161.495719824425,35.00390808866183,118.09889886541656,6,False,False,True,False,False,False,False,False,False,False
485.19916021433954,38.63568944562743,Poor,27.11785990611007,399.3941852857537,37.62498817822733,246.1929716035997,2,False,False,False,False,False,False,True,False,False,False
1587.961095637941,194.73737137986836,Very Very Poor,41.58873611001019,206.8596616115574,50.85498096337432,161.35967845588254,0,False,True,False,False,False,False,False,False,False,False
877.6418681521662,42.93718387221757,Fair,25.946731069064803,240.5705425079734,34.49089473828278,197.90283743302032,4,True,False,False,False,False,False,False,False,False,False
1359.016471871493,89.2774290721008,Poor,28.911983068932457,120.92044403247075,36.2143294304873,83.18018958332614,2,False,False,False,True,False,False,False,False,False,False
1022.9314317995544,13.049296688988663,Excellent,24.328776203112863,40.0,32.45934287576407,40.0,6,False,False,False,True,False,False,False,False,False,False
603.9281213865278,148.69553561254608,Poor,28.25173138252613,285.885259099295,37.42940608496218,167.47066269919043,2,False,False,False,False,False,False,False,False,False,True
118.0,82.00749971271942,Poor,50.43248567517933,404.3963472161672,59.35240020133028,262.51495680412233,2,False,False,False,False,False,False,False,True,False,False
962.379654075314,22.420290633107985,Excellent,27.407733079468592,49.69415031470774,33.89486504840105,40.0,6,False,False,False,True,False,False,False,False,False,False
1105.2088823872602,122.11240267289604,Poor,35.6799254744355,205.642562665564,38.6351601320668,129.95683302485494,2,False,False,True,False,False,False,False,False,False,False
933.2123032573272,82.22009994914542,Poor,28.66953585173178,187.32875017893343,34.245188195308565,124.30967358210586,2,False,False,False,False,False,False,False,True,False,False
675.5723739570723,42.84710801760337,Excellent,24.100243665910245,80.38863825182796,31.84663126155764,62.36237447621669,6,False,False,True,False,False,False,False,False,False,False
652.9161404014096,100.25163883836728,Fair,28.09618207700914,299.8003041049036,40.44090842198223,175.73311872443833,4,False,False,False,False,True,False,False,False,False,False
1016.1380967324224,113.63323086224212,Poor,31.95502008595141,201.44726022088523,39.97257719250067,126.32821518605724,2,False,False,False,True,False,False,False,False,False,False
901.8068810249092,61.77634031213486,Very Very Poor,20.920340208767165,371.9958444621248,31.08243886708019,305.0030386740366,0,False,False,False,False,False,False,False,False,False,True
536.4102923629024,156.39644580968235,Excellent,34.6400522353119,77.52200944752475,38.36812347465203,58.76879480559694,6,False,False,False,False,False,False,False,True,False,False
1009.6063198749652,190.16153632063728,Passable,32.654900712375586,177.94289198605094,41.74933101952458,104.95686100233942,3,False,False,False,False,True,False,False,False,False,False
688.0600212337513,67.81890383695688,Excellent,32.89875868274701,103.00443698965744,41.07858795970625,57.89576532676065,6,True,False,False,False,False,False,False,False,False,False
1399.8244259434043,211.6621066996072,Passable,30.020827973031277,124.32203427052914,38.50416568414725,79.89907402319079,3,False,False,False,False,False,False,True,False,False,False
304.3539343115335,61.32041433446742,Excellent,49.51656053281639,41.92164559515701,58.64524434583512,49.60937906570382,6,False,True,False,False,False,False,False,False,False,False
1123.8454340709302,68.41131089771145,Poor,30.450886745011424,204.39292801943583,32.11035372897232,130.93001722614397,2,False,False,False,False,True,False,False,False,False,False
118.0,75.2233091047044,Excellent,54.710057498554114,120.31731745913248,63.48914182604829,69.42761827563962,6,False,True,False,False,False,False,False,False,False,False
118.0,267.9686290053996,Fair,55.0,76.9668199918201,65.0,62.068147329794165,4,False,False,False,False,False,False,True,False,False,False
456.8498511944443,38.32461431392932,Poor,33.40156514645258,442.01405677614366,38.61259570095245,307.18106417457244,2,False,False,False,False,False,False,False,True,False,False
811.8828022226996,56.08776799379534,Excellent,27.77100011903765,44.27829216288153,37.88099602306968,40.0,6,False,False,False,False,False,False,False,True,False,False
609.1380461471083,69.8849250595231,Passable,29.034602093731277,304.7033266159942,32.790667506119945,231.4803638898433,3,False,False,False,True,False,False,False,False,False,False
196.6988884773909,241.59947101432755,Poor,46.60125526792338,240.93088719797308,55.65363051587016,168.01633824059775,2,False,False,False,False,False,False,False,False,False,True
384.66211979804,45.850787057385226,Excellent,31.643890274179878,178.32412606522038,41.69775707035836,150.98658985511577,6,False,False,False,False,False,False,True,False,False,False
515.8057180671166,76.2829929579903,Very Very Poor,28.26996525190327,548.9378153406798,35.250999253691475,403.06336281594855,0,False,False,True,False,False,False,False,False,False,False
1050.250378269128,23.22674497929233,Poor,26.176533350246302,195.938345386226,35.608743331498985,176.29362735432002,2,False,False,False,True,False,False,False,False,False,False
1446.9785897506677,24.319425033191425,Fair,29.827620202518567,130.69958149174147,39.18721533001831,88.73823056524603,4,False,False,True,False,False,False,False,False,False,False
560.1869374128215,40.901554870526816,Very Poor,25.99873823943413,462.8720730894456,36.32345575518048,332.6350131961046,1,False,False,False,False,False,False,False,True,False,False
766.2806577306036,87.1936955210759,Very Poor,36.54235826787444,618.3716994154977,41.37828368106333,467.78767518560846,1,False,False,True,False,False,False,False,False,False,False
882.344818195471,73.87785497414993,Passable,28.934739453336565,235.718037808291,37.60395975946378,181.79471095405856,3,False,False,False,False,True,False,False,False,False,False
803.4153705574802,386.48750250721326,Passable,55.0,147.96102611345336,65.0,85.62240668359883,3,False,False,False,False,False,True,False,False,False,False
977.1248190677536,62.72160170152734,Passable,26.575543582393184,228.7047480776941,34.3967542704857,135.59844165063203,3,False,False,False,False,True,False,False,False,False,False
767.3220240737763,50.93461181209154,Passable,35.406480351912464,216.06413460083184,46.67438732568736,149.45993939434217,3,False,False,False,False,False,True,False,False,False,False
1243.482216161417,417.706663322248,Excellent,55.0,40.0,62.37250045772057,40.0,6,False,False,False,False,False,False,False,False,True,False
780.3434646249838,23.60590171998033,Poor,26.380958186585385,280.4289147502512,33.09177363545314,172.03615947817062,2,True,False,False,False,False,False,False,False,False,False
1032.6318714330712,46.91823319473428,Poor,28.433195271695617,187.9073480228811,34.34319426588559,131.6269044647849,2,False,False,False,True,False,False,False,False,False,False
1095.085687795529,101.78097710189697,Poor,28.433041979562866,171.37390236202708,39.09938373066481,149.42728274822986,2,False,False,False,False,False,False,True,False,False,False
818.759319923455,89.02156135421099,Fair,33.74539774475021,326.34968260658553,37.771448273755695,205.6357605021958,4,False,False,False,False,True,False,False,False,False,False
1519.1510666752508,392.6304675854248,Fair,30.829367502029083,40.0,37.558282289565845,40.0,4,False,False,False,True,False,False,False,False,False,False
841.0951227083601,60.686729414766994,Poor,27.608447515314925,257.69036525734145,36.98608571399605,135.1283679710718,2,False,False,False,False,True,False,False,False,False,False
841.407005109374,16.057952315909738,Excellent,32.841290808553445,118.55343228176068,39.89381581006416,92.56467889558424,6,False,False,True,False,False,False,False,False,False,False
633.4914353409847,31.67037937636871,Poor,33.83133012183032,378.5743398211247,38.09610830838144,238.5877746831152,2,False,False,False,True,False,False,False,False,False,False
724.368742441891,42.56692433918935,Excellent,26.38730464219447,63.02469618280459,31.48416959864624,40.0,6,False,False,False,False,False,False,True,False,False,False
469.1490626222218,34.133815490977696,Fair,30.39259668112164,332.58275566936453,32.53621767967406,230.5592595011804,4,False,False,False,False,False,False,False,True,False,False
987.4719930120334,532.7443243760619,Fair,41.85989777921113,139.5592382650465,51.895944961201074,96.85075126952437,4,False,False,False,False,False,False,False,True,False,False
589.2986354423069,55.15280401123735,Passable,35.367768017533656,222.3657713549603,41.344828840776806,137.78420315664724,3,False,True,False,False,False,False,False,False,False,False
1502.0735565917687,45.14657744174708,Excellent,27.41000546315171,40.0,34.27595314765871,40.0,6,False,False,False,False,False,False,False,True,False,False
515.3389869089427,40.00610036768278,Poor,22.661287684122826,322.95486150106046,32.23567086190064,171.46729306455038,2,False,False,False,False,False,False,True,False,False,False
1749.9062437488726,102.86763930900648,Very Poor,44.70262473165761,257.65676869684523,52.51566511195716,187.1189627360615,1,False,False,False,False,False,False,False,False,True,False
1255.6962575619318,129.62490066142328,Poor,26.115482333069373,118.5685394682409,36.43563126325768,76.39548016159276,2,False,False,False,True,False,False,False,False,False,False
118.0,24.36819409115993,Passable,31.003253981042388,403.7362006375103,39.36193284107276,304.6014365262656,3,False,False,False,False,True,False,False,False,False,False
1480.9122032638777,153.3580717445383,Poor,50.82279162224432,40.0,53.997615991361975,40.0,2,False,True,False,False,False,False,False,False,False,False
118.0,54.73036948163508,Excellent,53.74235041141668,156.56725743334056,58.1942344454822,111.15728931655654,6,False,True,False,False,False,False,False,False,False,False
1326.768563030996,91.901674747317,Passable,34.673015910763986,62.24306515599089,39.93592028300214,51.68977644435433,3,False,False,False,False,False,True,False,False,False,False
638.393852723251,65.61677547257916,Passable,33.033091006609524,216.7414019814317,43.03482289537874,140.14357798701894,3,False,True,False,False,False,False,False,False,False,False
464.254602936023,124.7219808137612,Passable,47.04591008186693,289.6999815937919,51.203632566228094,174.48413518003787,3,False,False,False,False,False,False,False,False,True,False
1315.575716841361,70.93585667447407,Excellent,28.429070360333355,40.0,36.717709584646016,40.0,6,False,False,True,False,False,False,False,False,False,False
1211.4808984942413,50.81249543221513,Very Very Poor,34.80932976789427,240.86254917519256,41.62895908721016,185.0540297507795,0,False,True,False,False,False,False,False,False,False,False
634.7602973435039,54.86884680596771,Excellent,36.31162803340404,60.55393864841852,38.60252232970394,40.0,6,False,False,False,False,False,False,False,False,True,False
890.8473045960576,70.7079571521994,Fair,37.94427243722647,168.80454854452844,46.48222068043121,124.15165038956316,4,False,True,False,False,False,False,False,False,False,False
1054.671335510813,260.87370664080004,Passable,33.140552998494314,156.1591555814246,40.8409835128781,118.29174908971136,3,False,False,False,False,True,False,False,False,False,False
473.0508554102325,180.56147449231665,Very Poor,38.43921357670554,535.6839456198892,43.13128158195767,349.2563917686373,1,False,False,False,False,False,False,True,False,False,False
559.5833855812391,122.90113917086111,Very Poor,37.67520693606777,689.8068015998158,44.44215898042729,473.4017813416518,1,False,False,True,False,False,False,False,False,False,False
1457.3345580439964,31.65664714766935,Fair,25.44942552272681,79.78649209180367,30.375388984522218,70.40413946629684,4,False,False,False,True,False,False,False,False,False,False
1006.577781007533,28.20124952167505,Very Very Poor,28.798055251063506,499.5372984879439,35.14099208552182,307.94890784261787,0,True,False,False,False,False,False,False,False,False,False
798.3738524153962,178.33697770886104,Fair,33.120511929349085,229.512517041678,38.76918707574752,180.796769792362,4,False,False,False,False,True,False,False,False,False,False
1050.151131806303,19.74827882340013,Fair,23.621638704005623,202.4270397451782,32.2715270758989,169.992630212371,4,False,False,False,True,False,False,False,False,False,False
803.6649119359298,32.837175235739714,Very Very Poor,31.41505595686911,530.9587846833476,33.94720286601628,378.96060379722513,0,False,False,False,False,False,False,True,False,False,False
667.3717183984637,82.9148802845439,Poor,39.41609536106078,207.40868462962268,51.41493597339869,139.9532946943437,2,False,False,False,False,False,True,False,False,False,False
511.442895506732,159.6571180825334,Excellent,45.31757397548554,40.0,56.35277149191158,40.0,6,False,True,False,False,False,False,False,False,False,False
1380.8120125725743,139.74355802008256,Fair,32.66087351414853,120.93735924955304,39.84546850110032,109.54563880086016,4,True,False,False,False,False,False,False,False,False,False
1174.6810168222862,58.36291595281293,Very Very Poor,27.259174816964567,471.1539326561003,31.32420503738931,290.08779632801406,0,False,False,False,False,False,False,False,False,False,True
676.4447826785084,35.38816467015468,Excellent,28.52488121979737,75.76207708009743,33.179979180088935,55.07551065798507,6,False,False,False,True,False,False,False,False,False,False
369.1897022003385,104.4820519334315,Excellent,41.728252714734296,111.28328371275364,44.67672800574663,117.64029288886348,6,False,False,False,False,False,False,True,False,False,False
174.88244629994824,43.16581095924321,Very Poor,28.404565104719158,606.863678454199,41.0018966375669,382.1136202558245,1,False,False,False,False,True,False,False,False,False,False
353.97867236541845,28.262584879216117,Fair,25.64765846415789,372.3312322264407,36.15535539604152,240.7229040040193,4,False,False,True,False,False,False,False,False,False,False
615.4410143858208,55.93420646076533,Excellent,33.71853979757327,61.97414260514888,41.863713459166206,40.0,6,False,False,False,False,False,False,False,False,True,False
466.24955343563295,38.6365031938488,Passable,30.44724416527052,326.6023544401376,35.269751896915885,236.6947145065044,3,True,False,False,False,False,False,False,False,False,False
241.6344000978902,76.14904568571129,Very Very Poor,46.69256008576065,460.6336817619751,58.41267484323231,341.0546482898427,0,False,False,False,False,False,False,False,False,True,False
321.25070994439045,27.939436661612,Very Very Poor,33.6160905133506,483.86881070979047,40.92896434992427,327.4757834176579,0,False,False,False,False,False,False,False,False,True,False
992.8724910230832,52.45722916490962,Fair,40.45416569498932,169.64604294220524,45.45917771701533,95.29977473594975,4,False,False,False,False,False,False,False,False,True,False
1019.3427819051686,48.27287617397592,Very Very Poor,27.69599058909697,472.9568688093596,35.033001789160366,328.14147267773,0,False,False,False,False,False,False,False,True,False,False
129.27028591225496,30.34503871512589,Very Poor,44.77791704075356,534.1364263356921,49.17175990824107,368.6236086414432,1,False,False,False,False,False,True,False,False,False,False
737.7157143654506,122.41750045567964,Poor,27.049123578390343,271.45615758161574,31.50312319871624,228.8976726134557,2,False,False,False,False,False,False,False,False,False,True
143.338178203648,73.53919386203358,Excellent,55.0,54.36952841833901,65.0,43.2300986392673,6,False,True,False,False,False,False,False,False,False,False
245.60988406453248,38.63199525368725,Excellent,27.709065795730844,303.18592103716475,37.14407849775765,211.58803543615576,6,False,False,False,False,False,False,False,False,False,True
1267.4954705249063,93.81695525145857,Very Very Poor,26.63965490183227,330.94180462054214,34.80526127961112,215.22047725085451,0,True,False,False,False,False,False,False,False,False,False
428.566135245397,154.0350832400742,Excellent,37.05266304193565,104.19104613639968,45.32258529470977,83.28828318051204,6,False,False,False,False,True,False,False,False,False,False
872.8692366485967,133.64631172977732,Very Very Poor,48.06940235079367,482.7376402525665,57.72086251702037,291.7962998549631,0,False,False,False,False,False,True,False,False,False,False
118.0,55.15444261480389,Excellent,55.0,121.85801533480766,65.0,88.22706968230476,6,False,False,False,False,False,True,False,False,False,False
589.5308579474668,151.88577824555026,Poor,30.78079379764486,289.13546612013585,41.50229483628077,229.2472232910486,2,True,False,False,False,False,False,False,False,False,False
1126.9692457584215,103.83524348300372,Passable,29.94835628198227,156.92422585906434,34.038613743108726,98.46194379488522,3,False,False,False,True,False,False,False,False,False,False
1112.6955363545148,61.36675720019242,Very Poor,40.06911588725831,393.3646018889486,45.00793433680408,323.20056680393753,1,False,True,False,False,False,False,False,False,False,False
118.0,231.2298084035548,Very Poor,55.0,316.94107555113743,65.0,229.1828085349601,1,False,False,False,False,False,True,False,False,False,False
1427.7344524811017,83.04298213787115,Fair,40.69486011882998,40.0,48.32950449866717,40.0,4,False,False,False,False,False,False,False,False,True,False
774.4711223772762,86.66795014479993,Fair,28.940357918724374,278.20029405259885,37.78289397817512,174.57172600187235,4,False,False,False,False,False,False,False,True,False,False
305.50216475422764,90.0363139610887,Fair,55.0,352.4006526107278,59.08830498909466,287.9325603978987,4,False,False,False,False,False,True,False,False,False,False
1265.6922207901257,143.65409694160493,Very Poor,40.133734044309776,240.61948456346644,46.69233547117544,144.88202764865883,1,False,False,False,False,False,False,False,False,True,False
438.3818532615557,19.82024099988573,Passable,32.12755601118157,440.0563240233271,38.20276469623431,295.7019941951742,3,False,False,True,False,False,False,False,False,False,False
451.0434005623296,40.34754083568854,Passable,31.121587057797075,349.58068476585936,33.45510827117004,247.25417031025023,3,False,False,False,True,False,False,False,False,False,False
708.4572399245602,169.58027197958526,Very Very Poor,38.51432178503366,489.8183969557127,44.67985990644913,326.69480207806555,0,False,False,False,False,False,False,True,False,False,False
1115.1041553119182,78.39425768402316,Poor,32.08349250897684,209.9840343960301,38.02648767119037,152.96985185844488,2,False,False,False,True,False,False,False,False,False,False
755.2526596716312,48.37936449422308,Very Very Poor,30.384042604559035,415.3723990463904,38.01891181085727,308.13027247019374,0,False,False,False,False,False,False,False,True,False,False
502.2136115300585,85.71823392398086,Excellent,39.89285033043625,76.61760315549566,50.592899241920605,40.0,6,False,True,False,False,False,False,False,False,False,False
770.7023910363504,45.31248672587242,Passable,40.02525791295935,203.36448614152823,47.96994508647177,166.34330033276797,3,False,False,False,False,False,False,False,False,True,False
603.7491890793867,78.63782268627936,Very Very Poor,25.799603662406756,499.772536205636,30.66018845619763,277.88838809511304,0,False,False,False,False,False,False,False,False,False,True
736.0302338064582,72.75428046652232,Very Poor,43.70924808548338,441.73101030579096,50.27358290801702,266.2031163436204,1,False,True,False,False,False,False,False,False,False,False
718.1462929330633,212.5372998338213,Passable,46.3178480623613,185.3654356504303,51.41860957616629,130.68508732828565,3,False,True,False,False,False,False,False,False,False,False
1079.7569886158724,84.52562956102051,Excellent,31.815362350575512,40.0,35.37753438463364,40.0,6,True,False,False,False,False,False,False,False,False,False
481.0802517731042,174.1367428432407,Fair,44.97608247824502,229.23498931158932,56.06024834823847,185.0389702667943,4,False,False,False,False,False,True,False,False,False,False
1170.2042520948944,251.8673699466627,Excellent,36.22269632495896,40.0,44.543643544062185,40.0,6,False,False,True,False,False,False,False,False,False,False
661.873318805783,21.97080036915248,Excellent,28.784003708151165,109.66381694687064,33.882300798581284,94.74396527079936,6,False,False,False,False,False,False,True,False,False,False
1208.313036700359,23.525328644091896,Fair,23.847485153163227,188.7181358035081,31.857067238179603,140.7105724316109,4,False,False,False,False,False,False,False,False,False,True
1560.208528199208,48.11336756131492,Poor,27.693170101988,89.19986354506054,34.847327599532136,64.17219817344427,2,False,False,False,True,False,False,False,False,False,False
921.160214811768,48.03865806534667,Poor,27.470506883199405,218.79283858210985,31.817863090716628,178.74074659349245,2,True,False,False,False,False,False,False,False,False,False
930.890300604756,101.9329087375613,Passable,29.62727538781362,229.1044151034512,37.22647428642144,156.62328966980726,3,False,False,False,False,False,False,True,False,False,False
989.9616390537916,134.53236626364136,Excellent,40.922376474285365,40.0,49.07256779946503,40.0,6,False,True,False,False,False,False,False,False,False,False
1427.5146926474022,140.96300812591466,Fair,28.17351961259273,122.3956413714206,32.83265662878509,88.33310289327399,4,False,False,False,False,False,False,False,False,False,True
1306.3383882620756,80.17220522309488,Very Poor,25.93830513949827,486.2282381571668,34.15816202846337,357.82532656767125,1,False,False,False,False,False,False,False,False,False,True
1458.6294142417592,77.48021899889588,Very Very Poor,24.6941489927296,320.76955764048853,29.373040200233696,224.3599453206332,0,False,False,False,False,False,False,False,True,False,False
1212.980826385378,157.35342536750576,Very Very Poor,34.73936914396477,386.31274827623497,40.443569492639774,318.077246503146,0,False,False,False,True,False,False,False,False,False,False
1236.535211742768,68.66714249082929,Excellent,26.75243834728136,40.0,34.62625664111034,40.0,6,False,False,True,False,False,False,False,False,False,False
634.4915244323885,171.4119106849799,Very Very Poor,24.2327330359444,449.6953544683105,33.044070510144394,310.9810766294229,0,False,False,False,False,False,False,False,False,False,True
794.2378051325273,55.427249928234936,Fair,26.39551020238028,250.8386434500058,36.88383204549786,195.62691216075777,4,False,False,False,False,False,False,True,False,False,False
854.2833875897546,48.98838907823076,Poor,26.428596456390306,246.00627235918495,33.45319824414204,164.13978749789698,2,False,False,False,False,False,False,True,False,False,False
1308.2502334770631,261.80664633510554,Poor,37.84304269493764,63.820639934720745,44.41411414037178,40.0,2,False,False,False,False,False,False,False,False,True,False
269.5572343793877,98.85857483647057,Poor,40.43022411984409,283.9815367147723,48.79396704080313,216.87948939038372,2,False,True,False,False,False,False,False,False,False,False
1061.5088478682942,43.63137533785791,Fair,42.08453082256064,125.81729899828323,49.84708209658762,103.11227562932814,4,False,False,False,False,False,True,False,False,False,False
776.3556992270379,75.14467842794666,Very Poor,46.43303537598332,495.2141363928101,54.17519972773257,332.42892666187595,1,False,False,False,False,False,True,False,False,False,False
593.4818555387587,111.23358611698993,Fair,34.271706698563705,219.5498583607544,42.03833736403401,129.91955878326672,4,False,False,False,False,False,False,False,False,True,False
1803.756025062866,11.631230327198496,Very Very Poor,22.05134313534492,225.12597866600652,28.78057975908192,152.64147487369937,0,False,False,True,False,False,False,False,False,False,False
1008.6705037169744,36.96033399743415,Very Poor,28.75301083260334,487.36434558172334,32.78292320784468,374.7538617767068,1,False,False,False,False,True,False,False,False,False,False
118.0,200.76128181016247,Passable,55.0,255.58074196007829,65.0,128.88107517327984,3,False,False,False,False,False,False,False,False,False,True
1629.2587922903272,77.84899653020757,Fair,27.252559181265877,40.0,35.82658188432709,40.0,4,False,False,True,False,False,False,False,False,False,False
577.065605388336,64.66641983354546,Very Poor,36.91065147855335,378.6199075408817,42.94455962596641,206.61557390614587,1,False,False,False,False,False,False,False,False,True,False
1605.1159325323115,28.7662769322577,Very Poor,20.51862076560456,294.9811680349707,30.327425635987623,201.02590378076823,1,False,False,False,False,False,False,False,False,False,True
824.0795988962689,121.0609711832202,Very Very Poor,23.270399634386216,447.1829362798518,35.86059225402265,313.4290215871018,0,False,False,False,False,True,False,False,False,False,False
118.0,90.20359788665723,Excellent,47.42664804147026,163.3219936964678,56.135849728285024,128.79073761061642,6,False,False,False,True,False,False,False,False,False,False
784.1385943467305,204.7766676097177,Very Very Poor,26.26100536953757,374.4762856338132,35.60676410166158,266.237956824402,0,False,False,False,True,False,False,False,False,False,False
416.6162338401976,203.64619066982576,Fair,54.34189820451118,231.9507675238721,59.00989706226967,158.16923775282066,4,False,False,False,False,False,True,False,False,False,False
607.4918920098407,108.9000436378841,Fair,42.83627621620488,202.95353903790604,49.83671417094631,172.8668451298385,4,False,False,False,False,False,False,False,False,True,False
493.7549310603073,22.551023778147734,Very Very Poor,32.75513627577796,622.5882665268962,37.2074587187506,479.117818167374,0,True,False,False,False,False,False,False,False,False,False
719.32868972562,34.89389446040209,Fair,39.27162746859643,246.46576980536565,45.75714267204084,139.20979433888704,4,False,False,False,False,False,True,False,False,False,False
1201.6377701702738,149.44858127559183,Excellent,29.533334994126665,40.0,39.777336993224935,40.0,6,False,False,False,False,True,False,False,False,False,False
760.0003804891143,59.62682645624735,Very Poor,46.17188574809904,571.2637271860441,50.97542174209141,357.7229241219373,1,False,True,False,False,False,False,False,False,False,False
1784.5072126322616,129.36633636067836,Fair,27.56497542559418,40.0,35.823543877005974,40.0,4,False,False,False,True,False,False,False,False,False,False
1292.2525105540212,40.935532852022405,Very Very Poor,29.228546862636296,378.12913519488734,37.45965803704628,264.61625784917675,0,False,False,False,False,False,False,False,True,False,False
1184.828251334422,62.1728605540314,Fair,26.82527819687841,174.86015258478884,34.48161089368809,99.8723876110964,4,False,False,False,False,True,False,False,False,False,False
551.9785975950331,82.14597727578263,Very Poor,30.20750420308976,486.4026744560936,40.65564218513394,344.1328971993603,1,False,False,False,True,False,False,False,False,False,False
857.4415034343409,70.39346361083494,Excellent,25.865948923435827,40.0,28.28816492340773,40.0,6,False,False,False,False,False,False,False,True,False,False
311.22904251666125,126.96251666662543,Very Very Poor,41.35719149563254,712.1565742991448,49.53579115126119,443.1055625774583,0,False,False,False,False,False,False,True,False,False,False
667.0831124039559,121.7817588115913,Fair,28.88004318268236,299.17250565124573,33.724787179908816,217.65816973035425,4,False,False,False,False,False,False,False,False,False,True
1517.5835883704076,132.70126369691332,Passable,35.19156511725763,117.2622878330658,42.34678498306968,71.46775806924722,3,True,False,False,False,False,False,False,False,False,False
118.0,141.84897056637686,Poor,54.31456769031034,218.39461894322235,56.1708814182338,184.75063784013412,2,True,False,False,False,False,False,False,False,False,False
118.0,60.2826045586524,Excellent,38.36896090850916,125.94688614711092,45.573337745877936,113.33503799492811,6,False,False,False,True,False,False,False,False,False,False
118.0,24.33492183792232,Very Very Poor,29.941239011935217,567.3509712834555,38.68339928146698,430.2694032359466,0,False,False,False,False,False,False,True,False,False,False
916.4006498234752,101.60759671295632,Poor,27.863515282095257,227.68101434458717,37.50554078479406,142.7813582516817,2,False,False,False,False,False,False,True,False,False,False
1053.4320538173183,33.584508815473065,Very Very Poor,21.87964548459368,442.9998755761257,37.08372636047124,294.7788994049359,0,False,False,False,True,False,False,False,False,False,False
923.16055408139,434.2205207096758,Fair,38.91382296631665,181.269165996161,45.074088334070574,140.84986803812097,4,False,False,False,False,False,False,False,True,False,False
975.9901855597864,600.0,Very Very Poor,55.0,315.2639042592921,65.0,239.95142413412623,0,False,True,False,False,False,False,False,False,False,False
677.1811944272214,17.829828218622584,Fair,26.082490603216662,259.5243963438836,34.376385560196745,199.814628768295,4,False,False,True,False,False,False,False,False,False,False
1619.1733814791182,78.71988874310962,Fair,21.791752919571525,60.37487188381303,27.95898835493384,40.0,4,False,False,False,False,False,False,True,False,False,False
625.8397290163117,10.659971351550762,Excellent,34.524281418615764,65.70728424245269,43.99621304910627,62.71504266623616,6,False,True,False,False,False,False,False,False,False,False
382.4411714845626,116.6752897724894,Very Very Poor,43.46028052139253,472.3137185333026,51.71245354131395,321.8967428806729,0,False,False,False,False,False,True,False,False,False,False
398.3045220418794,133.65215056634975,Very Poor,39.45322137004399,605.8790344391018,45.90768330516357,435.5478636676645,1,False,False,True,False,False,False,False,False,False,False
723.64677855548,87.38009800248514,Very Poor,24.47131095023843,427.7208100828664,29.65731878529112,296.09373717434806,1,False,False,False,False,False,False,False,False,False,True
773.9600276483379,56.446721133474185,Excellent,30.357192370033143,59.57465715474412,33.503928811868064,49.79914385515145,6,False,False,True,False,False,False,False,False,False,False
1106.75347868668,19.140198826693748,Very Very Poor,30.811249437604797,551.555389942653,35.5661742242938,463.46634171401496,0,False,False,True,False,False,False,False,False,False,False
213.42144389008752,95.48176648263284,Poor,37.63592940168412,365.36608709620975,45.78119640838656,226.03618749125823,2,False,False,False,False,False,False,True,False,False,False
932.5572702892996,144.18677087446474,Fair,39.77335921832204,156.60499525343607,48.52117505331873,115.92110988969128,4,False,False,False,False,False,False,False,False,True,False
118.0,94.72810020791192,Very Poor,48.07376261827628,528.2729051315639,56.094713225579824,326.6294168931495,1,False,False,False,True,False,False,False,False,False,False
938.950239503243,177.6276603580225,Passable,26.58412573142568,186.33930145713703,34.3594060842812,132.45895744089157,3,False,False,False,False,True,False,False,False,False,False
1439.31523732672,76.62004660432453,Fair,27.579465565591185,98.15380163703506,37.0038092914224,62.502304254042215,4,False,False,False,False,False,False,False,True,False,False
1338.9744304752926,55.82258374877785,Very Very Poor,34.99456116314017,203.2028966979034,43.28884834064924,140.6868704392747,0,False,False,False,False,False,False,False,False,True,False
912.4039233987074,11.352950140219772,Very Very Poor,26.747854278119373,447.1649731207343,34.25761230899163,285.3472207347152,0,False,False,False,False,False,False,True,False,False,False
716.7548455481041,236.81084867500672,Fair,37.98898361540434,291.4958895018947,49.32786702471305,166.7882412049482,4,False,False,True,False,False,False,False,False,False,False
863.7402283770109,210.31670886580264,Poor,39.72400811386357,252.526478892393,44.66985714195265,220.0457946546824,2,False,False,True,False,False,False,False,False,False,False
1608.167414535796,31.52466617745001,Passable,29.01388275325936,77.89801400814184,36.01102664337984,54.08358448676007,3,False,False,True,False,False,False,False,False,False,False
270.64893410494665,33.40852200969684,Very Poor,28.52158832342636,656.8288601611241,34.77503005972602,481.6631319231831,1,True,False,False,False,False,False,False,False,False,False
798.068584091795,89.37611230386963,Very Poor,30.220929312889247,434.8143325048712,35.18765664739753,326.84663216227085,1,False,False,False,False,True,False,False,False,False,False
1062.287286900682,229.692651749116,Very Very Poor,25.545172545000064,365.6572299679408,39.17256627993224,244.62088808299248,0,False,False,False,False,False,False,False,False,False,True
910.3541631657906,227.61300095231115,Poor,36.6783626552607,213.50995433586093,43.119214017862575,115.58145041843312,2,False,False,False,False,False,False,False,True,False,False
415.2502805393906,61.284618952864726,Very Very Poor,22.776821767645806,494.6829284037762,30.592028961972456,372.5508173670125,0,False,False,False,False,False,False,False,False,False,True
1999.6021699756184,61.73411187419362,Excellent,28.14044665449592,40.0,32.981079642261285,40.0,6,False,False,True,False,False,False,False,False,False,False
847.1369588486668,210.4016183605411,Passable,52.44883178928015,196.7401341551888,61.45927803306508,149.02906888353877,3,False,False,False,False,False,True,False,False,False,False
866.5092934935058,106.17745634622726,Passable,26.003641267407303,188.7167917175024,30.388979336209047,115.70041875447431,3,True,False,False,False,False,False,False,False,False,False
1044.4598489381367,47.81848753620712,Poor,39.03916166354113,120.56698191517594,47.94232873869028,92.40062641890538,2,False,False,False,False,False,True,False,False,False,False
838.8096044389446,50.32789028212218,Passable,28.945964210256584,267.162301248574,35.50083152301344,168.7749492214234,3,True,False,False,False,False,False,False,False,False,False
118.0,143.0528595116702,Very Poor,55.0,402.68012048394087,65.0,250.1397507494817,1,False,True,False,False,False,False,False,False,False,False
716.804793612228,24.73856652212068,Very Poor,26.83122887364501,542.91594372301,32.75181093639458,410.5493532095452,1,False,False,False,False,False,False,True,False,False,False
1548.387209406571,74.38871739229464,Very Very Poor,36.11324570199421,221.6354698437664,48.75561153525591,176.41917866804573,0,False,False,False,False,False,True,False,False,False,False
1280.8290772206567,242.83479440225364,Poor,46.49439062010608,59.10557117901625,53.93380345577147,42.69630862482614,2,False,False,False,False,False,False,False,False,True,False
852.9257629881143,64.8568747862134,Passable,38.53058678620069,214.3619933191229,47.036103420062005,137.7179395877277,3,False,False,False,False,False,True,False,False,False,False
428.78509149181673,54.95138666120699,Excellent,28.167285797482403,158.84502162307473,39.44103033336491,120.69841689245472,6,False,False,False,False,True,False,False,False,False,False
828.5623434184822,110.40976317956148,Very Poor,29.83315139988384,551.3385759097497,39.27810592064551,398.17165293816186,1,False,False,False,False,False,False,False,True,False,False
932.5700764898156,83.26002020945042,Very Very Poor,24.88553421115323,442.5252445006247,31.457340128219307,366.3783201238748,0,False,False,False,False,False,False,False,False,False,True
1131.7710178510924,190.1106716434481,Excellent,32.75848574879057,40.0,40.39751661511727,40.0,6,False,False,True,False,False,False,False,False,False,False
118.0,89.50723735225812,Very Poor,51.49246384952113,559.3253438334011,53.51173242813039,362.944898249878,1,False,False,False,False,False,False,True,False,False,False
118.0,27.09308667149758,Poor,27.79108670874756,409.10558207001606,39.29809939040416,286.10157165259074,2,False,False,True,False,False,False,False,False,False,False
945.0769759665736,53.3889995238692,Fair,21.45638440077382,222.9137431332244,30.852787408944568,116.60931213498787,4,False,False,True,False,False,False,False,False,False,False
158.11386719825987,136.55148795465033,Very Very Poor,44.9627085057948,514.754770781734,47.64393339014784,338.44714194602994,0,False,False,True,False,False,False,False,False,False,False
411.34876813448153,126.0347423619058,Very Poor,34.82602111507335,492.4215078606328,40.05285730948653,336.9088218905448,1,False,False,False,False,True,False,False,False,False,False
715.3649797227727,170.16217877317558,Passable,25.45565153226088,242.82986440836453,33.44689227181281,178.01837460582124,3,False,False,False,False,False,False,False,True,False,False
658.674070447577,176.6670817503187,Excellent,30.09316399347059,40.0,40.22555501596139,40.0,6,False,False,False,False,False,False,False,False,False,True
965.55873710632,346.34648539431976,Very Very Poor,35.64419036597215,381.21689858307127,45.09473934264535,273.3175488595029,0,True,False,False,False,False,False,False,False,False,False
913.0993233861932,246.18917242271385,Very Very Poor,39.43032754513304,593.743517417484,44.47080063360503,466.3703846270216,0,False,False,False,True,False,False,False,False,False,False
118.0,212.22539355806435,Fair,55.0,165.03891183498905,65.0,95.2238906618009,4,False,False,True,False,False,False,False,False,False,False
483.8759735212179,57.68133986987503,Poor,23.482416325303625,305.7035944214482,29.943743389979225,196.4221595655009,2,False,False,False,False,False,False,False,True,False,False
579.3628298282499,113.1636813784754,Poor,36.62764427584665,351.8806389698336,42.32114821340877,264.4791308307834,2,False,False,False,False,False,False,False,True,False,False
1112.5700807755386,164.8198706409383,Poor,45.82104118451154,128.36147076076597,55.943186811638185,105.94299800085334,2,False,False,False,False,False,False,False,False,True,False
509.86962412294577,135.2771217301375,Very Very Poor,41.549728661862886,669.4335815257533,45.7768970130597,427.142673176564,0,True,False,False,False,False,False,False,False,False,False
396.30970374340353,92.7856212157993,Passable,29.095140562608435,317.1338224277669,40.177322118361865,250.1817777613801,3,True,False,False,False,False,False,False,False,False,False
923.5844003688264,234.52503055652733,Very Very Poor,27.12205618459497,339.7635327387866,34.87025252498706,242.66495527857444,0,False,False,False,False,False,False,False,False,False,True
438.757620910676,125.60916504402068,Very Very Poor,39.55291703107827,379.021204328987,47.79751320799336,248.0199560998135,0,False,False,False,False,False,True,False,False,False,False
585.7450865661076,20.017573515140253,Very Very Poor,26.869967546806787,512.4910356460665,34.06705062433005,310.0515224252432,0,False,False,False,True,False,False,False,False,False,False
743.2551919083809,86.7824112770227,Very Very Poor,28.250451990666377,503.01436191528177,34.10959440143744,292.1972571763168,0,False,False,True,False,False,False,False,False,False,False
1476.1601260669563,86.74479093762069,Excellent,42.10275713302642,40.0,47.012139966305945,40.0,6,False,True,False,False,False,False,False,False,False,False
118.0,27.2390224714178,Very Poor,27.6153946328896,596.0697175131139,35.92683643473818,464.4975987373496,1,False,False,False,True,False,False,False,False,False,False
735.7115794750063,102.24474876967872,Fair,31.541650457204437,248.45057556370875,39.15680267461161,216.0205800962709,4,False,False,False,True,False,False,False,False,False,False
1752.5209117221427,49.09647334706775,Very Very Poor,28.548324393263364,295.2170641095705,35.60504633071871,171.53542313417103,0,False,False,False,False,False,False,False,True,False,False
248.02602838861708,37.886025180578656,Poor,39.26198086107636,337.03279988754304,49.18469988522992,257.75201207260227,2,False,True,False,False,False,False,False,False,False,False
958.5886759661416,205.47859399699112,Passable,33.23400627161384,212.1973568028094,39.469884816064045,150.73653061629324,3,False,False,False,True,False,False,False,False,False,False
118.0,6.45211231657648,Very Poor,26.97312480994679,617.8862579192344,35.650219377632,408.4111619765404,1,False,False,True,False,False,False,False,False,False,False
382.20011068854177,45.74986799635681,Very Poor,25.779286386132767,504.75271833939104,35.88483117875245,334.1548406554449,1,False,False,False,False,False,False,True,False,False,False
205.19795027939935,55.73375224826193,Poor,29.457465668541435,351.7594255008149,37.68749169033199,202.16910762426735,2,True,False,False,False,False,False,False,False,False,False
955.6016357269064,136.52536467675776,Passable,39.18168527009971,116.43459900913632,43.5537151336825,98.81672885461066,3,False,False,False,False,False,False,False,False,True,False
803.3668439700288,61.878901093901,Excellent,22.93576237537057,111.19549851886582,32.614855111521265,93.93472869140945,6,False,False,False,False,False,False,False,False,False,True
866.1062476133498,85.00101877696488,Passable,29.191541791467493,283.66428315122243,33.50868749908945,167.75684324026128,3,False,False,False,False,False,False,True,False,False,False
707.8182531515657,136.5568279880141,Poor,41.96155630858478,197.8031833813816,52.63381981873881,144.31199201397877,2,False,True,False,False,False,False,False,False,False,False
511.8905799410462,434.981284310188,Excellent,51.47699736331942,59.311169759455,57.29860467510428,54.47025098930258,6,True,False,False,False,False,False,False,False,False,False
457.6346279987201,106.90165091445944,Poor,30.05674932739053,325.0124696091492,35.554745059004844,251.21034372441352,2,False,False,False,False,False,False,False,False,False,True
444.5869630542367,9.604533695931234,Very Poor,25.671279627031765,724.992839431236,38.51399260216725,557.9699717545321,1,False,False,False,False,True,False,False,False,False,False
1114.0871391897483,142.27246909313354,Very Poor,47.83047167534421,330.80261560412026,55.57605271393114,231.338330074142,1,False,False,False,False,False,True,False,False,False,False
926.3773362858012,61.52086754093045,Very Poor,40.59306868557241,439.8173536351202,49.41300972811965,342.52412112779854,1,False,True,False,False,False,False,False,False,False,False
938.0793277225288,40.18509584100179,Passable,24.857249242015296,199.62013565474112,31.529624930441315,129.23566538661348,3,False,False,True,False,False,False,False,False,False,False
1004.7856456670004,118.53845201258636,Very Very Poor,28.99698393544098,471.55358490089566,34.969685366190575,330.74965789700263,0,False,False,False,False,False,False,True,False,False,False
993.9542422740856,58.49501716074426,Very Very Poor,32.66807330224333,502.9549839516522,39.17640258193412,384.3026277431383,0,False,False,True,False,False,False,False,False,False,False
118.0,59.35222556446129,Very Poor,40.77556318601515,648.5698973979643,50.22716751659879,504.207501123914,1,False,False,False,False,True,False,False,False,False,False
354.143602616299,371.171424361337,Fair,54.6645001716889,214.9549849011585,65.0,147.13677409971646,4,False,False,False,True,False,False,False,False,False,False
912.7251445710156,193.125117001518,Passable,32.434507420169616,215.02406855379425,41.49479000191787,150.12884694110443,3,False,False,False,True,False,False,False,False,False,False
245.3698835057694,31.22805615329776,Very Poor,40.58947178117299,567.528815309339,45.19324663111608,431.9921026879588,1,False,True,False,False,False,False,False,False,False,False
118.0,169.43859202620504,Passable,55.0,178.22032085824944,65.0,116.80239735024416,3,False,False,False,False,False,True,False,False,False,False
223.17805690332693,11.42712456468776,Very Poor,36.30988901090513,630.9433719857217,43.838100446778085,510.3028100655026,1,False,True,False,False,False,False,False,False,False,False
1455.0566807591815,30.68464441903628,Excellent,24.48884562599852,40.0,30.454682571072546,40.0,6,True,False,False,False,False,False,False,False,False,False
1275.9092816817897,69.99151905971668,Passable,27.367422673437737,153.7520249186838,36.56963904468423,88.62149316523178,3,True,False,False,False,False,False,False,False,False,False
264.05939148168653,302.7421578261977,Very Poor,55.0,413.29397736408976,65.0,279.38097042539164,1,False,True,False,False,False,False,False,False,False,False
974.2958292613156,81.12868934219162,Passable,22.175644129440336,195.59349245228552,32.54883705415524,151.41401686898914,3,False,False,False,True,False,False,False,False,False,False
393.015057201358,218.8216582692067,Very Poor,53.58510761275968,449.2178749594296,62.45857550571985,324.39279421115816,1,False,True,False,False,False,False,False,False,False,False
400.1089750260432,185.6412639642077,Excellent,53.45171320309663,71.67090783286987,59.18183053974124,56.75103725839564,6,False,False,False,False,False,False,False,False,True,False
641.0682222409557,60.83277369159367,Very Very Poor,29.225575594408188,585.7233830682362,40.02305956364636,434.322829404693,0,False,False,False,True,False,False,False,False,False,False
508.4816196779368,62.65073971813381,Very Poor,39.2552566367184,369.8462127512325,43.17577752245016,262.34429307696445,1,False,False,False,False,False,False,False,False,True,False
845.2721505896791,12.454535296204504,Very Poor,26.01717498805341,433.4960618612801,33.31009658926279,292.77209331912104,1,True,False,False,False,False,False,False,False,False,False
272.88732178666606,115.8500162520851,Excellent,40.32067423106058,208.41757318215167,44.617955540274025,144.54892617856714,6,False,False,False,False,True,False,False,False,False,False
1721.9985303119838,168.33337544741707,Very Poor,29.70119990681713,280.61432064660994,40.80441651928661,187.5400214588087,1,False,False,False,True,False,False,False,False,False,False
1030.798540188233,93.51784173523218,Excellent,27.34642912905081,47.84942183650095,38.2186515725146,40.0,6,False,False,False,False,False,False,True,False,False,False
118.0,81.83062756981691,Passable,47.14562459512208,345.7530295226951,54.43115151307564,268.6923459906625,3,False,False,False,False,False,False,False,True,False,False
1132.4521222964645,315.51693079634833,Passable,35.671151608448966,81.13896312425577,47.882702517404624,62.28036489913355,3,False,True,False,False,False,False,False,False,False,False
474.4779946823506,196.031472563398,Very Poor,38.00500307294703,498.2511736921417,45.93121269096231,308.3298521128323,1,False,False,False,True,False,False,False,False,False,False
973.2725839541664,78.00222291590906,Excellent,30.794622229170336,40.0,35.6874293405876,40.0,6,False,False,True,False,False,False,False,False,False,False
969.4166444801278,166.196582587045,Very Very Poor,26.323816412119,517.4091718895779,39.98243012905234,310.9424766275476,0,False,False,False,False,True,False,False,False,False,False
405.3665283555363,146.67296409338988,Poor,47.98645958383048,269.1722737624788,53.78408725801988,184.4234540380004,2,False,True,False,False,False,False,False,False,False,False
347.1712286947639,48.9069086800668,Poor,23.268756039854807,345.3390912020377,33.488452300447854,218.33355878787864,2,False,False,False,False,False,False,False,True,False,False
645.0161576617153,99.30484915425347,Very Very Poor,36.97417006096649,578.8172440214645,44.47939735353164,404.5277996674291,0,False,False,False,False,False,False,False,True,False,False
1412.662391352785,73.03762717725712,Poor,29.65342332822089,94.04851314765544,34.37261130399183,81.14803503648879,2,False,False,False,False,False,False,True,False,False,False
524.900590210367,24.6647425295411,Fair,24.709893579038035,274.5960394669121,32.138315421502426,199.244425774557,4,False,False,False,False,False,False,False,True,False,False
1447.7290810799243,180.2640722415761,Fair,27.867908293396766,97.21865598188208,39.65750745221609,58.22819252016295,4,False,False,True,False,False,False,False,False,False,False
643.7345128684087,36.66143685459329,Poor,35.01265294377849,327.01140566930906,37.60781576212139,247.9941055617809,2,False,False,False,False,False,False,True,False,False,False
1637.3738793487046,71.21571897076053,Fair,33.126209563497184,40.0,41.79186070646104,40.0,4,False,False,False,False,False,False,False,False,True,False
322.95480676172576,50.12693017607987,Very Poor,31.17502055299585,631.6824856019311,37.63692671626522,415.4161170509881,1,False,False,False,False,True,False,False,False,False,False
682.0938133853224,223.94814314463963,Fair,28.504266984092943,223.72041422221895,36.1328130496035,157.87638864422678,4,False,False,True,False,False,False,False,False,False,False
118.0,61.13708691264308,Fair,31.23665329025808,330.3807391471454,42.00802841833751,199.4582244657182,4,False,False,False,False,False,False,True,False,False,False
133.02314089260415,135.21049887172754,Excellent,49.58244717559497,135.00088264074105,60.18802269711782,93.15001129175263,6,False,False,False,False,False,False,False,False,False,True
1661.823555373508,105.77409927083843,Very Poor,28.555555225292416,301.92810890947044,33.95815318171869,183.74933377718403,1,False,False,False,True,False,False,False,False,False,False
118.0,170.29577750237476,Fair,55.0,240.42308535199487,65.0,130.28714511316966,4,True,False,False,False,False,False,False,False,False,False
1129.1632112706752,79.63483564139808,Fair,28.43169936293821,156.39019746910702,36.34579435358016,119.68022803772568,4,True,False,False,False,False,False,False,False,False,False
1372.5445517583664,159.49092990233464,Poor,46.3031376796077,40.0,60.281030164105296,52.369842988979165,2,False,True,False,False,False,False,False,False,False,False
968.1642698098724,181.15734304457663,Very Very Poor,27.30188759542775,387.923153522483,34.711252957275896,253.16089424994112,0,True,False,False,False,False,False,False,False,False,False
1435.9499541426571,341.66371688518547,Poor,47.79697627058681,40.0,52.63339285651728,40.0,2,False,False,False,False,False,False,False,False,True,False
730.3774347078136,87.1203475518049,Passable,30.46536540176665,279.8075624923698,40.38474753575009,196.55503662098468,3,False,False,False,False,False,False,False,True,False,False
845.8484574974616,544.0367921540228,Excellent,55.0,40.0,65.0,40.0,6,False,False,False,False,False,True,False,False,False,False
189.87750002929036,46.89839688142021,Excellent,28.4522647664787,150.43978532707447,35.001097361133766,136.23007968916602,6,False,False,False,False,False,False,False,False,False,True
118.0,69.83944367879737,Excellent,55.0,49.610003377319146,63.164787862394576,41.906644540411136,6,False,False,False,False,False,True,False,False,False,False
1293.4265347930098,43.3984311318456,Poor,25.17378599988483,149.29662680064482,35.49958722807217,100.99459081784624,2,False,False,False,False,False,False,False,True,False,False
596.9459158519928,42.88266586948573,Excellent,24.526485554181534,117.21316666024217,33.6811398384702,90.87190603711122,6,False,False,False,False,False,False,True,False,False,False
1476.7161037336025,142.97279060321176,Passable,32.84311840405466,110.91493506581092,42.414324162490544,91.5227094255895,3,False,False,False,False,True,False,False,False,False,False
579.2715747274029,37.06673844365657,Very Very Poor,25.69891051602597,549.0332243663453,34.44750509780282,362.5620993119386,0,False,False,False,True,False,False,False,False,False,False
1259.600330455116,63.34672823636093,Passable,21.675094277600778,151.00528626317413,31.24690720468593,109.546494891634,3,False,False,False,False,False,False,False,False,False,True
1017.883483285122,30.79646972355131,Fair,22.6697804326618,183.49065364462055,29.09585660580365,135.4906546750933,4,True,False,False,False,False,False,False,False,False,False
1171.558058496439,117.4912484442631,Passable,34.03854749473787,203.46523665084896,40.18939558869033,136.55685658913495,3,False,False,False,False,False,False,False,True,False,False
872.5065804620278,46.852748608309,Passable,38.32415218068277,187.1940701058544,49.19831532599032,126.33974219755234,3,False,False,False,False,False,True,False,False,False,False
891.7190422925948,181.7011951084002,Very Very Poor,36.3639620248464,493.2151549622781,43.12813290681217,307.7288313450154,0,False,False,False,False,False,False,True,False,False,False
1225.3697986321035,73.95308134471414,Passable,27.903440906717456,154.30082820515173,33.96242405371837,116.77621458211836,3,False,False,False,False,False,False,True,False,False,False
234.42929640716727,113.06606772345516,Fair,39.27151143399188,351.49148600530594,45.68628490779463,242.6268466161768,4,False,False,False,False,False,False,True,False,False,False
669.1803105377867,81.11409688154367,Very Very Poor,20.82107437588903,493.0665992623186,26.98392482244337,380.04428608217097,0,False,False,False,False,False,False,False,False,False,True
663.3418765971326,100.52803129683566,Fair,44.06892006693285,220.55745191492355,49.0649070698064,156.46747672716282,4,False,True,False,False,False,False,False,False,False,False
232.56739521032307,39.28853950236451,Excellent,42.74220057831002,104.61281916519005,50.60861034735797,72.39548144246528,6,False,True,False,False,False,False,False,False,False,False
1247.2542114640264,94.76574870864664,Poor,28.48263396259176,154.37497467833754,35.87207743493952,99.29930681279052,2,False,False,False,True,False,False,False,False,False,False
2053.878425489293,17.087406949539336,Very Poor,28.62356439688665,180.82019886267773,32.53467495351864,144.6358094339135,1,True,False,False,False,False,False,False,False,False,False
118.0,82.00022257609338,Excellent,44.97365149555247,161.1580405417589,54.2269105722466,102.53238487768904,6,True,False,False,False,False,False,False,False,False,False
528.0439834150645,284.76078053339006,Fair,44.4742272375687,245.3094779321636,49.11334936459803,195.23156530501095,4,False,False,False,True,False,False,False,False,False,False
455.7494267474609,163.45721638601984,Very Poor,51.03522077231698,506.0830101685897,54.09571351066819,376.2742490551779,1,False,True,False,False,False,False,False,False,False,False
1449.209132707838,59.977806488102864,Very Poor,43.71454130914805,305.599332587173,52.5139141836063,231.35835780237844,1,False,False,False,False,False,False,False,False,True,False
946.8008884798196,11.46576332182944,Passable,28.048595279693867,222.4409075731424,34.32696462035701,167.6019476924588,3,True,False,False,False,False,False,False,False,False,False
1313.2667687010303,77.31593913809772,Excellent,33.67809788833572,40.0,37.45913201996619,40.0,6,False,False,False,False,True,False,False,False,False,False
1113.4273540976203,30.95182317942324,Fair,27.482272082958747,184.79958428117257,36.065362669758805,155.72398261418013,4,False,False,False,False,True,False,False,False,False,False
894.2428879933359,285.27903229127486,Passable,45.97693268662069,115.91474968582372,51.793559621195904,77.78454848698873,3,False,True,False,False,False,False,False,False,False,False
1267.5829561260248,42.28031042114794,Very Very Poor,28.095252220403903,424.8222629644817,35.34091495930149,277.90122111286826,0,True,False,False,False,False,False,False,False,False,False
1299.2643107837375,91.38951479323214,Poor,36.87280814218412,76.01375568338001,50.18875036040033,56.47368760177296,2,False,True,False,False,False,False,False,False,False,False
1310.2297634110346,201.51289488618272,Very Very Poor,27.38019845655627,419.52801846400905,32.557646512487665,257.677939559988,0,False,False,False,False,False,False,False,False,False,True
1243.6480423933442,238.5453659977873,Excellent,40.07648888022601,40.0,42.59743623792466,40.0,6,False,False,False,False,False,True,False,False,False,False
1585.6922267923114,123.86668183714508,Passable,36.92332098209357,40.0,46.97863964549188,40.0,3,False,False,False,False,False,True,False,False,False,False
1310.6028445069503,81.04514802090112,Very Very Poor,24.44718337228757,335.3971815381966,32.4678772791339,208.9910010255089,0,False,False,False,False,True,False,False,False,False,False
728.4257238897029,51.53425911677569,Poor,36.83853232727212,334.8191417091816,37.10820133857733,233.8630244125549,2,False,False,True,False,False,False,False,False,False,False
242.4081217779868,87.24202602836093,Fair,37.38962571404037,256.06985016440075,50.27426865832177,210.10482398201387,4,False,False,False,False,False,True,False,False,False,False
1075.8913048507293,20.041242403428303,Very Very Poor,40.18422996939013,316.7868145871427,43.96296467390843,253.62710050086227,0,False,False,False,False,False,True,False,False,False,False
481.35142579546687,57.26014194415915,Fair,23.706870407305395,311.54503250568087,30.44715641740421,245.48531736283888,4,False,False,True,False,False,False,False,False,False,False
1397.108162551388,30.215527863395568,Excellent,21.876827160252763,40.0,28.699881643226764,40.0,6,True,False,False,False,False,False,False,False,False,False
1416.0636932966218,32.505121163389845,Passable,24.280677682542706,110.97089234843855,35.04409019529982,82.27073663295549,3,False,False,False,False,False,False,True,False,False,False
1185.2850761794505,78.37712004890068,Excellent,43.019961218489655,40.0,48.36950405309823,40.0,6,False,False,False,False,False,True,False,False,False,False
839.2032326990437,600.0,Fair,46.270321679448834,189.1264404956368,52.869614371159145,118.28096651259152,4,False,False,False,False,False,False,False,False,False,True
812.9672569396552,41.51711728246393,Very Poor,25.812258503501244,520.734253314201,34.183732259109924,354.3806281033145,1,False,False,True,False,False,False,False,False,False,False
823.1885478122704,35.075093744078785,Very Very Poor,31.68881625598894,332.0055529849352,40.86229136815914,198.09660925997332,0,False,True,False,False,False,False,False,False,False,False
1572.6758945276242,59.20935803907843,Very Poor,30.08558062136399,358.7130867438377,35.618806579921625,248.87502945688703,1,False,False,False,False,False,False,True,False,False,False
1054.2751218047792,59.52348913604996,Excellent,42.23899283876764,40.0,44.17529811746388,40.0,6,False,False,False,False,False,True,False,False,False,False
1889.641289966621,25.594933215856237,Excellent,37.43361597922778,40.0,48.24563003624419,40.0,6,False,True,False,False,False,False,False,False,False,False
590.4410869595073,76.52964094115312,Fair,30.08780591733593,403.7914113495655,35.67858961419867,244.9868580945066,4,False,False,False,False,False,False,False,False,False,True
428.6082216983379,54.655300008227215,Very Poor,41.13561581657611,525.5523724378613,48.50554302291685,405.9291279804599,1,False,False,False,False,False,False,False,False,True,False
403.9764049658112,51.41176724599786,Very Very Poor,29.660861131408264,530.9206569080162,36.71038153122157,377.9238613699365,0,False,False,True,False,False,False,False,False,False,False
763.2359890723321,6.030748423668297,Very Poor,28.278890122432667,454.74323379239047,31.892997822660288,306.3394534899512,1,True,False,False,False,False,False,False,False,False,False
1026.3516894739882,97.1483935120055,Fair,35.70560913610127,248.0763942560293,41.86984823260184,171.23181484699293,4,False,False,False,False,False,False,False,True,False,False
541.8089440496167,79.58285601091677,Poor,24.98705021479711,285.15295585264187,32.22946583082393,197.10636004422236,2,False,False,False,False,False,False,True,False,False,False
382.1309588793643,162.97739556599635,Excellent,37.65850677483717,140.2155614779097,47.2898417831116,78.1762537353967,6,False,False,True,False,False,False,False,False,False,False
899.0327443154824,370.5987145677873,Passable,44.36444919180986,230.96485694284056,52.179203915712826,159.17293714501554,3,True,False,False,False,False,False,False,False,False,False
722.2626836712265,358.04862238883493,Excellent,33.91047261143447,40.0,44.065146734975855,40.0,6,False,False,True,False,False,False,False,False,False,False
856.4800056191975,194.1933437610872,Poor,25.52323748375784,168.73221536355942,32.95464561388133,128.0048687272722,2,False,False,False,False,False,False,False,True,False,False
1178.543755079595,33.95154462724638,Very Poor,20.506946999003787,383.7108036289134,32.13599204797027,296.4398896124712,1,False,False,False,False,True,False,False,False,False,False
118.0,42.200585754952776,Passable,35.16126633430837,447.9976281460375,42.10808361816327,325.6138883115471,3,False,False,False,False,False,False,False,False,False,True
985.8283145636236,86.90741474873052,Poor,27.7321889463326,199.68415697174177,36.486202303285616,150.903458409393,2,False,False,False,False,True,False,False,False,False,False
1434.334390616193,61.100231733190725,Very Poor,44.30749537211562,279.3522036648576,52.78041549532863,205.2824829958233,1,False,False,False,False,False,False,False,False,True,False
328.96895383236483,65.3051602174107,Fair,24.07809598579317,380.0438644223751,35.16314225473609,219.4169469960425,4,False,False,False,False,False,False,False,False,False,True
1354.683106436496,113.41443955947422,Very Very Poor,38.31904478883976,239.63601385365584,47.901972782377925,144.76821243404453,0,False,False,False,False,False,True,False,False,False,False
827.6446542918289,98.24610413122046,Fair,48.09024577817001,218.30808312483063,54.00587274912187,161.3099609068507,4,False,True,False,False,False,False,False,False,False,False
548.6398388944954,285.9077337349422,Very Very Poor,55.0,445.4326124064572,62.10348372145935,323.465014609536,0,False,False,False,False,False,False,False,False,True,False
655.6097564752351,39.92373269822048,Fair,35.56350680351996,212.04476744496168,41.27568972062141,164.55711553704373,4,False,False,False,False,False,False,False,False,True,False
579.9199037550388,64.64368347716022,Very Poor,27.28840250154345,566.5573340564532,34.687366908913646,407.604682723389,1,False,False,False,False,False,False,True,False,False,False
744.1589235685643,77.21767494785239,Passable,29.038977362995876,280.1123646080176,33.76037651097864,198.59313830720984,3,False,False,True,False,False,False,False,False,False,False
804.2099357447538,159.76357928540867,Very Very Poor,47.57701829359816,405.41838571086777,53.40805058094898,298.11187703000394,0,False,False,False,False,False,False,False,False,True,False
118.0,106.49652348729752,Passable,39.78873142838263,306.7883523036504,44.707636791822274,211.15923086579687,3,False,False,False,False,False,False,False,False,False,True
118.0,88.82807693793787,Very Poor,37.96647014486362,512.5953632700863,45.87014441641633,319.22363476606296,1,True,False,False,False,False,False,False,False,False,False
1741.3631071323089,232.07514893589595,Poor,29.433474239982548,40.0,39.63471958494464,40.0,2,True,False,False,False,False,False,False,False,False,False
221.92203387229583,63.5633240454586,Very Poor,31.246320037465047,488.8943387553586,34.69353304210055,365.69599553502457,1,False,False,False,False,False,False,False,True,False,False
383.48191423532296,23.424854234741368,Very Poor,38.80115128676155,584.9031443921909,48.4988358766818,415.360927426562,1,False,False,False,False,False,False,False,False,True,False
1371.809850445512,29.69250114463993,Very Very Poor,31.53909292492566,384.1066812331071,32.53111348689759,302.8706791989949,0,False,False,False,False,False,False,True,False,False,False
118.0,69.55913047510255,Poor,46.00607739057417,252.9028100609876,56.01895468065631,208.5637578138423,2,False,False,False,False,False,True,False,False,False,False
838.8905111499917,47.62001919958663,Poor,23.463775937494805,231.3968029358734,32.752323898557755,156.1247075330664,2,False,False,True,False,False,False,False,False,False,False
564.4793919491718,122.73720436660145,Passable,39.62204918961075,372.2296775804812,46.15582155391144,270.5547709963081,3,True,False,False,False,False,False,False,False,False,False
770.1921940903105,51.497423361966966,Excellent,24.273036660700093,88.10226589238158,31.87690793560752,69.75448669161449,6,False,False,False,False,False,False,False,False,False,True
118.0,115.72278370004054,Passable,55.0,339.4175318345429,65.0,261.61925037715946,3,False,False,False,False,False,False,True,False,False,False
1318.256034964333,66.64775331747148,Excellent,27.491239393668284,40.0,36.95584834343754,40.0,6,False,False,False,True,False,False,False,False,False,False
1175.0995767670777,39.2635120275508,Passable,27.134475105607443,203.10138559673956,35.49770509003271,98.43557184328544,3,False,False,False,False,False,False,True,False,False,False
485.6407643413109,35.22038822679985,Very Very Poor,26.65101845211771,595.8648020671452,33.530366508794195,423.57191917831625,0,False,False,False,False,False,False,False,True,False,False
1075.8221379720685,82.32228968398125,Fair,24.337617176606376,180.22080277122905,33.43440881914739,142.05870530367898,4,False,False,False,True,False,False,False,False,False,False
209.7101546745862,154.72059799852892,Very Poor,45.56863188109893,503.03792219086927,51.32057589489046,316.12930902422886,1,False,False,False,False,True,False,False,False,False,False
454.16126046904577,294.3924940544642,Excellent,54.855348818742655,40.0,65.0,40.0,6,False,False,False,False,False,False,False,False,True,False
571.6546588177595,130.34774034164118,Very Very Poor,38.02688864144933,611.4985865049913,46.33793320780714,368.9797371785373,0,False,False,False,False,True,False,False,False,False,False
504.9276123369478,62.09941418567885,Fair,21.49445549744064,318.34563408591526,28.392994655933983,240.55166825804392,4,False,False,False,False,False,False,False,False,False,True
416.1298125158809,13.436361725425057,Poor,29.010467525091126,386.65840600662153,34.73957278293571,253.61646357008692,2,False,False,False,False,False,False,False,True,False,False
630.2762590248714,42.33681783162606,Very Very Poor,26.163294834909035,564.4235177647467,38.1381144331612,437.1617227715989,0,False,False,False,False,False,False,False,True,False,False
738.6970779239794,43.91938283250713,Poor,37.04296534721525,219.80502259885708,49.45354959127811,115.9017262536037,2,False,False,False,False,False,True,False,False,False,False
751.9858827943469,208.79322579567344,Fair,36.024193709621805,259.9925692819961,40.88394267765133,146.80271552841575,4,False,False,False,False,False,False,False,True,False,False
557.0342265696123,134.70933455174767,Passable,46.07562430932426,243.63013752113176,52.066486965585206,164.5528335939807,3,False,False,False,False,False,True,False,False,False,False
846.7843968873034,30.270088574715725,Fair,28.42866695269701,258.0358123817819,35.812133612829086,200.2809010286429,4,False,False,False,False,True,False,False,False,False,False
230.13584684161455,60.28607382300782,Excellent,43.61398314860741,155.02045012149154,56.99274942617373,118.15126286376469,6,False,False,False,False,False,True,False,False,False,False
672.6027220387263,51.03447350712967,Very Poor,21.37062884186484,522.4802923190072,31.20089609513517,314.3683562271626,1,False,False,False,False,False,False,False,False,False,True
400.134833241177,83.87906940263764,Passable,30.913871815029303,351.42564704455623,39.046680764747535,262.6683961846366,3,False,False,False,True,False,False,False,False,False,False
206.3220173066643,38.60023254702497,Excellent,44.06683368350686,159.09781954480434,49.04763107894955,115.14872160853848,6,False,True,False,False,False,False,False,False,False,False
452.7193020123763,219.2752152057122,Passable,47.31538326436443,369.6286165356642,55.38558637085402,215.07560037056936,3,False,False,False,False,False,False,False,True,False,False
1216.561408360078,181.4096537077417,Passable,31.20362781562977,140.6180124902314,37.31090544976762,116.90657790336294,3,False,False,False,False,False,False,False,True,False,False
839.7697123054279,209.5460892409375,Very Very Poor,47.33590890822432,324.73439333765333,51.02314823021897,245.76987098905727,0,False,False,False,False,False,False,False,False,True,False
152.74767224361915,43.28934374059364,Very Poor,38.147261517464536,722.2925583306085,48.56350355999405,481.7651591741756,1,False,False,False,True,False,False,False,False,False,False
1721.029449717341,254.28891584265617,Fair,30.14808972870943,40.0,39.839103369426255,40.0,4,False,False,True,False,False,False,False,False,False,False
973.07875785046,55.90445954530327,Very Very Poor,16.310015074595768,383.31510351387976,27.350823594961334,311.1352236489511,0,False,False,False,False,False,False,False,False,False,True
520.4504416953782,85.86655505492794,Fair,43.94212061936778,223.31625604023367,50.91041308024005,182.06423268652995,4,False,False,False,False,False,True,False,False,False,False
1386.002652632788,69.2443449614632,Very Very Poor,39.95258754574751,257.67950441591097,47.13512490426016,153.5048342680062,0,False,False,False,False,False,False,False,False,True,False
957.3722632084604,55.0904939068439,Passable,28.7122290366585,210.1445860239195,33.38180264700642,137.58732546314445,3,False,False,False,False,False,False,True,False,False,False
782.8360513341397,70.41915109103408,Excellent,29.80323012580521,64.92787802212527,38.13768212760256,57.19186822086861,6,False,False,False,True,False,False,False,False,False,False
465.6322056288093,21.22822366198785,Fair,27.254035048871085,364.33497362203855,36.43353253831634,219.77791453163744,4,False,False,True,False,False,False,False,False,False,False
1069.8877949068642,51.41999953343008,Passable,25.83639483179364,207.05708975709135,35.645109163749325,127.15383399685808,3,False,False,False,False,False,False,False,True,False,False
877.8643076197101,184.8759698643242,Very Very Poor,31.252079924198814,463.92118731786616,34.71241035554494,353.5990187171767,0,False,False,False,False,False,False,False,False,False,True
964.5498166078625,48.73293416445901,Poor,33.81886336068918,256.2657660232407,39.604915353819706,186.03466482211675,2,False,False,True,False,False,False,False,False,False,False
1344.6042828796292,113.86156790211206,Passable,28.197863525876105,123.40362470772097,37.16970429731168,82.67084690954374,3,False,False,False,True,False,False,False,False,False,False
165.49752285661282,76.0164062458667,Fair,31.55010105242853,339.9245193517253,34.91606508857164,232.65605173294065,4,False,False,False,False,False,False,False,False,False,True
1092.817870694504,65.45684745700875,Fair,21.851862079097483,156.11821868455823,29.97753604824153,132.99901231280305,4,False,False,False,False,False,False,False,True,False,False
928.2078667080716,101.90189638782776,Fair,30.08903926112688,217.257843968783,37.15898555242233,166.2456916200226,4,False,False,False,False,False,False,True,False,False,False
388.8434315750563,86.54313566220937,Very Very Poor,52.875339564838576,589.2652008085402,59.85351863323081,351.90180932672786,0,False,True,False,False,False,False,False,False,False,False
1136.7456777428397,118.840120046256,Very Poor,41.736645361605646,343.0714433856676,45.53798444397791,201.0342681169302,1,False,True,False,False,False,False,False,False,False,False
118.0,92.15783408136598,Very Very Poor,46.865102327910094,532.8897183060833,56.17174830539837,395.43855839441136,0,False,False,False,True,False,False,False,False,False,False
1227.1996943656627,109.43227646154222,Poor,39.82520230973748,61.6948969410281,46.7820239085632,71.3129159567872,2,False,False,False,False,False,True,False,False,False,False
1251.3632148662446,163.31544412648128,Fair,25.71365682562273,144.85198270933307,34.0689566853814,75.6332336333549,4,False,False,False,False,False,False,False,False,False,True
1079.638610318746,58.54416357140507,Passable,23.270819458953465,232.117489172042,31.135831675235757,149.38024684800214,3,False,False,False,False,False,False,False,False,False,True
1115.8928360129312,36.98343843741627,Very Very Poor,21.430542697058385,344.906375630459,32.93394434369294,262.39305594996097,0,False,False,False,False,False,False,False,True,False,False
908.9846969145708,142.7330067582644,Very Poor,37.78199346386941,479.08137646001984,43.57197202838046,305.25996948472243,1,False,False,True,False,False,False,False,False,False,False
381.1098088511835,31.994566286184728,Passable,30.027409271287407,358.70922890442216,37.65403984785022,253.6917397869224,3,False,False,False,True,False,False,False,False,False,False
999.597500272541,507.9499081679766,Very Very Poor,38.67587166806737,387.0617545818637,46.56949305231276,335.5298348220834,0,True,False,False,False,False,False,False,False,False,False
783.2470330396775,70.16588637304525,Excellent,19.15204460570404,72.0416676356008,30.12819499977276,40.0,6,False,False,False,False,False,False,False,False,False,True
991.683445155562,139.6487392951246,Excellent,25.03800254186617,40.0,33.665486576164966,40.0,6,False,False,False,False,False,False,True,False,False,False
709.4119146475318,73.03330931162341,Poor,35.86924351572978,344.94342683124256,38.977466557273,245.28088159414887,2,False,False,False,True,False,False,False,False,False,False
935.4543228030852,53.29171858017697,Passable,19.88882098319387,250.21279319451764,28.4671850568566,140.67930895208252,3,False,False,False,False,False,False,False,False,False,True
383.2340986969944,151.19259543072545,Fair,38.02748783035902,316.31509146116605,44.85993140794236,217.15696908799453,4,False,False,False,False,True,False,False,False,False,False
134.58975340461018,214.8469382785236,Excellent,55.0,40.0,65.0,40.0,6,False,False,False,False,False,True,False,False,False,False
1928.019775087032,99.26577844501408,Very Poor,40.19861386126102,80.84851573272735,50.124324882224215,75.57874594090394,1,False,True,False,False,False,False,False,False,False,False
518.4814155761084,184.3577770355929,Passable,40.68520634797394,202.27930780994245,49.6413276115208,118.46245497099504,3,False,False,False,False,False,False,False,False,True,False
433.6184971059079,159.3201884821708,Poor,42.56598697310226,210.40862976410264,48.59131366029827,149.7953388263965,2,False,True,False,False,False,False,False,False,False,False
633.2625092525158,77.60990465839349,Excellent,21.94818194315747,122.27743505103804,32.36874287747267,71.62103315251167,6,False,False,False,False,False,False,True,False,False,False
876.499499079204,50.43572487119006,Fair,46.44958550490069,238.8468821883498,56.84237672749887,176.65002683768776,4,False,True,False,False,False,False,False,False,False,False
118.0,89.97137139563337,Fair,55.0,283.3362950065913,64.38940336101895,204.04407373955493,4,False,False,False,False,False,False,False,False,True,False
488.27816207477935,55.30070168457605,Fair,45.03120737612439,286.357730876936,46.927729842171296,184.4867394179045,4,False,False,False,False,False,False,False,False,True,False
868.6576784979363,98.23593956292927,Very Poor,24.06108837564676,460.0533658429314,32.77185667930724,352.14466406638195,1,False,False,False,False,True,False,False,False,False,False
756.3752571643519,82.06828652125921,Excellent,23.258845944972386,74.83959729338575,32.54204894120252,51.44614743837504,6,True,False,False,False,False,False,False,False,False,False
769.8379715574498,346.3599538188039,Poor,41.12521770423828,187.60597459235035,49.5997106878024,163.3099395475947,2,False,False,False,False,False,False,True,False,False,False
363.1704423583465,52.020005266347695,Poor,30.416617245368503,389.6733811794482,31.86291735456027,259.80683754309666,2,False,False,False,False,False,False,False,False,False,True
1455.6213543873787,67.29610165722849,Passable,22.11274342453356,103.60453309915232,28.023597864266712,92.1162380966048,3,False,False,False,False,False,False,False,False,False,True
1285.6415820114175,134.31933312431494,Excellent,50.3606898440941,40.0,52.93661059543981,40.0,6,False,False,False,False,False,True,False,False,False,False
944.8696830268016,149.96310716410426,Fair,32.14261490847614,182.20688658110757,38.05324697188969,154.9251682033532,4,False,False,False,False,True,False,False,False,False,False
764.0580782682321,166.57472269033894,Fair,34.09135619574241,254.68630120926724,39.23628547440569,164.29576665066497,4,False,False,False,False,True,False,False,False,False,False
737.2193471113117,17.260408017310652,Very Poor,20.381299786137863,444.164507716809,24.7647555439102,290.2727992020071,1,False,False,False,False,False,False,False,False,False,True
118.0,23.75259748896548,Excellent,28.21848301141529,282.6857534511376,35.1799184927916,201.9029512166065,6,False,False,False,False,False,False,False,False,False,True
633.727632037371,45.17196018336337,Fair,28.44980977351306,378.1595485485842,42.75605845991549,244.1961780614184,4,False,False,False,True,False,False,False,False,False,False
991.1984074921916,52.945579305226175,Very Very Poor,25.67640025454276,375.083948820614,36.251968182571744,272.3229286904697,0,False,False,False,False,False,False,False,True,False,False
1066.4968642150336,213.18424766266924,Passable,46.59197179701128,131.9509127650476,50.83089095537497,88.73691533259444,3,False,False,False,False,False,False,False,False,True,False
709.3609395106836,182.04910700806948,Very Poor,26.668629887966368,497.4657889339142,34.061550095237706,347.27225566588663,1,False,False,False,False,False,False,False,True,False,False
648.8233683984183,55.9267704047111,Passable,39.730830577174345,251.55091141138928,47.74374339678047,157.97246700882175,3,False,True,False,False,False,False,False,False,False,False
1207.3900557934571,259.0242894992396,Excellent,40.61994186047709,40.0,51.93319134450084,40.0,6,False,False,False,False,False,False,False,False,True,False
823.8351648776026,54.52247357128241,Fair,41.12703875877187,192.73157809734536,46.07938443958709,135.37328974593578,4,False,False,False,False,False,False,False,False,True,False
918.8607767695532,273.02653873221783,Very Very Poor,54.79963630986856,394.2535109059199,59.08638389829528,238.6352062295911,0,False,True,False,False,False,False,False,False,False,False
555.1564351229013,69.3804423735485,Excellent,29.922077326176083,96.54428535520604,36.56271463750202,67.9467697315386,6,False,False,False,False,True,False,False,False,False,False
118.0,41.655523970929,Very Very Poor,33.00276559702958,567.9038193676012,36.89617197595987,337.4569354202022,0,False,False,True,False,False,False,False,False,False,False
1239.1331250647902,50.1229030319139,Very Poor,40.077694077465466,287.93465613656065,45.67374718074259,172.45788334606655,1,False,True,False,False,False,False,False,False,False,False
1073.8003122440334,145.06057791273375,Fair,33.65279955095991,216.3413297772243,40.04751211804832,167.46870024122245,4,False,False,False,False,False,False,True,False,False,False
1093.0333265221568,42.21479841209396,Very Very Poor,30.97449511828273,473.719896240802,37.149445017962016,351.7374331642047,0,False,False,False,False,False,False,True,False,False,False
1529.5079461061555,62.37187307707515,Passable,33.68333847687149,74.22668385555681,38.12121735077482,60.04024668039244,3,False,False,False,False,False,False,False,True,False,False
1757.0955743516204,23.18108043636256,Very Very Poor,26.52522511089206,242.0401994665408,34.85612333589333,134.82150343428722,0,False,False,True,False,False,False,False,False,False,False
559.6205346316896,134.89743491185595,Very Very Poor,55.0,553.8770959083107,56.955784992904334,349.39782837789267,0,False,False,False,False,False,True,False,False,False,False
1684.2505354790865,600.0,Excellent,47.81469803462058,40.0,56.20053536811042,40.0,6,False,False,False,False,False,False,False,False,True,False
1100.5466300698197,113.8173101184565,Poor,46.06904072750858,136.96926206225208,48.4404552907131,77.2477046210321,2,False,True,False,False,False,False,False,False,False,False
118.0,60.05829934717259,Poor,39.07396981062318,365.90224485174,49.03611254742878,254.3938091261529,2,False,False,True,False,False,False,False,False,False,False
593.8685822469157,102.88911570775797,Fair,37.22192991343952,205.5025729925435,41.58971103165346,150.39465746210985,4,False,True,False,False,False,False,False,False,False,False
550.6811711771168,329.0481011136148,Excellent,55.0,40.0,65.0,40.0,6,False,False,False,False,False,True,False,False,False,False
1745.046052664833,180.10474751849387,Fair,37.15026244467036,40.0,41.22570734852143,40.0,4,False,False,False,False,False,False,False,False,True,False
166.17439873103945,98.10765324344244,Very Poor,55.0,656.2204603718055,65.0,479.30146460198216,1,False,False,False,False,False,False,False,False,True,False
291.9667166417345,58.852422181152754,Very Poor,52.13870099065324,690.8065214197048,57.7743357438425,466.82437120523815,1,False,False,False,False,False,False,False,False,True,False
721.3101336932378,69.80204412977237,Fair,33.89992317400255,195.59345974334065,41.58950651857309,123.8863860938862,4,False,True,False,False,False,False,False,False,False,False
705.1533516260781,107.45459224775122,Very Poor,29.72594310118932,450.7626301502749,37.30676353442152,378.5297118773823,1,False,False,False,False,True,False,False,False,False,False
844.2813178038086,70.57338113170816,Very Poor,25.87609424201365,438.6200247605803,35.12942193844919,297.7038957046685,1,False,False,False,False,True,False,False,False,False,False
1317.513517843328,28.97251665594097,Very Poor,25.19366559861664,303.0290389797482,37.00897174960631,215.417487081306,1,False,False,False,True,False,False,False,False,False,False
1411.877329192272,128.0444465602932,Fair,36.786639174647874,46.94320074389435,48.9355622382054,40.0,4,False,False,False,False,False,False,False,False,True,False
1197.7041049976665,72.54503684526401,Very Very Poor,25.765401810164263,351.4708442222917,31.89801725275356,220.9179030537136,0,False,False,False,False,False,False,False,False,False,True
805.6522156505198,35.02495160449362,Passable,29.741862875797715,326.0402717239834,39.69331980953942,229.3094496589896,3,False,False,False,False,True,False,False,False,False,False
778.0361360744602,118.11351035166304,Very Poor,31.79194110358733,445.1430316923734,39.22550953275107,283.63337761721533,1,False,False,True,False,False,False,False,False,False,False
829.1145512659859,31.039769674024573,Passable,26.10976946622953,250.99129448468864,34.97177889246206,190.75156057337972,3,False,False,False,False,True,False,False,False,False,False
118.0,144.370055233613,Very Very Poor,55.0,425.0496899929766,65.0,293.38843355606406,0,True,False,False,False,False,False,False,False,False,False
1410.627386525464,149.46937103969378,Very Poor,34.27989591718569,420.4107997087984,44.78838985146636,299.4628685566065,1,False,False,True,False,False,False,False,False,False,False
562.7198798151096,186.22018265140636,Poor,42.15385277166896,358.7550516419212,49.33363252716877,235.23131538415737,2,True,False,False,False,False,False,False,False,False,False
552.3190405213907,50.68208978894717,Poor,39.657953979428655,274.7507356199739,49.75374393849293,163.00867642175373,2,False,False,False,False,False,True,False,False,False,False
313.0396761828616,68.78612328060335,Poor,30.564919555318014,369.4759983589416,37.24232451348075,288.51475229705267,2,False,False,False,False,False,False,False,False,False,True
812.8011000654227,33.09721973666668,Fair,40.11764298871175,215.42340713515853,47.930436650151165,148.13931722852865,4,False,False,False,False,False,True,False,False,False,False
1263.2319248048898,400.8290778782047,Fair,36.40494392754616,100.47778761041288,40.48730153356129,60.676905975713446,4,False,False,False,False,True,False,False,False,False,False
2028.154659521915,29.43987668462312,Very Poor,27.620000999196275,167.79209881606585,36.10193286296485,83.75353294258169,1,False,False,True,False,False,False,False,False,False,False
799.0882115144568,386.8304485827,Fair,40.92810991039193,202.7415680359497,47.018450421196384,137.66785685856493,4,True,False,False,False,False,False,False,False,False,False
261.5035507744521,100.75017074253468,Poor,39.6603364988232,425.94141863658695,45.71269083096142,305.6203489179797,2,False,False,False,False,False,False,False,False,False,True
1255.633173920598,86.40502623355373,Very Poor,23.745228594123287,355.18077100626857,32.32545444485216,272.39762837585954,1,True,False,False,False,False,False,False,False,False,False
1421.6947062816994,89.12151622798338,Excellent,29.428929874390796,40.0,41.65127528940469,40.0,6,False,False,False,False,True,False,False,False,False,False
478.2671114030131,43.07025566956472,Passable,25.5850871030493,319.1904702320588,32.99353070652763,199.0609123531733,3,False,False,False,False,False,False,False,True,False,False
885.4207498696555,98.890093499404,Passable,32.61498627299927,243.48496741960707,35.837827009247114,152.25746911305882,3,False,False,False,True,False,False,False,False,False,False
1222.082393374514,52.53017044716446,Very Very Poor,36.54132271613125,270.29304296655323,48.961862161140274,210.95985173598908,0,False,False,False,False,False,False,False,False,True,False
118.0,45.74822586964044,Very Very Poor,37.17148865079524,585.3469161715329,44.1501991190667,395.9915497811912,0,False,False,False,True,False,False,False,False,False,False
637.4608849771971,29.799698094899657,Excellent,25.473967136118517,129.69639185809515,35.69812911289437,68.79041869250143,6,False,False,False,False,False,False,True,False,False,False
708.9462053075226,148.44614252750577,Passable,35.91752922440656,314.4747064582804,42.75591195434328,243.69766907533187,3,False,False,True,False,False,False,False,False,False,False
1047.2969647910222,62.00384813482658,Excellent,25.80789549897834,66.18145998231702,32.032976952382256,49.26701414171123,6,False,False,False,False,False,False,False,False,False,True
659.5451613074642,89.658593644533,Fair,34.65349278690204,216.01973546696823,41.34792349256817,159.7683911219337,4,False,True,False,False,False,False,False,False,False,False
118.0,444.4149445377131,Fair,55.0,40.0,65.0,40.0,4,False,False,False,True,False,False,False,False,False,False
118.0,76.56349759659288,Passable,50.799278163439375,437.67497591054735,58.35436821967764,307.4450743058418,3,False,False,False,False,True,False,False,False,False,False
750.9229590069359,132.91442463845598,Excellent,27.976868894126795,41.77240258304672,38.533948077281984,40.0,6,False,False,False,True,False,False,False,False,False,False
918.1304245596282,90.41539891664794,Very Very Poor,26.29003494371369,410.4261174347147,33.25284572702479,268.1709399066111,0,False,False,False,False,False,False,False,True,False,False
829.8879192015821,51.34740962758928,Passable,40.79571800347461,213.6293537997684,49.04159259951042,133.1272065275662,3,False,False,False,False,False,False,False,False,True,False
490.5378326504199,9.64662255201119,Poor,28.331128277219737,335.6841421892065,35.54491062944434,235.67843719088333,2,False,False,False,False,False,False,False,True,False,False
118.0,65.57431108403331,Passable,41.46746567909387,407.5310470962693,46.67287803516553,275.3546935333105,3,False,False,False,False,False,False,False,True,False,False
688.8423904959376,20.998470486709145,Very Very Poor,24.974945590173512,490.8384391126488,25.80096051339022,396.7421024575769,0,False,False,False,False,False,False,False,False,False,True
204.5309795774701,220.22353577057763,Poor,53.36435249175021,273.13609239516074,64.28427994268175,191.4084181284834,2,False,False,False,False,False,False,False,True,False,False
118.0,118.4316100469256,Poor,50.63314271872926,301.2329304896757,54.0638505503216,183.8595396093961,2,False,False,False,False,False,False,True,False,False,False
688.5320671439376,56.69680599662483,Excellent,30.02715574458032,99.31176332726452,36.73646235267201,47.06017162036997,6,False,False,False,True,False,False,False,False,False,False
757.8542145862946,333.42361696810127,Excellent,41.524861714967656,40.0,43.3096906781266,40.0,6,False,False,False,False,False,False,False,True,False,False
333.41607984738096,172.93958492502034,Excellent,54.05022663311853,86.78489237266866,60.238242493172216,61.08332321792723,6,False,False,False,False,False,False,False,False,True,False
118.0,27.81206627909573,Poor,39.84678038465743,498.6632565418129,44.39613488021754,350.9936038396388,2,False,False,False,False,False,False,False,True,False,False
480.5443358334501,113.81174544627594,Fair,36.36773815301524,343.87699267297904,40.92743441151305,250.0451952741425,4,False,False,False,False,False,False,True,False,False,False
164.29211280519212,391.04499387086975,Fair,55.0,109.3500452242249,65.0,72.07793449621559,4,False,False,False,False,True,False,False,False,False,False
882.8329124282029,75.28197648494259,Passable,36.1587058229824,278.0528467147866,39.42419321062243,209.419111261316,3,False,False,False,False,False,False,False,True,False,False
1125.9455878880988,19.503592481186807,Excellent,36.87405511638762,40.0,44.914808954966624,40.0,6,False,False,False,False,False,True,False,False,False,False
1656.1968231772917,209.87526463449865,Excellent,43.08369724974234,40.0,47.50291632897873,40.0,6,False,True,False,False,False,False,False,False,False,False
1132.150530489126,116.36976870597016,Fair,25.68013776133787,149.7943623013186,32.393993425541225,103.26369371620828,4,False,False,False,False,False,False,False,True,False,False
1766.277688246072,21.843885424662528,Very Poor,28.667547937059364,248.31351974146293,31.774232428070107,140.0449099720309,1,True,False,False,False,False,False,False,False,False,False
1092.4162536037732,23.320712372809474,Very Poor,28.174038786801503,413.93012731732,37.44715952138316,313.88893343336514,1,True,False,False,False,False,False,False,False,False,False
1175.3657540954969,50.90281588492161,Excellent,45.027009916787314,40.0,51.40321188621412,40.0,6,False,False,False,False,False,False,False,False,True,False
1365.3778712933956,39.93220037442161,Fair,37.71734600255231,71.5665128384106,46.53643656961514,42.73896931192884,4,False,True,False,False,False,False,False,False,False,False
914.7924528322076,57.33710739901427,Very Poor,33.31141419332671,350.7211656505113,38.92643522348872,208.19113832789236,1,False,False,False,False,False,False,False,False,True,False
339.19851601552034,72.80376052554051,Very Poor,51.52746671297229,597.7640789071716,53.94741958378432,378.2004537745746,1,False,False,False,False,False,False,False,False,True,False
632.2893063875393,39.49405131570472,Very Poor,22.313899635219844,506.24427406482585,31.945649167912297,342.92994850599246,1,False,False,False,False,False,False,False,True,False,False
698.8704987739808,14.008099966726585,Fair,39.413019607182505,224.4394424544818,46.40380954336755,172.1087261807493,4,False,True,False,False,False,False,False,False,False,False
1579.5410523877467,65.00220275428546,Poor,19.54609462117966,78.9027183227163,30.17054236913443,76.59926826476008,2,False,False,False,False,False,False,False,False,False,True
1199.2581491468409,57.00147145582702,Fair,19.74613355286634,138.63812713893026,30.6458970644223,101.0247535928225,4,False,False,False,False,False,False,False,True,False,False
825.2658235422734,269.90047915536894,Excellent,27.83943388438505,40.0,36.610343489322965,40.0,6,True,False,False,False,False,False,False,False,False,False
981.4214194921492,103.98562636107876,Poor,28.87313281875088,194.8763575219124,37.91034796052196,130.26981040476915,2,False,False,False,False,False,False,True,False,False,False
524.131582052433,90.88016912167284,Very Poor,29.40224438991277,458.2216145911936,39.78131634308026,335.8047773742454,1,False,False,False,False,False,False,True,False,False,False
1113.711932771491,164.62255048874468,Poor,28.83251819874529,156.40094911902108,36.9227389818904,124.7600998835628,2,False,False,False,False,False,False,True,False,False,False
920.1165358148706,46.71753410214535,Poor,24.16847374740615,220.8916013853464,33.0509740875104,167.15718210858114,2,False,False,False,False,True,False,False,False,False,False
893.7842385835859,96.22111056245936,Excellent,29.414732806022307,40.0,36.70038206825449,40.0,6,False,False,False,False,False,False,False,False,False,True
1916.258990879484,35.31537801927283,Passable,30.906536567441037,40.0,37.38422607281559,40.0,3,False,False,False,False,False,False,True,False,False,False
704.7335331150289,73.77733157021278,Excellent,43.37665939151654,40.0,45.82708069797856,40.0,6,False,False,False,False,False,True,False,False,False,False
118.0,32.77347695430951,Passable,44.9840348365764,335.52627886982214,51.95417170723856,271.3605536691512,3,False,True,False,False,False,False,False,False,False,False
449.03742856342194,138.86163032560353,Passable,50.973116721124335,292.0077390040083,62.0020940677118,172.87514420872768,3,False,False,False,False,False,False,False,False,True,False
540.0242106659043,39.73762016531241,Very Poor,28.678905077136708,601.6455205403013,33.52738945622748,367.4034972214344,1,True,False,False,False,False,False,False,False,False,False
833.6238619101994,88.32749545136288,Poor,39.45503634082023,196.78117949622225,48.26708097738577,112.10125635176011,2,False,True,False,False,False,False,False,False,False,False
864.5425611235278,75.39381756831617,Very Poor,38.78582559238827,380.03572920876434,47.03895172132077,239.15638779178576,1,False,True,False,False,False,False,False,False,False,False
118.0,56.01955120691765,Excellent,39.24974674038573,195.56472652083835,46.77587093030398,137.57747983938947,6,False,False,False,False,False,False,True,False,False,False
707.7181946513062,168.44291847308742,Very Very Poor,32.80129862973156,547.6179724908804,38.97421841521972,420.9912916558292,0,False,False,False,False,False,False,False,True,False,False
1215.5805054746006,269.90596600635905,Very Poor,23.950581049529404,261.9308660107192,29.396575276796163,215.08039458419003,1,False,False,False,False,False,False,False,False,False,True
1675.7993010611665,62.23429819185555,Excellent,39.85447155980804,40.0,46.07010582831947,40.0,6,False,True,False,False,False,False,False,False,False,False
1404.612546221535,21.83958433423192,Very Very Poor,43.64712830475185,397.59073381105577,51.111859732142726,281.9891231493494,0,False,True,False,False,False,False,False,False,False,False
864.479572593611,290.1094454059147,Fair,37.34464592136796,189.32991386002715,44.48007011082036,154.27844708781384,4,False,False,False,False,False,False,False,True,False,False
1356.1918595938555,17.68204191305834,Very Very Poor,23.783251989433445,324.8890639659776,32.35548969015602,178.4648124364383,0,False,False,False,False,False,False,False,False,False,True
516.18260308209,78.94385175777371,Very Very Poor,40.83178061951423,466.1339464680479,49.10005413027024,336.91672624259184,0,False,False,False,False,False,False,False,False,True,False
278.04841457318776,67.96348969348148,Very Very Poor,44.84482520916932,474.0278248257606,52.26776079447279,290.55137797974675,0,False,False,False,False,False,True,False,False,False,False
118.0,342.2219860302968,Very Very Poor,55.0,156.26773281018993,65.0,141.98241842723286,0,False,False,False,False,True,False,False,False,False,False
246.49436600990555,31.98702380243173,Passable,33.60932628311245,306.2612610448341,41.15657332883937,235.86553922453825,3,False,False,False,False,False,True,False,False,False,False
346.13500312992744,151.91454581484575,Excellent,55.0,111.74295334247586,65.0,40.0,6,False,False,False,False,False,False,False,False,True,False
602.3201475215172,73.17826251921429,Very Poor,30.079868167152988,569.5354093026855,36.84722146852992,397.8486080036967,1,True,False,False,False,False,False,False,False,False,False
1578.0913941850736,58.4846767784741,Poor,25.15701051160876,72.29397918180891,32.08829889976536,48.73863107030025,2,True,False,False,False,False,False,False,False,False,False
1244.1664818452357,55.65773016204877,Very Very Poor,31.1270847781108,390.3016942009148,42.547790278550856,304.4616713282157,0,False,False,False,False,False,False,False,True,False,False
1038.162339233535,49.6516565463055,Very Poor,46.86709205748465,388.58036010293614,53.10552657811569,267.5286329132092,1,False,True,False,False,False,False,False,False,False,False
1081.8316010192734,61.53017619448455,Passable,41.6039782281968,120.06946505652796,46.901929519856864,85.28864926275344,3,False,False,False,False,False,True,False,False,False,False
565.0461343710658,30.215014985766068,Very Very Poor,25.73124950224731,494.88398093712,31.520507524228208,288.63952340452363,0,False,False,False,False,False,False,True,False,False,False
1008.3730278929196,63.68140714978792,Fair,26.60923505489011,210.1186082326483,34.72595089830472,159.48748242519105,4,False,False,False,False,False,False,False,True,False,False
1321.429743284299,454.4473280280274,Poor,55.0,40.0,61.74756187203554,40.0,2,False,False,False,False,False,True,False,False,False,False
1250.4391688363935,36.6186718252881,Poor,23.76215656019569,127.81192725140134,28.743000230335824,89.28511233180433,2,True,False,False,False,False,False,False,False,False,False
804.7237339813962,99.78195174681512,Fair,24.919207113218828,237.7628993084222,31.976342818000617,151.31240382707142,4,False,False,False,False,False,False,False,False,False,True
440.1976098430218,147.9665824696644,Fair,55.0,290.67544199587905,62.59892218592292,191.27358215632051,4,False,False,False,False,False,True,False,False,False,False
118.0,111.94743492417716,Poor,43.884678240625846,243.10040498771284,54.17507892916348,201.10597578997783,2,False,False,True,False,False,False,False,False,False,False
900.9541984130944,80.88073699832974,Passable,25.95850703121162,213.77373114570452,30.50905608553211,176.6148813997271,3,False,False,False,True,False,False,False,False,False,False
814.4818551295543,56.85588139246977,Very Poor,48.0878181630054,476.0865963707373,53.7260788892752,321.0073387760182,1,False,True,False,False,False,False,False,False,False,False
118.0,133.78702607270446,Excellent,51.05468076585025,58.4204747370041,61.042388294908186,40.0,6,False,False,False,False,False,False,False,True,False,False
1120.7109750467548,207.79359976280497,Fair,30.641475562506702,161.72141777488926,38.909723192943424,102.29783813039224,4,False,False,False,True,False,False,False,False,False,False
118.0,209.95962421479769,Passable,55.0,104.28865993094448,65.0,95.09153767474515,3,False,False,False,False,False,False,False,False,True,False
1088.8892959105135,201.7222072476001,Very Very Poor,42.12470135999364,309.1123262187468,50.409389603757546,242.0107084948537,0,False,False,False,False,False,False,False,False,True,False
118.0,49.54326871297221,Passable,32.6899123960462,352.54702424700366,37.438178060443065,275.76850613144427,3,True,False,False,False,False,False,False,False,False,False
920.7176067689472,162.98865143919662,Excellent,50.21702655334728,40.0,56.19898129413519,40.0,6,False,False,False,False,False,False,False,False,True,False
444.7074676270946,165.551167344094,Fair,42.44862727005269,360.6756382774429,45.76154487692713,285.7186263756907,4,False,False,True,False,False,False,False,False,False,False
1169.5470314757868,52.77503405565564,Passable,27.528170127961584,159.0161711758564,37.371912562941134,118.6223574991042,3,True,False,False,False,False,False,False,False,False,False
1386.0424325445756,136.17609382343457,Excellent,30.494669760591982,40.0,39.898372308166486,40.0,6,False,False,False,False,False,False,False,True,False,False
654.5559725385323,85.9091609933118,Passable,29.588839561136208,280.03182697461773,35.57884450008814,220.96060747827835,3,False,False,False,False,False,False,True,False,False,False
1145.378888033986,46.753033796117954,Passable,32.70341995980978,239.64265195646985,40.53117946550149,145.67278342362184,3,False,False,False,False,True,False,False,False,False,False
658.831066217449,20.54862915037364,Very Very Poor,27.490960669777365,588.9350542504523,38.15638677915718,462.7782141554488,0,False,False,False,False,False,False,True,False,False,False
350.0354058049644,139.26749749258585,Excellent,41.36603822028556,40.0,45.93147504470048,60.5637678496157,6,False,False,False,False,False,False,False,False,True,False
764.5411223358606,15.321553122816642,Very Poor,22.185676752537105,471.3694710922457,32.312383216008705,331.9593768811643,1,False,False,True,False,False,False,False,False,False,False
749.2895466769394,33.829965928876895,Very Very Poor,20.686184258636374,473.1731491488667,31.08773091079152,287.86797117504614,0,False,False,False,False,True,False,False,False,False,False
118.0,113.53345586097124,Excellent,38.36085894589469,110.42879557454144,51.7196997441957,70.28255088928583,6,False,False,False,False,False,False,False,False,False,True
801.0248279988502,22.50644187619248,Excellent,37.25099354977858,40.0,43.14987329881447,40.0,6,False,False,False,False,False,True,False,False,False,False
738.8872406165356,159.0168591313147,Passable,23.24475128852069,231.5708028058705,36.22430370584908,159.54321529369432,3,False,False,False,False,False,False,True,False,False,False
118.0,123.05748321680014,Passable,55.0,225.8339504107404,65.0,195.9385119990436,3,False,True,False,False,False,False,False,False,False,False
1220.4291048626037,87.44202282437759,Passable,50.367560235864914,121.77899774369902,54.69023623822186,76.73540995369146,3,False,False,False,False,False,True,False,False,False,False
778.7679433300237,95.5918525510776,Passable,39.50530291624743,199.80249518552856,49.0774782787736,150.1124684742118,3,False,False,False,False,False,False,False,False,True,False
522.3458751301441,14.767515529460113,Passable,41.366714601126176,269.5602648884537,47.35772116195625,222.0331932137124,3,False,True,False,False,False,False,False,False,False,False
1640.4713560622365,328.7893459974852,Very Very Poor,28.66301329385703,284.4589747137369,35.18168559341108,168.62534961996596,0,False,False,False,False,False,False,False,False,False,True
189.88525871013127,55.21590394307881,Fair,30.43532967683294,354.338664578534,38.33568350063774,245.9584395310026,4,False,False,False,False,False,False,False,False,False,True
1404.5582751728853,65.94880450125882,Fair,30.348142803060068,119.18758503746643,35.09821699438036,54.593516830130426,4,False,False,False,False,False,False,False,True,False,False
1461.3161341557632,45.54310777684284,Excellent,22.83118525623206,40.0,28.85241681899587,40.0,6,False,False,False,False,False,False,False,True,False,False
863.6898459048729,79.59993549503285,Very Poor,41.71710435237669,431.66237769499634,47.1082182352516,338.173250196581,1,False,False,False,False,False,False,False,False,True,False
287.81924308505063,82.15089284119387,Poor,34.54820542562255,343.63047437342067,44.37337613009867,239.99540867633863,2,False,False,False,False,True,False,False,False,False,False
916.2448547463264,57.29419761635256,Very Poor,19.004155384081336,411.2726215940104,25.578805445215487,279.1412010297872,1,False,False,False,False,False,False,False,False,False,True
348.1141164637712,126.6545821420442,Very Poor,39.86057926963626,721.1385701575704,51.96732555338952,523.8764092822801,1,False,False,False,False,False,False,True,False,False,False
931.4104759316916,51.07101586542056,Poor,27.066278372009197,266.8242791325507,33.086600314654774,192.45416166748737,2,False,False,False,False,False,False,False,False,False,True
863.5513505654174,124.59932278548328,Fair,24.22043956111547,191.9299291871052,31.622638145818065,153.6248941508419,4,False,False,False,False,False,False,False,True,False,False
898.9138411387995,64.18984353271883,Very Very Poor,22.72827915931574,473.2904656870127,35.45787580892272,293.18325574704033,0,False,False,False,False,True,False,False,False,False,False
986.6016329141584,40.99753926106779,Poor,25.18659603899212,223.40580172098743,34.65945618801941,137.82812439078702,2,True,False,False,False,False,False,False,False,False,False
118.0,105.0068883716238,Passable,55.0,353.06693452781514,65.0,236.5250331159104,3,True,False,False,False,False,False,False,False,False,False
910.5730020199464,5.648629134588314,Excellent,23.603082339686612,40.0,35.25061748012324,40.0,6,True,False,False,False,False,False,False,False,False,False
137.08070037791094,116.0640404683563,Very Very Poor,54.37676557203777,567.1950900907375,62.73921845485498,410.0989327277569,0,False,False,False,False,False,False,True,False,False,False
493.1616797925046,70.59934554861663,Very Very Poor,26.81881986445028,600.8410744136615,38.18991781116439,444.2865692344408,0,False,False,True,False,False,False,False,False,False,False
652.1159452136427,99.72036000735304,Poor,32.448036154750454,276.50875765331057,36.7090724437128,181.25213618465224,2,False,False,False,False,False,False,False,True,False,False
460.12208070120175,39.39430396722272,Excellent,47.77127925758352,155.84473706829277,56.03245016111006,86.904363463727,6,False,True,False,False,False,False,False,False,False,False
1299.5107518932205,196.3018146362318,Very Poor,32.32053584727246,363.37358303303176,36.83110040507655,239.9485174677648,1,False,False,False,False,False,False,False,False,False,True
1243.740930054594,40.224367470205,Very Poor,37.4992328592604,373.73845680637817,48.00180088358339,238.90965882556307,1,False,True,False,False,False,False,False,False,False,False
1109.7330674190723,48.2703817262591,Very Very Poor,27.972541469847457,435.07744826666607,34.64304105893642,284.8320005507052,0,False,False,True,False,False,False,False,False,False,False
1464.0749945346051,55.37988750315317,Fair,23.10503445687256,78.98313232669715,28.783037666368138,46.59710268279709,4,True,False,False,False,False,False,False,False,False,False
866.8756069389447,96.27799699450806,Very Very Poor,27.248192716215875,493.87596538845054,34.839115500053055,266.5694351266868,0,False,False,True,False,False,False,False,False,False,False
133.94609380778377,27.31641444276911,Passable,35.33027083957011,483.82183371744713,43.49309352689531,378.62080351446656,3,False,False,False,True,False,False,False,False,False,False
891.6096268513185,134.34411687115818,Excellent,36.32902484228972,40.0,47.21203051793858,40.0,6,False,True,False,False,False,False,False,False,False,False
480.8355984741542,92.93441381953444,Fair,24.550405258945972,297.3252069314506,34.22833145928349,228.3005390053267,4,False,False,False,False,True,False,False,False,False,False
900.63004207543,34.61469403230005,Excellent,27.88935670899057,48.08375295233749,37.58929280814437,40.0,6,False,False,False,True,False,False,False,False,False,False
865.7237041551496,163.87666630686817,Poor,29.11997739644421,205.1179825973508,32.91509594806302,148.1248624601783,2,False,False,False,False,True,False,False,False,False,False
984.599317986376,337.4460422673314,Passable,41.25397037379396,173.6671276118181,44.26077867894826,125.02064642967558,3,False,False,False,False,False,False,True,False,False,False
518.7105675110129,76.90808082065715,Poor,31.108552476079417,314.8656481440404,34.75865139484143,249.5828828528231,2,False,False,False,True,False,False,False,False,False,False
1008.3785557173676,39.30491811384072,Very Very Poor,24.42562433898208,423.2791769727376,34.08700564169683,322.4304674405493,0,False,False,False,False,False,False,False,True,False,False
385.8477673110094,121.04426159284496,Excellent,44.72397234427124,40.0,49.68391718561013,40.0,6,False,False,False,False,False,False,False,False,True,False
668.3032238061495,136.0982407683693,Very Very Poor,32.81908139474709,415.4804807630669,41.47500963308021,286.4280809462796,0,False,False,False,False,False,False,True,False,False,False
1251.2085660546122,45.93897318119548,Passable,35.74703439637524,81.10857566910651,38.65658325065298,65.16789148227402,3,False,True,False,False,False,False,False,False,False,False
915.8331463187544,49.592749172467386,Poor,45.9843887748183,191.30604343754723,53.66848236088973,135.6525481956775,2,False,False,False,False,False,False,False,False,True,False
1128.7465831672764,166.63189244477846,Fair,23.003489726786537,145.2416322037096,30.672007598450744,102.63781134517303,4,True,False,False,False,False,False,False,False,False,False
118.0,73.75221251356152,Very Poor,43.608378864497766,520.1926666923332,52.32358728052406,367.3365311793021,1,True,False,False,False,False,False,False,False,False,False
1193.4895697192997,202.6455261612903,Poor,31.77422550522304,131.01363498897948,41.20160856932731,97.50774078648324,2,False,False,True,False,False,False,False,False,False,False
1413.1234053771273,200.11620932636208,Poor,37.68098055347029,56.613031697261775,43.11709048153046,40.0,2,False,False,False,False,False,False,False,False,True,False
632.2512015132834,26.232986390509694,Very Very Poor,31.272372979818947,681.4571816254318,37.97323302939692,435.4532826478038,0,True,False,False,False,False,False,False,False,False,False
597.3983364645226,178.52003993055766,Very Very Poor,40.44529084094391,411.63393735226646,46.952843997066914,249.3415478833256,0,False,False,False,False,False,False,False,False,True,False
279.09227723847164,600.0,Poor,55.0,40.0,65.0,40.0,2,False,False,False,False,False,False,False,False,True,False
1315.833856058443,95.30521899809844,Fair,44.55256111614808,75.89160184702065,50.06358571257235,53.35984396689215,4,False,True,False,False,False,False,False,False,False,False
482.69024935185024,121.07532222065478,Excellent,34.96106573886051,84.94131827321587,42.009569008513296,78.5687603841635,6,False,False,False,True,False,False,False,False,False,False
690.4099113850648,82.68446255153677,Very Very Poor,29.877114233391584,484.9400610383189,34.24587614195869,371.30901358243625,0,False,False,False,True,False,False,False,False,False,False
556.8115388597259,39.8820413727964,Excellent,26.55582974911833,128.31175498107152,30.582006018080182,64.5970411265913,6,False,False,False,False,False,False,True,False,False,False
165.2090097945287,93.49685428039324,Very Very Poor,54.10337996016103,561.146921695094,62.716039958933386,401.49787840668654,0,False,False,False,False,False,False,False,False,True,False
1106.623809334564,133.5381371796149,Very Poor,40.149416089982296,419.67927645434,50.520382227985976,329.9626715752671,1,False,False,False,False,False,False,False,False,True,False
475.656758188485,338.44652654157784,Excellent,52.524214561989965,109.49254392133945,62.40338316106538,91.22032015490429,6,False,False,False,False,False,False,False,True,False,False
654.1604303250208,111.38018588016268,Passable,51.44175302402879,270.98362798139533,55.69233639682658,186.5304259841608,3,False,True,False,False,False,False,False,False,False,False
1131.3906603480086,84.33266093324289,Fair,30.248986170667536,165.13878061654384,34.94349526287196,107.06840713420942,4,False,False,False,False,False,False,False,True,False,False
118.0,80.35043729198635,Passable,39.77284242406808,339.676999077243,46.24621299859549,199.95068344341044,3,False,False,False,True,False,False,False,False,False,False
118.0,402.1474826027092,Poor,55.0,40.0,65.0,40.0,2,False,False,False,False,False,True,False,False,False,False
842.9208551693864,151.94055172094795,Passable,41.08983803641964,183.6940549921417,48.41130156186874,115.98443149307413,3,False,True,False,False,False,False,False,False,False,False
257.55961729751704,88.6737615111441,Excellent,34.392762322250256,89.13639114648925,42.8137910486758,87.31565132010084,6,False,False,False,True,False,False,False,False,False,False
175.33874224879276,55.43846286174884,Excellent,27.171383377037213,130.381688269837,40.49271211571786,119.01291485531654,6,False,False,False,False,False,False,False,False,False,True
1382.3246619207298,117.1492020403481,Very Poor,36.68565945604037,205.88591218577665,41.819873079040335,146.77505353344313,1,False,True,False,False,False,False,False,False,False,False
1298.5092171611705,35.79331498748996,Poor,34.119784130848664,77.2839538363908,36.97892863645806,44.14353768529252,2,False,False,False,False,False,True,False,False,False,False
700.3940125283361,66.58565480882314,Very Very Poor,47.91624070341372,465.38978652083074,55.4131591561061,307.4835071852175,0,False,False,False,False,False,False,False,False,True,False
897.3992622329929,40.05433942973127,Fair,24.925466151610788,249.85735506979023,35.21705941563557,148.45568151425965,4,False,False,False,True,False,False,False,False,False,False
1042.5256572550743,41.31669043640196,Excellent,31.817823028964742,40.0,38.97337468569385,40.0,6,False,False,False,False,False,False,False,True,False,False
593.4242279025872,142.26627812616982,Fair,28.9849268553904,269.3126542634632,33.70061180911184,172.6882270677534,4,False,False,True,False,False,False,False,False,False,False
691.7966044234794,83.05997038898407,Fair,27.603500492222743,304.92543151132145,35.05235256249788,184.7138307194741,4,False,False,False,False,False,False,False,False,False,True
118.0,63.2485988385971,Excellent,40.854979842365104,178.3160813646478,49.38884473973103,109.95696115399495,6,False,False,True,False,False,False,False,False,False,False
534.3728365120415,15.668056253979987,Fair,30.03947947648881,247.6464302989584,40.78804836204497,205.3491092841608,4,False,False,False,False,False,True,False,False,False,False
1249.954445106823,83.83156737421395,Passable,38.21262736609435,96.41993600192276,47.77167201950401,75.16136690543249,3,False,True,False,False,False,False,False,False,False,False
1498.3247901162526,62.710284855418784,Fair,39.19852016917828,40.0,48.0264705279767,40.0,4,False,True,False,False,False,False,False,False,False,False
1092.8305172674936,67.67002580338033,Poor,39.20270394018471,132.13391013618116,48.176241253720114,90.2468303275648,2,False,False,False,False,False,True,False,False,False,False
1111.618213573615,34.46900848747601,Fair,34.70319723365587,121.73264177696412,39.44176141789727,83.42098653833845,4,False,False,False,False,False,True,False,False,False,False
1003.355490874938,216.55900617236284,Very Poor,45.60517205037695,398.36729330967,50.36457140115574,255.7416014623411,1,False,True,False,False,False,False,False,False,False,False
1491.2204742174576,339.27239490150674,Very Very Poor,30.02056982907385,339.1387343134616,38.28931360441278,227.2898243454808,0,False,False,False,False,True,False,False,False,False,False
1116.031582244914,119.91677495629722,Poor,28.96260221371555,144.29393517694496,36.422962951918535,122.17616020377484,2,False,False,False,False,True,False,False,False,False,False
788.6249962071402,121.71043954015936,Fair,36.70323625409399,178.89500750413902,48.60571119564775,127.71023520808498,4,False,True,False,False,False,False,False,False,False,False
322.7892632664259,174.64836637780948,Excellent,39.87572023207965,77.59880345896701,49.27363576245124,40.0,6,False,False,False,False,False,False,False,True,False,False
1327.114267813145,40.32483526077361,Excellent,44.15525744446938,40.0,53.01273885827178,40.0,6,False,False,False,False,False,False,False,False,True,False
1866.469958450769,127.87177212241367,Very Poor,42.66350303492188,155.87423332135376,49.55654678985195,132.70157055604483,1,False,False,False,False,False,True,False,False,False,False
663.6590543073603,158.57173282860143,Very Poor,30.810784375702603,396.3681016006488,35.46590325618746,249.70327807554116,1,False,False,False,True,False,False,False,False,False,False
881.256150152336,77.3439341174814,Very Very Poor,37.35617984903401,461.1761577448827,45.9321746085592,284.7649160007208,0,False,False,False,False,False,False,False,False,True,False
659.3993176123237,114.06437222747464,Excellent,33.726816242191155,161.83145457983153,42.15621892004036,105.45604683850762,6,False,False,False,False,False,False,False,True,False,False
1246.1829687763304,55.94205258293106,Passable,28.5437444213546,141.02172277452283,37.76286828567857,139.43796873211954,3,True,False,False,False,False,False,False,False,False,False
1022.6796993468452,73.59792615952753,Fair,24.270626987209525,188.16403588212924,34.702813528195975,131.72671923240463,4,False,False,True,False,False,False,False,False,False,False
564.1569547341672,131.3020293834756,Very Very Poor,36.70172621404317,577.2445055711677,46.59929322327429,382.44396232961344,0,False,False,False,False,False,False,False,True,False,False
472.97040410377946,27.12995611880324,Poor,24.1758934424572,341.31555767443456,28.38103574815841,247.30211507805785,2,False,False,True,False,False,False,False,False,False,False
456.23164453211984,112.05149795012628,Poor,53.56361595452835,298.07574120381327,61.981565362772045,237.2015939536055,2,False,False,False,False,False,False,False,False,True,False
942.1759269210892,65.6739839869695,Excellent,19.83461606431749,40.0,32.25721279949925,40.0,6,False,False,False,False,False,False,False,False,False,True
692.5740256135974,55.45179549208418,Very Poor,30.73497009533857,519.7347101575183,36.26655850473905,423.3753967532136,1,False,False,True,False,False,False,False,False,False,False
595.6540647675441,338.43627857328056,Very Very Poor,43.158180055401765,549.982898344937,51.91883586313463,335.18351118097945,0,False,False,False,False,False,False,False,True,False,False
656.1941615059781,54.7390480551231,Excellent,30.640842573112337,112.1503756464788,34.31613528755679,59.24208760039567,6,False,False,False,False,False,False,False,True,False,False
1134.7251460419477,112.0999544558269,Excellent,32.672369638511405,40.0,44.42615196804,40.0,6,False,False,False,False,False,False,False,False,True,False
225.94098886029545,20.358231241393074,Excellent,40.484963926909714,137.7550655742183,47.22671448874533,77.10728014747093,6,False,False,False,False,False,True,False,False,False,False
505.8211174584352,62.983355358132776,Fair,36.972476492089584,252.4541953556136,40.26979821325922,182.3162332809705,4,False,False,False,False,False,False,False,False,True,False
465.8990017698068,368.1864760722237,Excellent,49.89668213254299,46.65086445799075,56.69594282120433,40.0,6,True,False,False,False,False,False,False,False,False,False
311.62980768875616,45.48125795551034,Fair,26.227547466277045,326.8615469561693,32.52273253628834,226.9869535350824,4,False,False,False,False,True,False,False,False,False,False
497.0086821373665,65.59616905404987,Poor,26.67198731474316,306.73086540034706,32.76412900034152,233.10823200027275,2,False,False,False,False,False,False,True,False,False,False
515.4936027482279,214.76036235405172,Very Very Poor,36.56528298815265,497.7902964895153,43.842158167450776,349.1583984232074,0,True,False,False,False,False,False,False,False,False,False
1036.8877288116173,72.17102397588921,Fair,40.48290617426359,132.27229616703596,48.02169035815451,111.03152793213812,4,False,True,False,False,False,False,False,False,False,False
463.303289748918,44.261593769543005,Excellent,26.136015256444043,78.99473078384216,35.27560215861643,64.25699608276547,6,False,False,False,True,False,False,False,False,False,False
1005.6001195196982,50.85947965967828,Fair,27.10285163729084,204.05699699540517,32.02350511692754,135.18122631747306,4,True,False,False,False,False,False,False,False,False,False
576.2627825601087,47.61805901167253,Fair,28.410466726099248,287.285441685963,36.09068397769384,228.66457246872903,4,False,False,False,True,False,False,False,False,False,False
692.3718552820592,21.265535911264045,Excellent,19.429383105613685,143.33282809229868,25.632378852314712,85.34558916056966,6,False,False,False,False,False,False,False,False,False,True
950.5641637932656,160.73959531730816,Very Poor,31.452320423347206,418.5346317371853,37.28812939309349,251.34424020170667,1,False,False,False,True,False,False,False,False,False,False
144.1763186738284,138.6488501737593,Very Very Poor,50.18929363146064,565.2457024020508,62.17138696042225,421.834605275789,0,True,False,False,False,False,False,False,False,False,False
1260.4776180200538,82.99782463270644,Excellent,46.34646496930675,40.0,50.552006391263774,40.0,6,False,False,False,False,False,True,False,False,False,False
118.0,102.07018848157192,Very Poor,51.56474474925408,488.9754306227973,59.49080322293175,382.4361648770641,1,False,True,False,False,False,False,False,False,False,False
848.645327123816,139.0505587482799,Very Poor,31.402636924500065,516.5791317505,37.57025562280953,410.4865107541569,1,False,False,True,False,False,False,False,False,False,False
945.2326917884244,98.68150745800736,Very Poor,49.10455030708317,500.98799415558847,55.25813765173079,399.6581908652533,1,False,False,False,False,False,False,False,False,True,False
1353.1521349232005,70.57211130852538,Fair,27.663665798197872,127.67277405415294,37.51400480770731,85.54757463898635,4,True,False,False,False,False,False,False,False,False,False
523.6366242739706,80.31809849385519,Very Very Poor,36.91286208728655,377.181366342946,41.95233060664957,259.60694022224664,0,False,False,False,False,False,True,False,False,False,False
646.9504866446955,88.37768895441025,Very Poor,29.93898570918855,447.06145778579554,36.87980436028379,358.6939525323444,1,False,False,False,True,False,False,False,False,False,False
1167.0567791884223,81.85871197518243,Fair,31.257678142023718,205.0418804274895,37.088285712623225,120.2045118750726,4,False,False,False,False,False,False,False,True,False,False
904.3530638636744,76.94663936585945,Very Poor,41.98646851265875,363.40229836341376,50.39280818906688,256.4010233254812,1,False,True,False,False,False,False,False,False,False,False
1058.6595969801606,28.172891903586677,Fair,30.759946097752117,123.76947111803192,41.6127208772724,107.0170676073552,4,False,True,False,False,False,False,False,False,False,False
677.8465194796635,47.324580000761536,Excellent,21.729286972964164,71.67891331351841,31.367457042853975,48.787464712988495,6,False,False,True,False,False,False,False,False,False,False
488.9185793352247,39.24876954539332,Very Poor,28.52436508890905,627.2067919055613,32.20580372243094,479.7465724522832,1,False,False,True,False,False,False,False,False,False,False
1040.059798448539,61.23055876067357,Poor,38.45275912250266,151.70556293109502,47.95477837977799,99.65079787697027,2,False,False,False,False,False,True,False,False,False,False
1266.0006746722745,32.72122948454865,Poor,25.435852390710693,128.22864661478536,35.043450410447214,69.78398646060765,2,False,False,False,False,False,False,False,True,False,False
847.4311572679956,14.558700299033363,Very Very Poor,23.890951817277557,487.2595819995115,27.622549517487784,338.95911156956385,0,False,False,False,False,False,False,False,False,False,True
234.54391117955777,14.56071179523067,Poor,25.72018994988906,405.3952964732629,34.2252783450526,293.0008158089572,2,False,False,False,False,False,False,True,False,False,False
1051.44044976258,23.12703276313781,Excellent,38.7130334735886,40.0,44.94026971419271,40.0,6,False,True,False,False,False,False,False,False,False,False
118.0,117.12960041616373,Very Very Poor,55.0,510.7806061553866,65.0,347.6327677569559,0,False,True,False,False,False,False,False,False,False,False
118.0,54.844085430385846,Excellent,42.31115503790929,198.04535969834475,55.58726950008089,150.85308587317476,6,False,False,True,False,False,False,False,False,False,False
1650.0807809709893,65.52995890506182,Very Poor,24.58005260974185,306.2698498509119,33.34026603632261,201.75914119820123,1,False,False,False,True,False,False,False,False,False,False
1409.7443232726282,62.80618464626211,Excellent,42.71988190150877,40.0,55.103758864528906,40.0,6,False,True,False,False,False,False,False,False,False,False
1385.4123073262554,181.7577615438013,Poor,31.49027726917861,112.92433066925037,38.73506048929181,75.37551063057875,2,False,False,False,False,True,False,False,False,False,False
963.3181939845464,44.50720366203715,Passable,19.23777262700112,202.8334778075616,29.144814956274825,155.1115853311761,3,False,False,False,False,False,False,False,True,False,False
210.9116818940577,242.6424506537545,Passable,55.0,298.45914935166195,65.0,154.21416917338584,3,False,False,True,False,False,False,False,False,False,False
1441.1853894531168,136.18990067856322,Passable,40.13409719968379,40.0,51.50429290817888,40.0,3,False,False,False,False,False,True,False,False,False,False
1262.8728015356735,156.1851480875058,Poor,27.41951166921419,134.44973929005812,35.43942748200211,109.75535483606478,2,False,False,False,True,False,False,False,False,False,False
146.5681550630004,51.703940088037626,Passable,51.47323744078721,372.2660026847181,60.91962601904612,230.7263838888801,3,False,False,False,False,False,True,False,False,False,False
838.5854613026273,203.7665179031725,Fair,47.17057994577686,175.18370605941368,52.2133070050873,110.5356185846938,4,False,False,False,False,False,False,False,False,True,False
862.9489315061912,23.126808828979,Very Very Poor,28.506719302990653,443.4420386020103,36.81297460658274,350.47936837341973,0,False,False,False,True,False,False,False,False,False,False
847.0382528906108,38.43338021788357,Excellent,25.089487470424952,72.55684505881823,31.33540487582764,40.0,6,False,False,False,False,False,False,False,True,False,False
123.46129621625607,130.1550637168881,Excellent,55.0,40.0,65.0,40.0,6,False,True,False,False,False,False,False,False,False,False
1914.0833987380445,28.727270544029807,Fair,39.96237628900886,40.0,47.27181011778553,40.0,4,False,True,False,False,False,False,False,False,False,False
1166.9973276269195,155.44679404426356,Poor,27.584335772067888,179.49296057424655,35.38300862453062,124.15919664195825,2,False,False,False,False,False,False,False,False,False,True
1371.3650248190052,121.35137814991243,Excellent,24.479198270762488,40.0,34.940647793595865,40.0,6,False,False,False,False,False,False,False,False,False,True
807.143010013925,55.03825946813127,Passable,48.15943691437096,204.55957933957356,53.480542264372566,172.7361608309294,3,False,False,False,False,False,True,False,False,False,False
625.7034067866988,50.44849932524852,Passable,29.652381967713083,284.860977339489,36.930946494119546,258.4695221518864,3,True,False,False,False,False,False,False,False,False,False
1125.6543151060223,20.53200865747624,Very Poor,35.60988791655293,342.5673183907389,40.37991758541345,236.27174902444955,1,False,False,False,False,False,False,False,False,True,False
790.5531669890265,112.52909668723385,Fair,27.42641879993529,258.91407399006044,37.46169603184449,170.40944902459898,4,False,False,False,False,False,False,False,True,False,False
275.8922021916017,96.0213106906192,Passable,40.50654375388614,410.26385576389566,51.24061332259687,295.7885618546389,3,False,False,False,True,False,False,False,False,False,False
631.8967114112861,146.52216786809632,Excellent,43.9675343171394,40.0,52.22282332376187,40.0,6,False,False,False,False,False,False,False,False,True,False
821.1483894849846,132.84513239826268,Very Poor,35.52698366891123,637.8624094390559,41.32606944682299,364.9226365133103,1,False,False,True,False,False,False,False,False,False,False
118.0,166.75318882197487,Fair,55.0,215.0717657491388,65.0,171.8797329271477,4,False,False,False,True,False,False,False,False,False,False
607.9202047379246,51.75552803030141,Excellent,26.420821541937165,128.84482797094216,32.722106284484774,105.52924014673772,6,False,False,False,False,False,False,False,True,False,False
1104.5319027259552,151.84949953946162,Fair,29.45876368984487,163.13519364166547,34.65845031942058,108.37848492856637,4,False,False,False,True,False,False,False,False,False,False
680.1855618591555,28.977171286500585,Very Very Poor,28.047516111583384,543.0042562652433,35.4742872392729,423.1296947388934,0,False,False,True,False,False,False,False,False,False,False
1082.8046036018568,29.86221502393292,Very Very Poor,20.744660923435223,341.2988017577462,25.502676898218837,207.4261906575181,0,False,False,False,False,False,False,False,False,False,True
950.5573279768546,140.49000795110217,Very Poor,37.09608590982008,550.3749001509212,42.78546614787538,341.3336366236468,1,False,False,False,False,False,False,False,True,False,False
686.4542576907984,99.93099826454366,Poor,31.14765413639585,247.39837627988723,38.9852432493328,192.15475189122523,2,False,False,True,False,False,False,False,False,False,False
716.2640498587214,30.55283062577492,Passable,20.925374941391425,283.65145481667224,30.923205506226253,202.74872284170596,3,False,False,False,False,True,False,False,False,False,False
651.9114669469582,116.48529958046905,Fair,22.474535165828076,250.93501837837383,33.41099603055158,185.92432293527563,4,False,False,False,False,False,False,False,True,False,False
1291.27413335193,34.87790134933992,Very Poor,24.09349653474532,433.0894045624511,33.54182080452862,320.17071017414645,1,False,False,False,False,False,False,False,False,False,True
286.4620921175066,34.925119445001286,Very Very Poor,25.668593582833577,622.17703972608,36.36673989261484,424.1400089495335,0,False,False,False,False,False,False,False,True,False,False
1088.8081707132858,25.583750476394822,Passable,23.75183872387548,202.0920176344189,33.186179956023985,122.34462418546964,3,True,False,False,False,False,False,False,False,False,False
504.7275698409636,37.22714019977443,Poor,28.827217995063805,319.0306638694651,35.74915623766144,224.44196472898287,2,True,False,False,False,False,False,False,False,False,False
630.458370159758,50.16272149149189,Very Very Poor,41.454491616076965,443.5904811826844,50.18183969568244,341.29435422242204,0,False,True,False,False,False,False,False,False,False,False
1006.062460712932,31.60200847341012,Poor,23.013536701663067,179.54509444819817,35.03643247804284,113.75577504053383,2,False,False,False,True,False,False,False,False,False,False
874.556349171075,158.6878107791533,Very Very Poor,35.488058842688474,552.3477524217752,42.23220409270692,350.4438586704033,0,False,False,False,False,False,False,False,True,False,False
753.9869119653325,85.83075447135249,Fair,31.2045444921887,281.8006039552813,37.67310935027765,190.41784760104264,4,False,False,False,True,False,False,False,False,False,False
647.756495323258,88.99675827202519,Passable,28.612004027935168,288.9562558942591,36.82301590997887,216.86367957729564,3,False,False,False,False,True,False,False,False,False,False
712.6523618185718,57.45633967979267,Excellent,21.07032499981712,153.22310046813595,30.711790366150424,99.01702724142169,6,False,False,False,False,False,False,False,False,False,True
118.0,221.97527541595608,Very Poor,55.0,381.9118268680349,65.0,281.28866265127215,1,False,False,False,False,True,False,False,False,False,False
816.456797074217,146.56053581356556,Excellent,40.82192678580484,40.0,51.37137598744688,40.0,6,False,False,False,False,False,False,False,False,True,False
933.8409388877104,247.29058761235683,Excellent,32.200016108619735,40.0,45.111640164584,40.0,6,True,False,False,False,False,False,False,False,False,False
391.1868269435432,225.4487977353406,Poor,36.65939814230041,273.0744787914971,46.4300502527628,179.96650924556258,2,False,False,False,False,False,False,False,True,False,False
636.2848600563148,192.88330764544463,Very Poor,32.27696457318849,482.65262619992046,37.18254465020896,387.6642176850074,1,True,False,False,False,False,False,False,False,False,False
383.5587351596765,35.609748959144646,Excellent,41.84580467735099,112.18369728300225,47.60470358667121,79.12705527389012,6,False,False,False,False,False,True,False,False,False,False
1697.4255911932803,336.6894021924668,Passable,31.03426567687237,40.0,40.82445817965516,40.0,3,True,False,False,False,False,False,False,False,False,False
652.9940058506876,32.63088589212014,Poor,29.00068347511932,301.1075043943443,36.1851190541177,192.3682676294864,2,True,False,False,False,False,False,False,False,False,False
158.7346252263634,78.4064689895286,Poor,54.42201311939238,313.8387942135665,61.646388379665005,207.9677698293904,2,False,True,False,False,False,False,False,False,False,False
118.0,18.59788999431173,Passable,34.72091658981872,313.4812530567536,41.120754599292994,271.4024639026016,3,False,True,False,False,False,False,False,False,False,False
1229.6653381912972,140.45975904334728,Poor,36.53995209059205,182.91550937241516,37.98872282737628,133.71578547573816,2,True,False,False,False,False,False,False,False,False,False
271.4058804126158,89.59257913578845,Passable,41.49377261084949,286.1808945861312,47.01625404475824,211.9113322389917,3,False,True,False,False,False,False,False,False,False,False
990.1313134046966,138.17692507227085,Passable,37.16004735823848,246.25392852017407,43.88317534607612,154.5540738084117,3,True,False,False,False,False,False,False,False,False,False
473.0961769046195,40.53174593826628,Passable,29.907562975011245,344.81699678291227,35.01008976929386,222.93527174367253,3,False,False,True,False,False,False,False,False,False,False
692.7201043864552,73.78879791334077,Excellent,46.191499796084166,40.0,53.77825056381101,40.0,6,False,False,False,False,False,False,False,False,True,False
954.219880373141,61.46974267346032,Fair,38.75348025376201,147.45626585603287,50.03947386930096,135.2832529979127,4,False,False,False,False,False,False,False,False,True,False
1566.2618149936643,41.45412993962651,Excellent,28.793428537086385,40.0,35.25495026883218,40.0,6,False,False,False,True,False,False,False,False,False,False
1385.7055216706224,73.25262476155433,Excellent,32.91359592549567,40.0,37.67522041984898,40.0,6,False,False,False,False,True,False,False,False,False,False
118.0,37.07174540489502,Very Poor,37.59668548167532,789.9843726514863,44.66893045346247,531.201961764403,1,False,False,False,False,False,False,False,True,False,False
1374.8028331099167,415.4891510392041,Fair,37.91816448335469,98.33439173750256,46.8265266243405,70.38798458039328,4,False,False,False,False,True,False,False,False,False,False
522.316041011175,145.8021976885151,Passable,25.165773759089056,256.0913114508539,33.36073671009941,207.89233129964845,3,True,False,False,False,False,False,False,False,False,False
1390.5514214770828,86.9234693474347,Poor,23.97254038059994,90.97927574528168,30.227260741770124,68.63074851219704,2,False,False,False,False,False,False,True,False,False,False
122.13935392302903,243.1264740990386,Fair,55.0,131.487600190039,65.0,102.39448656928984,4,False,False,False,True,False,False,False,False,False,False
1059.3460285464666,35.79565105146867,Very Poor,31.46832793447225,450.8169767403543,37.90097193723543,337.88157649532747,1,False,False,True,False,False,False,False,False,False,False
344.0192924721832,44.45400441665815,Very Poor,39.41558702903328,791.3704337287655,43.50999600083299,611.7039217667207,1,False,False,False,True,False,False,False,False,False,False
1070.2500275127843,66.01956940905013,Fair,28.706372126740337,209.0465669552565,35.36891919595009,151.16536967650637,4,False,False,False,False,False,False,True,False,False,False
1341.3926716503497,112.90057861579687,Poor,44.2171607804662,83.03499955130438,56.63226662516114,48.164385479561794,2,False,True,False,False,False,False,False,False,False,False
1604.248946616839,43.78758062514843,Very Poor,22.736729855806704,295.95633272075446,30.252595520069278,184.6668754883017,1,True,False,False,False,False,False,False,False,False,False
1182.712671768771,61.37757830351328,Passable,26.259715852419568,184.7433727262764,37.34012981479764,128.9889069478201,3,False,False,False,False,False,False,True,False,False,False
1360.7630968263848,27.85057175907556,Poor,25.123677815199567,141.2941006224422,35.43166744620494,93.25178030086884,2,False,False,False,True,False,False,False,False,False,False
910.4679140302078,136.39767561142563,Very Very Poor,34.43156815058176,401.81508572356057,38.731477563990765,293.3106423790607,0,False,False,False,False,False,False,True,False,False,False
897.572926210714,40.295836254169146,Very Very Poor,28.342948474488995,431.1979294067359,37.93714286136282,343.17218333883267,0,False,False,False,False,False,False,True,False,False,False
330.19476607987855,25.25868475231471,Very Very Poor,28.5488902567466,511.5923245460624,35.83204865273008,414.7769488494696,0,False,False,False,True,False,False,False,False,False,False
1461.6549944142234,58.77351918713112,Excellent,41.65000686279736,40.0,43.8687676587625,40.0,6,False,True,False,False,False,False,False,False,False,False
340.6653843095009,105.435265610437,Very Poor,35.68578273063874,527.5849908163714,40.4835923428395,402.0484086622783,1,False,False,False,True,False,False,False,False,False,False
579.8687036299024,85.38285176093396,Very Poor,28.148661976164576,514.5193804572059,36.25647870751513,306.872475569389,1,False,False,False,True,False,False,False,False,False,False
711.8475028163131,156.39656535524,Excellent,32.8472251974493,40.0,40.55379581147993,40.0,6,False,False,False,False,False,False,True,False,False,False
769.5207215567422,77.07381268459639,Excellent,20.73840536119925,40.0,30.980051155477284,40.0,6,False,False,False,False,False,False,False,True,False,False
592.7950803802514,600.0,Very Poor,55.0,343.71987393545913,65.0,211.9982646702696,1,False,False,False,True,False,False,False,False,False,False
1222.6663646322972,62.94220790873813,Very Very Poor,29.15510042058429,441.7609289782743,32.9542037223983,331.4922696917867,0,False,False,True,False,False,False,False,False,False,False
118.0,47.62628000941951,Fair,36.43619281296091,396.793970603755,43.82455126207248,227.1295992576828,4,False,False,False,False,False,False,False,True,False,False
666.123470561615,132.3013811375611,Passable,26.010231877369364,257.9335797885455,36.65887396499839,202.2098232809153,3,False,False,False,True,False,False,False,False,False,False
1435.3758561871389,217.4308706100547,Poor,38.79351883255993,40.0,41.87742046258356,40.0,2,False,False,False,False,False,True,False,False,False,False
118.0,46.58101430285021,Fair,37.831709169479055,381.8976143633891,45.25393801356534,241.16305543859536,4,False,False,False,True,False,False,False,False,False,False
905.675601861394,75.30769259083202,Fair,45.35922595590158,169.17365964596695,49.83500711433355,110.41424529380296,4,False,False,False,False,False,True,False,False,False,False
1563.4497088183916,31.627131589008098,Passable,29.44402258933399,68.52894726586186,37.43251943591245,53.47519391041397,3,False,False,True,False,False,False,False,False,False,False
394.746880091642,64.21048524271748,Very Poor,27.17806967500418,505.0242035537792,36.0604951158873,400.1665385728135,1,False,False,False,False,False,False,False,True,False,False
426.0436523359742,395.59228606531366,Very Poor,55.0,428.7289740695471,65.0,292.97384603401025,1,False,True,False,False,False,False,False,False,False,False
529.8726535260517,224.57195990305377,Fair,44.74013526857628,344.80742910214855,50.84612223738292,259.7029383444079,4,False,False,False,True,False,False,False,False,False,False
733.1073202664959,63.01940760731206,Poor,31.352088246370137,283.1302262075185,36.99828045429663,215.71654728657904,2,False,False,True,False,False,False,False,False,False,False
531.1026950570096,50.48952468856413,Excellent,22.69327056095193,135.89398447645414,28.93104824770317,78.09669013165468,6,True,False,False,False,False,False,False,False,False,False
626.7804863730635,44.299872647456105,Passable,22.51656569973301,293.5706989665484,30.483717219536423,175.56440226446165,3,False,False,False,False,False,False,True,False,False,False
439.4473312586422,70.13747737874476,Very Very Poor,42.45190723350245,585.9605849186411,49.26855253708189,433.5160279222559,0,False,False,False,False,False,False,False,False,True,False
118.0,124.01935336259848,Very Poor,55.0,578.292687158147,64.71434759524604,369.3403787777468,1,False,False,False,False,True,False,False,False,False,False
1064.136926281737,131.83347997303767,Very Very Poor,36.983137532818695,277.8710051975319,41.90706789079156,227.27268490843355,0,False,False,False,False,False,True,False,False,False,False
653.0737691232163,67.29018851021935,Poor,49.04464727583314,271.93668831491703,51.91789249531208,209.2844872622786,2,False,True,False,False,False,False,False,False,False,False
118.0,212.15906961694603,Fair,55.0,199.4333160453657,65.0,133.06340282485274,4,False,False,False,False,False,False,True,False,False,False
269.6733802780742,203.9115571088996,Excellent,45.84642360941086,101.8283146699286,55.01375744617965,67.63528269304938,6,False,False,False,False,False,False,False,True,False,False
1686.315034285419,50.222802540003,Passable,33.444436461030456,52.57694811632359,39.27602069414777,40.0,3,False,False,False,False,False,False,True,False,False,False
1169.7058573531317,36.80734540123461,Passable,26.54191184780689,164.08151666035337,36.92500629068457,124.50401588128258,3,True,False,False,False,False,False,False,False,False,False
118.0,109.24954988469302,Very Poor,53.289031973222606,480.4326226079528,61.05659020113626,343.8521785220978,1,False,False,False,False,False,False,True,False,False,False
1185.6025080340576,60.251250832893874,Very Poor,24.125527523320297,415.5615018493265,28.91048101195423,324.8095961088657,1,False,False,False,False,False,False,False,False,False,True
694.1821044148583,51.964783624209,Excellent,26.42983773114182,72.44930006526674,37.31202260425675,49.16612684916528,6,False,False,False,False,True,False,False,False,False,False
465.87254155195865,61.480819351576685,Excellent,25.002915449781643,163.508575552023,34.1726715869512,111.26283372652355,6,False,False,False,False,False,False,False,False,False,True
901.09501395725,60.54906408315878,Fair,20.500157874926263,266.0063270276621,26.98699224187416,132.7097150666276,4,False,False,False,False,False,False,False,True,False,False
991.0173611514354,134.55415237816797,Very Poor,26.094595653106527,362.900702505516,33.99371567517196,270.1881935903035,1,True,False,False,False,False,False,False,False,False,False
118.0,32.26098613756311,Poor,35.442095201143246,493.828533823506,46.07857706962686,337.0255680181935,2,False,False,True,False,False,False,False,False,False,False
873.7120758163974,48.10473205794473,Passable,31.88494563273371,275.56250165745087,40.8695988841638,208.7448284161081,3,False,False,True,False,False,False,False,False,False,False
243.98849786538244,145.4051947038909,Fair,41.5991977984991,300.941468855953,40.091848085152776,229.06859987495824,4,False,False,False,False,False,False,False,True,False,False
1136.7774570026097,28.044205245842072,Passable,31.37764431825913,214.12126997764295,37.93968221363887,171.80587921221414,3,False,False,False,False,False,False,True,False,False,False
649.7866807568354,257.2921814355084,Very Poor,41.18225065454266,427.25242184839874,46.09138446354464,308.82228815096414,1,False,False,False,True,False,False,False,False,False,False
1507.5371629856718,168.22265133822012,Very Poor,31.459536933814945,311.7679004716456,36.666188494894165,185.70119491572623,1,False,False,False,True,False,False,False,False,False,False
513.4278787474109,93.19637409842515,Passable,30.054506404265226,308.17330656941783,41.56844008211026,220.69303777064516,3,False,False,True,False,False,False,False,False,False,False
555.5195819788273,60.86893560171536,Fair,29.191476383736752,328.9154874620747,33.489806265049815,204.31103739898512,4,True,False,False,False,False,False,False,False,False,False
1312.6948235005962,152.05720045085755,Passable,29.07763906166149,133.19191524577818,38.66481415545648,66.75192337980965,3,False,False,False,False,False,False,False,True,False,False
297.15697492880616,14.235344489180884,Very Very Poor,38.9944534373407,500.8076255080014,46.30989947839945,368.67379405867166,0,False,False,False,False,False,False,False,False,True,False
1114.502126875164,36.88391011443692,Very Very Poor,25.70999261885662,519.0873734879466,32.17064212420456,377.3392712418627,0,False,False,False,False,False,False,False,False,False,True
363.4495837926647,41.78392616602252,Excellent,45.74021650774456,120.21671670400691,55.734094496928,79.22901282832146,6,False,False,False,False,False,True,False,False,False,False
1176.8238070242792,291.96527692458346,Poor,45.41148988622409,91.88716841319253,52.4571323668102,67.35156310658621,2,False,False,False,False,False,True,False,False,False,False
792.0212780725019,68.1482922554902,Excellent,41.33159137933387,40.0,48.69231877816835,40.0,6,False,True,False,False,False,False,False,False,False,False
118.0,67.68991344163055,Excellent,41.9512400368567,125.7837267945158,45.05713636520437,91.7967864827693,6,False,False,False,False,False,False,False,False,False,True
1898.8010031814604,600.0,Passable,39.0743646443232,40.0,49.29896188238361,40.0,3,False,False,False,True,False,False,False,False,False,False
162.740075473341,47.575134980802645,Passable,27.54668360358847,369.0186559378003,33.95221513190135,215.0876080645863,3,False,False,False,False,False,False,False,True,False,False
502.9357339136723,148.20596972473223,Poor,28.261002701483758,287.14715700689965,31.39498643612,223.181468753408,2,False,False,False,False,False,False,False,False,False,True
458.4057372939395,116.46354378719448,Very Very Poor,36.43080466160446,407.0559652105703,47.792973769743696,284.3772343654768,0,False,False,False,False,False,False,False,False,True,False
815.3183718690676,203.2043733357724,Poor,25.593560071707685,206.4838683672303,30.621237947983666,170.95919875368023,2,False,False,False,False,False,False,False,False,False,True
1246.647725735345,46.76800200804559,Fair,27.91774647699148,174.74250114061988,36.06221229487368,98.91689462834884,4,False,False,False,True,False,False,False,False,False,False
513.1145390404341,64.23281466875456,Very Very Poor,31.275309682874585,490.76913764143376,36.10947470051192,301.5818173192376,0,False,False,False,True,False,False,False,False,False,False
475.79200128125217,141.53804156637042,Poor,41.51678504982806,208.48687448951276,48.80786076864893,161.32768760327394,2,False,False,False,False,False,False,False,False,True,False
1265.2259564734234,61.47658234982251,Very Very Poor,37.38710044741595,353.9706098293953,47.54756775697735,254.54865423169065,0,False,False,False,False,False,False,False,False,True,False
118.0,73.93647777467311,Passable,42.59672321027483,317.5770846302841,44.47881892332665,256.4901005986273,3,False,False,True,False,False,False,False,False,False,False
375.2080529563401,80.01554175449476,Very Very Poor,29.95013374155192,631.891291675876,40.57928287434063,491.8562487071695,0,False,False,False,False,True,False,False,False,False,False
357.0845415911391,167.23916058212,Excellent,46.48873566494076,137.5076818661613,54.937625126744855,88.89831467785618,6,False,False,False,True,False,False,False,False,False,False
1295.068089196372,56.50876480756487,Excellent,33.071601724548216,40.0,41.35934587313734,40.0,6,False,False,False,False,False,False,True,False,False,False
703.1461876322142,54.50905412911422,Very Poor,28.037631974404597,576.657201899623,37.42084332625307,377.84629747578407,1,False,False,False,False,False,False,False,True,False,False
134.69679028645464,35.5747388143155,Excellent,31.183090013721955,179.33755241616825,44.24443534227625,115.931034011612,6,False,False,False,False,True,False,False,False,False,False
219.9054587653825,7.225037100440962,Fair,34.23012224638542,320.2942028326925,36.575738210565625,235.6400635716462,4,False,True,False,False,False,False,False,False,False,False
303.89251931392363,54.85363927230421,Excellent,24.18619051724394,250.7671832289521,32.78106400426816,172.57068888684415,6,False,False,False,False,False,False,False,False,False,True
1276.2443045384157,34.65657031433062,Very Poor,32.009689314069085,399.11891999647344,40.47424144242269,281.8822288215056,1,False,False,False,True,False,False,False,False,False,False
871.4743874652138,259.6504094451513,Very Poor,38.8935086188667,381.6034712569668,50.08518229796272,261.4703533423774,1,False,True,False,False,False,False,False,False,False,False
1134.045501385412,77.90577906983206,Fair,42.64301268753627,86.41889201533759,48.66788815830455,73.97041078346435,4,False,True,False,False,False,False,False,False,False,False
1016.0729039691008,42.73455615920435,Excellent,28.442801157938906,40.0,35.867591485164475,40.0,6,True,False,False,False,False,False,False,False,False,False
709.8037905955499,137.403449782146,Poor,38.20680912174776,317.79580839012766,41.587853034037664,209.2944388622966,2,False,False,False,False,False,False,True,False,False,False
505.0939338428389,235.79210792241625,Fair,33.03911319620575,241.74829756332156,38.95275254252527,186.9213060900972,4,False,False,False,False,True,False,False,False,False,False
847.108656324542,129.08648973473188,Excellent,51.83588517059829,40.0,58.529856839364655,40.0,6,False,False,False,False,False,True,False,False,False,False
221.8191878964193,561.892430052236,Passable,55.0,40.0,65.0,40.0,3,False,False,False,False,True,False,False,False,False,False
663.4056336021324,33.90242921383548,Poor,24.423412452696635,315.7638432407881,28.482037804279045,203.0126110073088,2,False,False,False,False,False,False,False,False,False,True
411.8014798315014,75.04294748052592,Very Very Poor,37.17058305320309,761.3740843390574,40.75429853039827,557.1786917230484,0,False,False,False,False,False,False,True,False,False,False
795.6634097366028,30.876833255913287,Very Poor,27.83423555554004,433.4170968154562,33.561772271735414,277.5671830011537,1,False,False,False,False,True,False,False,False,False,False
542.8153174247744,25.03803316042298,Passable,23.88867623250502,362.5220787535216,31.82756632739085,286.24880497360823,3,False,False,False,False,False,False,False,False,False,True
118.0,49.85590029977666,Passable,43.73552392767746,492.1260892238902,54.20079818971063,354.1083357390643,3,False,False,False,False,False,False,False,True,False,False
118.0,30.833638689518654,Very Very Poor,32.070215476080875,640.0055207403633,38.97273339678624,396.380671592014,0,False,False,False,False,False,False,True,False,False,False
325.83707618797536,106.29949928200114,Very Very Poor,52.90981747748361,549.8016409039832,58.69613173483344,375.7363209484138,0,False,False,False,False,False,True,False,False,False,False
437.3680887356216,45.746836107480846,Passable,28.15973534511147,344.8733669969823,35.079463397558854,232.43340679503416,3,True,False,False,False,False,False,False,False,False,False
607.7661228342171,64.01771291975153,Poor,29.553932810644923,299.85606304449226,39.68069876550456,197.33169873327853,2,False,False,True,False,False,False,False,False,False,False
559.5312695930029,397.1216704614844,Very Poor,44.59219381749335,383.4201998024701,54.08367843538944,284.3671781437847,1,False,False,False,False,False,False,True,False,False,False
324.33758333790394,45.7930876732351,Excellent,33.7227237497887,177.07716276810103,42.42897731877098,121.75108720845968,6,True,False,False,False,False,False,False,False,False,False
118.0,31.35880861322644,Fair,32.4302752394751,336.869908401414,37.035601645322586,256.1607365438425,4,False,False,False,False,True,False,False,False,False,False
1010.2851281567856,108.57715534304567,Passable,27.899336766922275,196.2893387279555,37.06988456376975,129.42454799651057,3,False,False,False,True,False,False,False,False,False,False
684.4313306439705,70.40338095707662,Very Poor,24.912361247026865,533.5462392416158,32.59324357086807,382.0728445278975,1,False,False,False,False,True,False,False,False,False,False
692.2802247243593,24.96368081305919,Poor,18.82363818364455,269.8111874983204,25.57890698359895,189.48761600811864,2,False,False,False,False,False,False,False,False,False,True
1164.3645803440054,20.37563675034942,Excellent,27.0971068497459,40.0,33.2135212042601,40.0,6,False,False,True,False,False,False,False,False,False,False
1317.092149758059,38.25387045350293,Poor,26.91233107595459,132.50066983133223,35.89832396996741,103.76833627861596,2,False,False,False,False,True,False,False,False,False,False
764.0192661168688,130.04830603115892,Passable,33.57049635723065,297.77199590417166,46.91329802367968,219.368956388403,3,False,False,False,True,False,False,False,False,False,False
1418.6094529638722,151.2623350159577,Fair,32.33036646342792,92.91780000534484,36.63872293490292,45.33450703502871,4,False,False,False,False,False,False,False,True,False,False
1071.667733165017,116.04177744663733,Very Poor,29.08838410481606,425.92448476884704,36.31131039982512,285.13762845989623,1,False,False,False,False,True,False,False,False,False,False
118.0,224.4776558175733,Very Very Poor,55.0,330.8348875486968,65.0,230.82149665957684,0,False,False,False,False,True,False,False,False,False,False
323.1188250762392,54.52221423767912,Very Very Poor,31.748684784860604,539.7904106055367,36.72695147242065,405.468995979352,0,False,False,False,False,False,False,True,False,False,False
173.76606404929782,33.877350175568104,Fair,52.159791301589344,412.76573600267415,60.05164536761411,280.54008295891265,4,False,False,False,False,False,False,False,False,True,False
1115.2707365502422,81.88924203031162,Poor,40.93846455318893,126.28983427556248,45.26555290861485,82.99830596799303,2,False,False,False,False,False,False,False,False,True,False
1077.931480210517,83.30857240031291,Very Very Poor,46.1795535654008,353.32235761761854,54.23329389394825,237.10770792626104,0,False,False,False,False,False,True,False,False,False,False
241.4821822022069,66.41254054486144,Very Very Poor,29.88047220388278,648.5545466862077,35.98185939359697,482.2616842686031,0,False,False,False,False,False,False,False,False,False,True
311.13754784589827,37.95662812084937,Very Poor,28.39437984088747,560.1716635197272,34.4401782647811,436.5737154681092,1,False,False,False,False,False,False,True,False,False,False
118.0,46.54141223733194,Very Poor,45.78126173571087,580.1312802564233,56.80155130042967,399.5078745481123,1,False,False,False,False,False,True,False,False,False,False
1070.9778164736451,63.461428080838296,Fair,41.85271102197135,96.53093871317252,49.580558903371625,91.25756579119208,4,False,False,False,False,False,False,False,False,True,False
118.0,52.97129693891237,Excellent,47.599861048442335,128.0803773317303,60.87767028405227,87.15218329417917,6,False,False,False,False,False,False,False,False,True,False
1340.040342544438,22.133412758302743,Fair,29.082845919872074,129.80721285594404,35.897203079658226,89.09540169894953,4,False,False,False,False,True,False,False,False,False,False
905.9742732192752,15.478365336747911,Very Poor,45.27311731746787,546.7163201712297,50.48274641416794,351.9442514855613,1,False,False,False,False,False,False,False,False,True,False
1049.734941247886,66.66734046654099,Fair,33.069345766737136,246.6795983319889,40.785099473302175,157.77434177990222,4,False,False,False,False,True,False,False,False,False,False
1078.298050715135,58.92439440321573,Fair,29.24697307910292,208.65939731869,33.84105272916413,141.85565399869853,4,False,False,True,False,False,False,False,False,False,False
309.0857569968444,52.9581736305048,Fair,21.33164362796136,336.70491028945526,30.502485488392736,223.256546236402,4,False,False,False,False,False,False,False,False,False,True
1651.7836909704956,88.19225307487267,Very Poor,19.58647794341166,242.7321991953995,31.217254448278226,152.91896898351513,1,False,False,False,False,False,False,False,False,False,True
855.3078574598107,84.66259780869575,Fair,24.52521690197061,291.5574414279445,31.51757342654573,187.94699502454316,4,False,False,False,False,False,False,False,False,False,True
589.2818543666768,128.55556687631707,Poor,32.99068439457189,268.9816272476446,39.71267631033943,214.6448954750857,2,False,False,False,False,False,False,False,True,False,False
533.5704667755247,19.593490574096183,Very Poor,36.61533330198709,516.4149273139548,46.81513999192112,329.7105681823694,1,False,True,False,False,False,False,False,False,False,False
118.0,60.070253503097184,Fair,46.40892697959058,436.2410106747977,54.73944122015128,361.6367899763646,4,False,False,False,False,False,False,True,False,False,False
1025.1526318766964,104.55891558173134,Passable,32.051524634267665,220.6426518985554,36.72208700206782,133.3735462869119,3,False,False,False,False,False,False,False,True,False,False
667.9587128425167,187.45059742103703,Very Very Poor,33.21686831270879,525.8057674325975,40.52917642636228,346.65730051390983,0,False,False,False,False,False,False,False,True,False,False
906.0694433841378,48.02841919494804,Excellent,26.42130116661872,40.0,33.66491721040504,40.0,6,False,False,False,False,False,False,False,False,False,True
1088.3058707677144,34.04571212327616,Poor,37.756020546538686,150.55320179100434,49.31561372283088,99.03860619844384,2,False,True,False,False,False,False,False,False,False,False
1508.1025691943914,142.42307491284348,Very Very Poor,34.60960960579839,424.0690149944616,40.561796023497166,274.26593389530154,0,False,False,True,False,False,False,False,False,False,False
601.7978320207287,56.330247195454135,Fair,26.22142674345301,295.23661667081365,37.29895530039036,207.01300396893285,4,False,False,True,False,False,False,False,False,False,False
815.9403933669956,23.09172317995659,Fair,29.688040633470035,340.84718732307675,39.93242820900537,200.21357672073404,4,False,False,False,False,False,False,True,False,False,False
118.0,47.03139013625828,Very Very Poor,42.42633680923404,700.9787796059629,51.362618972217504,416.7201633361517,0,True,False,False,False,False,False,False,False,False,False
787.9344949591535,60.93388373227026,Very Very Poor,20.865869716771424,449.81677861072217,33.39437008181358,301.86422220333526,0,False,False,False,False,False,False,False,False,False,True
653.1858765249681,110.4230087641668,Passable,40.9468461235338,222.52294334373232,52.82329297095146,158.5075317398749,3,False,False,False,False,False,True,False,False,False,False
690.5676153882276,412.9360677629567,Poor,39.65218420660044,222.35554229375967,52.34523921586612,156.06263432730543,2,False,False,False,True,False,False,False,False,False,False
118.0,600.0,Fair,55.0,40.0,65.0,40.0,4,False,True,False,False,False,False,False,False,False,False
964.3577556967248,53.47501777244734,Very Poor,41.13326228094529,399.8278093927127,47.87811556596708,283.87132913404974,1,False,False,False,False,False,False,False,False,True,False
851.2711252945005,239.35894481290376,Poor,30.53674757152101,202.41245855253015,38.16210808026836,154.90888005708973,2,False,False,True,False,False,False,False,False,False,False
906.8052841748504,71.67706171660676,Excellent,24.72384445421972,51.16777396557293,30.13579872001704,43.43369763333689,6,False,False,False,False,False,False,False,False,False,True
1107.025141197575,63.45255289181848,Fair,27.22868315653461,164.6860765402287,35.001518848324814,131.30130539112605,4,False,False,False,False,False,False,False,True,False,False
118.0,141.62914404969484,Very Poor,55.0,536.602183177488,65.0,392.41885267773534,1,False,False,False,False,True,False,False,False,False,False
424.92251363101866,40.77517365852582,Very Poor,41.60388792288624,546.0483723138912,45.56410527594088,434.8359690384645,1,False,False,False,False,False,True,False,False,False,False
520.1620121651201,91.38220818917571,Passable,31.32632345723005,318.24301762265986,37.8087346430294,187.14487084515085,3,False,False,True,False,False,False,False,False,False,False
1041.3397640800904,67.7718505643701,Excellent,39.03878407461535,40.0,47.71273960005913,40.0,6,False,False,False,False,False,True,False,False,False,False
338.1028278208184,58.37707066763164,Poor,31.53458645236087,474.2449659593173,39.27439242884785,318.86888223781045,2,False,False,False,False,False,False,False,False,False,True
791.3240197794834,144.57114292211477,Very Poor,28.38564013837908,416.49259842825177,38.12801841749652,330.115183738837,1,False,False,False,True,False,False,False,False,False,False
1202.6938978457513,50.339869526150856,Fair,25.9272657554649,198.45291695542176,32.68472150023082,119.5988381207947,4,False,False,False,False,False,False,False,False,False,True
1004.5466529219784,128.6692661287716,Poor,27.108850330022356,188.1154365062064,38.80522645114655,157.78133117453413,2,False,False,True,False,False,False,False,False,False,False
889.8777728702979,126.7879621967533,Passable,32.05397414483292,222.3369439034097,37.4325193719092,162.52995971477742,3,False,False,True,False,False,False,False,False,False,False
185.01697891047525,165.2231037299665,Excellent,55.0,40.0,65.0,40.0,6,False,True,False,False,False,False,False,False,False,False
746.0792960442905,522.388666257234,Excellent,41.82924605182835,40.0,48.68136578654569,40.0,6,False,False,False,False,False,False,False,False,False,True
186.0987503503851,31.977177533445577,Fair,31.87467255202652,405.1403940814444,37.97572455905258,338.0276390645664,4,False,False,False,False,True,False,False,False,False,False
398.8090982344294,53.86692296465036,Fair,27.630566641741595,375.3927785190201,38.76271801293668,221.50861617333464,4,False,False,False,True,False,False,False,False,False,False
187.16710560965575,50.01095583829999,Fair,32.51291489514396,413.1964985119679,38.83531333744806,290.49381714165185,4,False,False,False,False,False,False,True,False,False,False
493.4281847413855,80.29686628253442,Fair,24.610121435162004,313.0515483150588,36.21035380884167,186.19005700631516,4,False,False,False,True,False,False,False,False,False,False
534.7153602493263,133.57078500999654,Excellent,40.41379024921195,171.33157799237182,46.00519863347844,93.61530266007958,6,False,False,False,False,True,False,False,False,False,False
594.7781210268872,291.29657464817427,Passable,45.4624428336419,322.3164817466017,52.49418000168647,237.0629289114716,3,False,False,False,False,False,False,True,False,False,False
263.80109430120893,59.50690866426848,Very Very Poor,49.2726595550946,582.3511003463707,56.88806184449701,474.2503035933677,0,False,True,False,False,False,False,False,False,False,False
812.0467376684174,95.61188412570534,Fair,30.46287786867149,291.7847591590535,43.028858114602855,194.86294041409909,4,False,False,False,True,False,False,False,False,False,False
1175.6619003705846,99.15811211430828,Very Very Poor,28.984546444948077,311.4730432503044,30.17172516781407,224.25813811536813,0,False,False,False,False,False,False,True,False,False,False
1292.2664863931625,93.71336459337977,Very Very Poor,38.44878799156537,300.0219088128827,44.67076571992479,233.78755183489807,0,False,False,False,False,False,False,False,False,True,False
238.3202887129212,62.51485291934813,Poor,28.689130625093608,345.5539069084186,37.23914176262316,222.9290518502696,2,True,False,False,False,False,False,False,False,False,False
693.4825068545903,22.50045001254817,Passable,35.12416927554428,347.5278318224359,38.27970667614215,266.8533180378733,3,False,False,True,False,False,False,False,False,False,False
1038.5715571728797,243.5966560282455,Fair,46.69730985941291,134.13162792178323,54.503973415582486,94.62806171167504,4,False,False,False,False,False,True,False,False,False,False
877.0939992817536,18.09875988915172,Excellent,30.50124887892833,96.0349933444268,33.21988081314929,74.34838534272153,6,False,False,False,False,False,False,False,True,False,False
256.1498170374243,168.04627759449238,Fair,37.59327499693829,294.09122271566486,46.61289154427846,185.06873295839185,4,False,False,True,False,False,False,False,False,False,False
701.9434823223892,153.45715439740155,Poor,54.70617763873258,250.16865603998767,60.20420237304177,184.9526810660508,2,False,False,False,False,False,False,False,False,True,False
1508.631572774818,80.1189713914268,Very Very Poor,28.263767581505903,361.6943947406468,37.31827552783024,261.06458331771535,0,False,False,False,False,False,False,False,True,False,False
148.7312169591911,152.98532290089537,Passable,55.0,263.9221922312679,64.43383040488258,202.576631539864,3,False,False,False,False,True,False,False,False,False,False
989.8466466334544,44.65452447781676,Poor,29.43563553218988,216.39043941789865,36.212287094325,138.4700602588885,2,True,False,False,False,False,False,False,False,False,False
1079.8709422187264,383.1511247412256,Excellent,38.05112662070614,40.0,44.411712893130606,40.0,6,False,False,False,False,False,False,False,True,False,False
118.0,148.79707586555213,Very Poor,55.0,508.0855725166262,65.0,361.2788465855244,1,True,False,False,False,False,False,False,False,False,False
963.0469782729002,40.76690340135393,Very Very Poor,36.442794136931255,352.5829900376393,42.751756085941125,239.99403622586527,0,False,True,False,False,False,False,False,False,False,False
1303.344937515835,105.52458261772888,Fair,32.33567930417241,158.26722993062938,40.52581566440863,120.7111769827703,4,True,False,False,False,False,False,False,False,False,False
300.98872608681137,125.32598909077456,Passable,55.0,330.89956263774707,64.09990660525375,239.76210313068984,3,False,False,False,False,False,False,False,False,True,False
1081.7509269329942,137.89259214544674,Fair,29.355453692222795,183.99164673302053,38.04343135611624,122.53054846771352,4,True,False,False,False,False,False,False,False,False,False
364.71565892521306,141.12077925835908,Very Very Poor,42.92507647791916,657.6698115682354,48.66780732639028,390.0494678360001,0,True,False,False,False,False,False,False,False,False,False
579.1018880268738,147.0437012698986,Passable,33.02050597902308,313.5162499764099,42.19317077802217,210.0580835914801,3,True,False,False,False,False,False,False,False,False,False
935.0365354892484,425.16274076449713,Passable,40.50630729819881,177.35851977395183,49.224189630627066,119.29837941107162,3,True,False,False,False,False,False,False,False,False,False
872.6218580184295,24.28949107003181,Passable,25.25355140172777,243.79019516424256,33.17568293203099,166.12653951052414,3,True,False,False,False,False,False,False,False,False,False
860.7637426087458,25.26642928034857,Very Poor,32.232307330340106,474.6973521270344,36.31640043356244,359.4193376385754,1,False,False,False,False,False,False,False,True,False,False
628.8828818471378,160.55116866632625,Passable,27.39081929574056,258.5304004091114,37.55579119395101,150.9763003630505,3,False,False,True,False,False,False,False,False,False,False
1796.4408358031185,218.3801467343868,Poor,47.7807240860538,40.0,57.270233214274604,40.0,2,False,False,False,False,False,False,False,False,True,False
821.8473566634304,150.10225816797256,Fair,36.44494668811769,263.9782764489763,43.44620470556329,189.54800452608345,4,True,False,False,False,False,False,False,False,False,False
760.1812205268033,87.03896645819495,Passable,37.47704118398479,192.65306171599272,45.30541589972962,152.57495408614656,3,False,True,False,False,False,False,False,False,False,False
753.9430359559432,121.10194016882042,Passable,35.589555596924285,323.93041842978664,42.37346640749345,194.8316639368719,3,False,False,True,False,False,False,False,False,False,False
1890.4851032692773,92.90668754817072,Fair,40.29272073787444,40.0,47.67807291680244,40.0,4,False,False,False,False,False,False,False,False,True,False
118.0,23.727720267674368,Passable,27.08510252487114,389.1419636569695,33.72180879187734,245.85617796379043,3,True,False,False,False,False,False,False,False,False,False
1406.032506332751,124.38646384422876,Excellent,33.80763811134054,40.0,44.54714878954546,40.0,6,False,False,False,False,False,True,False,False,False,False
1496.659084877786,132.50788277616442,Passable,28.27627687417235,56.35743443190559,37.7371635665909,55.2398477377963,3,False,False,False,False,False,False,True,False,False,False
583.6328834275533,148.78605315539517,Poor,26.16313591434613,280.62568277356263,38.105816574075824,170.8486202200176,2,False,False,False,False,True,False,False,False,False,False
673.7205172936058,23.64156738359856,Very Very Poor,27.516380740987657,459.5193344593412,32.366533253910724,271.8465170075222,0,False,False,False,False,False,False,True,False,False,False
626.2799847665802,121.70948082384052,Fair,30.72876034829485,276.8520281617599,41.93770394475639,229.25154409211345,4,False,False,False,True,False,False,False,False,False,False
965.8434015064494,68.56487963707822,Passable,31.229233079718817,279.97452290921893,40.1066192221845,168.8341945376171,3,False,False,False,True,False,False,False,False,False,False
1296.593977891628,29.798365242715093,Very Poor,22.78906169433569,357.8125328267838,28.08429832005749,253.74380095169892,1,False,False,False,False,False,False,False,False,False,True
1285.0708140871484,34.78990845000883,Fair,25.85240070167068,153.46934069943757,35.91318997904829,113.51615251595123,4,False,False,False,True,False,False,False,False,False,False
867.3712657245136,39.17246695144284,Excellent,26.37360856804492,40.0,36.20931088532839,40.0,6,False,False,True,False,False,False,False,False,False,False
428.5397107215772,75.61527375590126,Fair,41.87646303893931,289.1683452252073,50.46594498003143,203.51792501823397,4,False,True,False,False,False,False,False,False,False,False
928.3961760645218,116.74166361384314,Very Poor,24.015806604584206,373.67074491977337,31.861165635822623,244.20271174079332,1,False,False,False,False,True,False,False,False,False,False
354.18069251107306,126.5258501548781,Passable,47.51673860767553,296.693866791955,56.80630911642334,186.58340431849385,3,False,False,False,False,False,False,False,False,True,False
410.6439780348954,112.08724464541352,Fair,40.757591524205296,422.2606319886544,47.050354172993885,253.0713127192541,4,True,False,False,False,False,False,False,False,False,False
963.8732707603768,308.36726950052065,Passable,39.306530592568464,232.1474395449748,42.16953558344119,162.6907314033051,3,False,False,False,False,False,False,False,False,False,True
1418.7482902709398,88.00298554491428,Fair,40.69267414247696,53.42901274820404,51.08280927061408,40.0,4,False,False,False,False,False,True,False,False,False,False
565.9767683852941,105.22289379742882,Excellent,31.084270659884726,130.23223424228047,40.34084009169075,84.2284326445589,6,False,False,False,False,False,False,True,False,False,False
756.3729466535924,148.90033923303056,Fair,30.560046714873256,273.10133216935304,40.31132534118596,161.59497174234966,4,True,False,False,False,False,False,False,False,False,False
695.6092389705459,126.60001965681256,Passable,40.43574006070092,169.89752224945124,47.520289715689934,129.50368827077867,3,False,False,False,False,False,True,False,False,False,False
1421.555645274376,68.67708280264048,Passable,26.173359555650872,101.78359934555702,35.512289862251194,64.20784508864918,3,False,False,False,False,False,False,False,True,False,False
210.9014153568097,94.3170527757709,Very Poor,32.22038333071707,472.9184797230871,42.48664328122569,378.1791314748292,1,False,False,False,True,False,False,False,False,False,False
118.0,44.61367826223358,Fair,39.83289725405834,479.66390960639296,44.541287399854056,321.1634175917987,4,False,False,False,False,False,False,False,False,False,True
311.025374108142,45.535156315165565,Fair,33.12176717543988,458.9282935577415,42.253706006804045,271.565241392339,4,False,False,False,True,False,False,False,False,False,False
779.80440678448,97.47174795055444,Poor,28.63287553521376,236.22624435810505,38.38817470934768,172.93467670718024,2,False,False,False,False,True,False,False,False,False,False
1075.067971193724,60.694288739275365,Fair,28.69557087609836,157.862160853483,36.73966462430196,148.1371545176802,4,False,False,True,False,False,False,False,False,False,False
715.2459005303999,90.5856587215768,Very Poor,35.09996221797617,419.1784403660532,40.24935154778424,325.6302909226312,1,False,False,False,False,False,False,False,False,True,False
834.7018879275681,21.49681271694882,Very Very Poor,18.31213862755572,456.0287377109319,24.754248176510018,331.6403678721806,0,False,False,False,False,False,False,False,False,False,True
913.7950633527212,138.21904600074257,Very Very Poor,36.24110943554018,360.5053978383201,42.8626283173833,249.9119301106081,0,False,False,False,False,False,False,False,False,True,False
118.0,127.71415552944778,Passable,55.0,285.53611446454005,65.0,216.7244723784465,3,False,False,True,False,False,False,False,False,False,False
935.793324308474,29.68214768059816,Poor,19.350838958536556,210.0037343802048,31.129079060109536,134.2482212992403,2,True,False,False,False,False,False,False,False,False,False
1329.0226932773185,67.75201081133106,Very Very Poor,32.72408967173351,312.7531060266922,41.06727274525239,219.52396285334729,0,False,True,False,False,False,False,False,False,False,False
855.0396534574854,125.02362820907304,Excellent,41.24334561446385,40.0,50.26176335446109,40.0,6,False,False,False,False,False,True,False,False,False,False
614.2017063190708,105.91895476168546,Fair,28.46074217275479,318.67109919488803,39.94093326922504,205.25460144160235,4,False,False,False,False,True,False,False,False,False,False
863.1717816528809,143.3673077069749,Very Poor,28.573979655236155,431.35064861398047,38.94149308312931,276.01111037933026,1,False,False,False,False,False,False,False,True,False,False
678.8402750243318,82.27330373261289,Excellent,26.592866106213645,58.4681585854014,28.97501154093842,40.0,6,False,False,True,False,False,False,False,False,False,False
994.9552252824952,25.494317688220644,Excellent,44.15516939520769,40.0,52.58683685855276,40.0,6,False,False,False,False,False,True,False,False,False,False
895.4158925139668,24.02797641548422,Very Very Poor,28.904925545826863,500.82305423246873,31.88908458837868,352.02694516156686,0,False,False,False,False,False,False,True,False,False,False
1133.716047383124,196.59700308696495,Poor,43.70799784532052,114.67626894753316,52.87558615767762,72.80397663739686,2,False,True,False,False,False,False,False,False,False,False
894.9522893248316,130.59416335092388,Poor,35.69835123095588,272.68943404902205,42.403241657942,183.8839920556072,2,False,False,False,False,True,False,False,False,False,False
716.6984631525064,219.7239448262436,Very Poor,48.848532160312544,342.2388406286046,52.58680693200909,256.3883718472031,1,False,False,False,False,False,False,False,False,True,False
384.63205407437016,38.22175176313493,Passable,33.02432094446529,445.1642015489726,41.17351714980272,262.93936998372953,3,False,False,False,False,True,False,False,False,False,False
118.0,173.08852955971113,Excellent,55.0,48.52767111257897,65.0,54.08148340828362,6,False,False,False,False,True,False,False,False,False,False
982.4136970109228,44.319923002242,Very Very Poor,24.04371888563706,495.6036484990572,30.560485194034666,325.1727320248445,0,False,False,False,False,False,False,False,False,False,True
118.0,236.12681489144023,Very Very Poor,55.0,310.5960806611876,65.0,198.2006475048777,0,False,False,False,False,False,True,False,False,False,False
679.6201040117963,173.3334884061283,Fair,54.450534750244415,219.54644475756484,55.885715982029126,157.73730164983058,4,False,False,False,False,False,False,False,False,True,False
118.0,43.337542661473975,Very Poor,40.20920200917717,729.5266805189552,51.779048851707216,558.7156141647546,1,False,False,False,False,True,False,False,False,False,False
593.4514365804434,44.335107593244246,Fair,30.477028819239923,301.32390948387945,33.45502643796972,186.6238548456334,4,False,False,False,True,False,False,False,False,False,False
1367.0260349216628,114.37907902340228,Fair,34.41101650017355,144.85291972254922,39.71248396779848,70.53686392755466,4,False,False,True,False,False,False,False,False,False,False
506.3969498344428,13.83933640162906,Very Poor,44.00830712966231,547.2063606738045,52.86609278542979,380.63394883270536,1,False,False,False,False,False,True,False,False,False,False
576.2029121552641,157.2233817856553,Excellent,36.12067331001621,113.43961946895044,43.45200734192203,67.35767813752112,6,False,False,False,False,False,False,True,False,False,False
473.3718048508836,29.211797697374354,Fair,29.012402561573783,376.4496751205738,40.18976902685627,287.05211040937496,4,False,False,False,False,True,False,False,False,False,False
918.1395537867986,29.79799585147781,Fair,24.41569780591068,222.95752718713013,35.82097688788757,162.69104707640437,4,False,False,False,False,False,False,False,True,False,False
1002.050581110129,99.5671513391833,Excellent,29.65142514876485,40.0,35.163410413094745,40.0,6,False,False,False,False,False,False,True,False,False,False
890.0499141423261,52.434948648797175,Passable,28.87575530774097,232.666193832374,36.77018536428096,129.37030695605995,3,False,False,False,False,False,False,True,False,False,False
710.1396734206357,37.27827042280277,Excellent,27.21330088808988,132.64207294566995,34.845579323667195,97.33706923567766,6,False,False,False,False,True,False,False,False,False,False
269.4918402530332,234.89555101292044,Very Very Poor,55.0,427.5543830696961,65.0,272.70818080930775,0,False,False,False,False,False,False,False,False,True,False
542.8429447017521,493.86571672307525,Very Poor,52.90488710360968,519.1588587882245,58.99777038284311,357.6139185490072,1,False,False,True,False,False,False,False,False,False,False
728.3844188092786,163.31410132912563,Poor,30.998500865154032,255.51128201255145,36.88945431667434,180.4086267584277,2,False,False,False,False,True,False,False,False,False,False
179.37393308264814,68.26395566565522,Very Very Poor,41.21623266086719,467.09658542459897,50.36227837213417,354.03277940910505,0,False,False,False,False,False,False,False,False,True,False
265.7217701076912,39.112004704191456,Passable,40.41093799595374,325.74757058779943,47.83621321789006,209.4269808517897,3,False,False,False,False,False,True,False,False,False,False
1499.8258460259651,207.34827610156395,Passable,42.59809734659687,40.0,49.10983013904124,40.0,3,False,False,False,False,False,True,False,False,False,False
618.3579169900013,67.31169598919912,Very Poor,28.339858851577365,572.5440016133354,35.353443093239406,408.3774800248328,1,False,False,False,False,True,False,False,False,False,False
1189.737276046736,600.0,Excellent,37.79100637058291,40.0,52.349043339252525,40.0,6,False,False,False,False,False,False,True,False,False,False
721.5516575497729,377.2344377693733,Fair,40.165785121076304,220.99000685501727,49.0004220772582,157.16857304642815,4,False,False,False,True,False,False,False,False,False,False
1526.9525506023328,76.51333646409259,Passable,34.721844657104505,107.75215186448315,36.48195626234061,78.80375268838286,3,True,False,False,False,False,False,False,False,False,False
290.8558809287101,75.79076487436903,Excellent,32.47762551682225,97.22583888497287,43.40613386220095,79.41549104005412,6,False,False,True,False,False,False,False,False,False,False
761.798547861449,26.651608949066592,Poor,25.08305026991801,282.56623165243576,36.28033001904753,177.43691127198184,2,False,False,False,False,False,False,False,True,False,False
633.2988000357575,159.61430939579387,Poor,33.5235625154057,291.6370363948838,43.21010439295033,172.00794432616198,2,False,False,False,True,False,False,False,False,False,False
1219.1905637144014,21.376194241343576,Poor,31.800019656459423,108.58580199229746,40.02786283155839,72.7164539536526,2,False,True,False,False,False,False,False,False,False,False
992.18002441775,116.11889734375984,Very Very Poor,39.68949957456535,430.07632977236847,46.52011773128272,304.8736240820913,0,False,False,False,False,False,False,False,False,True,False
1049.7130399937737,86.9831257898461,Passable,36.53412795201503,120.19685168337706,39.13321564324737,94.63132336879023,3,False,False,False,False,False,True,False,False,False,False
125.07317506331958,114.06804867548102,Very Poor,52.87469905189762,505.9254814292193,58.54930863766443,309.47825361296475,1,False,False,False,True,False,False,False,False,False,False
1414.5322700044744,27.05833211664816,Excellent,23.871544747479724,40.0,29.88549990892448,40.0,6,False,False,False,False,False,False,False,False,False,True
1023.3694790075116,40.46628614086399,Fair,43.19064159267894,150.79850921321173,47.35706044100792,92.44683087798664,4,False,True,False,False,False,False,False,False,False,False
686.2198613816944,143.3859778819704,Poor,40.88471522586836,315.59605615829787,47.06284171964328,209.2860636519604,2,False,False,False,False,False,False,True,False,False,False
1499.7036806466765,177.53083940507025,Passable,49.17445011705496,40.0,55.33186649260346,40.0,3,False,False,False,False,False,True,False,False,False,False
818.350305577849,87.58920002558402,Fair,35.26423565941056,302.98553959651287,40.59903741087337,225.8169565832094,4,False,False,False,False,False,False,True,False,False,False
1030.7767354347648,55.0688025039082,Passable,38.579763856563495,117.79611982474468,45.9876879677535,128.47690504664402,3,False,True,False,False,False,False,False,False,False,False
568.620997388846,42.46112139666662,Poor,48.78833463198529,330.67988092322446,50.21715850656034,184.36331448302388,2,False,False,False,False,False,True,False,False,False,False
1098.4762178554824,62.95711686253738,Poor,18.39673578133313,185.99998178338308,28.35761644479866,89.34224080763448,2,False,False,False,False,False,False,False,False,False,True
339.1808940051853,32.88770997736809,Very Very Poor,28.109908422122757,687.6574954553436,36.41479694128376,408.3857565205393,0,False,False,False,False,False,False,True,False,False,False
1185.583006990291,43.84335956805202,Excellent,32.23489158692239,40.0,36.96058898605845,40.0,6,False,False,False,False,True,False,False,False,False,False
118.0,92.40344900850005,Very Very Poor,47.84304884829999,530.1571449301183,55.19720280715766,353.743604583667,0,False,False,False,False,True,False,False,False,False,False
966.7668424057644,114.12769631588716,Excellent,27.12695396840593,57.50780248277295,37.36911128223936,64.99029699959863,6,False,False,False,False,False,False,False,False,False,True
118.0,164.7204609434118,Fair,55.0,210.73261709155855,65.0,140.25913634944564,4,False,False,False,False,False,False,False,True,False,False
664.9666637267076,30.137258941885875,Fair,20.97337837170879,298.7879270039065,31.97755583544453,181.32290500665547,4,True,False,False,False,False,False,False,False,False,False
696.157908732145,111.25316115806794,Fair,41.70508943797133,250.07498702485296,50.2456211201864,158.035132780604,4,False,False,False,False,False,True,False,False,False,False
293.57029938736866,34.16081529737924,Very Poor,31.12012515404628,691.4299445009258,38.94326283186995,465.17026608956377,1,False,False,False,True,False,False,False,False,False,False
787.3118049244727,131.74745549432927,Poor,34.87369487197797,241.8026984122653,38.26964678208109,200.28784292972028,2,False,False,False,False,True,False,False,False,False,False
545.9126247254758,208.6434646959833,Very Poor,41.63155061272413,612.5081815501409,48.26556181270644,379.7618873948453,1,False,False,False,False,False,False,True,False,False,False
773.065670261326,38.40133766902843,Excellent,27.83194902507385,111.70314468444332,35.705996366677795,84.61457715660715,6,False,False,False,False,True,False,False,False,False,False
118.0,35.29887382032467,Very Very Poor,33.66610045542036,662.4327185938602,42.77599731077572,455.3668192707622,0,True,False,False,False,False,False,False,False,False,False
943.073833559309,64.6374650906033,Passable,33.215045681295344,154.8700124245962,43.5178471989768,127.11199517942448,3,False,True,False,False,False,False,False,False,False,False
990.0366466881438,202.18475619836616,Poor,42.46720676448021,130.01264995879032,51.88327538285486,91.3206157795159,2,False,True,False,False,False,False,False,False,False,False
671.3922832456369,43.1215357884244,Very Poor,27.15379538463432,509.8250328567659,32.78502345578893,344.5409977826849,1,False,False,True,False,False,False,False,False,False,False
133.6688175710466,86.07963268030852,Very Very Poor,55.0,480.6200390320557,65.0,376.3905142168802,0,False,False,False,False,False,False,False,False,True,False
215.37103748288723,109.95231480803608,Very Very Poor,46.2946983023289,430.2351864416142,52.17018675873176,271.5538110182569,0,False,True,False,False,False,False,False,False,False,False
1091.5141381621183,53.94144561540492,Very Very Poor,48.2731535061297,354.11998813086586,53.45207318095672,246.5060762133417,0,False,False,False,False,False,True,False,False,False,False
388.8578965286256,334.52017816170724,Fair,51.06641786709368,231.1616195862705,57.81174348237524,186.435229898484,4,False,False,False,False,False,False,False,True,False,False
833.810695164164,51.248419821243445,Very Very Poor,46.18599441461313,561.9310346583588,49.30506281621207,413.0267179754128,0,False,False,False,False,False,True,False,False,False,False
1143.4311821501838,268.2493472967575,Passable,25.732979826044204,142.0088911288383,34.48970675332283,89.44938474435709,3,False,False,False,False,False,False,False,True,False,False
672.6829455127144,59.7021368885182,Very Poor,40.14673632942159,516.7591001065813,47.322170274565,384.5115016544205,1,False,True,False,False,False,False,False,False,False,False
1703.5598239904184,280.6269706382337,Poor,34.75112003066387,40.0,43.67745093593032,40.0,2,False,False,False,False,True,False,False,False,False,False
941.50287824296,145.24302964808822,Passable,37.8231867412281,260.6441891304921,39.90004454726421,147.4680404197995,3,False,False,False,False,False,False,True,False,False,False
354.9298327789655,63.479372924970136,Very Very Poor,40.36974032857079,493.3765680938421,49.66906425169938,375.9765855990769,0,False,False,False,False,False,True,False,False,False,False
1079.8622392946593,167.28885338076546,Very Very Poor,30.37557492717325,358.2299058331645,39.59033510394678,240.49012058714197,0,False,False,False,False,True,False,False,False,False,False
471.2341636644063,213.75208272593764,Passable,46.43324674413958,327.1344542995512,53.12978087724334,257.9925239904498,3,True,False,False,False,False,False,False,False,False,False
1133.8022683991308,35.293650424125964,Very Poor,21.755900019437505,337.13099163158546,30.7035064397654,194.02693353567855,1,True,False,False,False,False,False,False,False,False,False
651.7475370111756,173.4405351510402,Passable,29.33914261882128,252.05096147538737,34.47621968102205,180.75784606325263,3,False,False,False,True,False,False,False,False,False,False
1189.2812836177816,45.35567560164564,Excellent,29.570388020454043,40.0,38.159615664691984,40.0,6,False,False,False,False,False,False,False,True,False,False
456.33793955845226,12.92722920939277,Very Poor,25.392919117459066,567.7003492173128,34.572037257913635,422.07008128201625,1,False,False,False,False,False,False,False,True,False,False
544.5627842160386,60.02046080783273,Very Very Poor,19.005526556276106,548.7927285083441,34.27585979176753,331.1511875675231,0,False,False,False,False,False,False,True,False,False,False
164.24337973716945,220.04130286362945,Excellent,55.0,40.0,65.0,40.0,6,False,True,False,False,False,False,False,False,False,False
451.1023290764539,123.51239563907856,Fair,44.26784178717206,246.25527389342443,51.10842269109669,191.0584223785849,4,False,True,False,False,False,False,False,False,False,False
118.0,51.25268949755926,Fair,47.70870635295882,295.90004210267193,57.520680448672735,211.6750127377089,4,False,False,False,False,False,False,False,False,True,False
1232.3133612227653,68.58305728838218,Fair,25.583531909095388,186.4715154053836,35.26491659035041,129.0254269099724,4,False,False,False,False,False,False,False,False,False,True
1030.5570723205358,411.7508130967529,Poor,36.85257824445563,153.42751099521735,44.63354073647604,105.13616170740808,2,False,False,True,False,False,False,False,False,False,False
305.3587950833485,253.54825102529463,Very Poor,50.39531526947034,327.23314187260377,62.128084012336814,276.8738970798629,1,False,False,False,False,False,True,False,False,False,False
1125.875886405143,222.0200505071105,Excellent,49.85762901183652,40.0,58.27077563079091,40.0,6,False,False,False,False,False,False,False,False,True,False
118.0,70.18429492739797,Poor,43.00269950255141,352.6391856477865,52.94906114638177,231.17201474089777,2,False,False,False,True,False,False,False,False,False,False
707.7309973824033,202.6720527714656,Very Very Poor,32.20612825944665,448.7648844137501,38.31068145355005,305.1935191222137,0,False,False,True,False,False,False,False,False,False,False
763.233122269685,225.420448722032,Very Poor,34.548020007565306,423.99289667882687,37.32831096858856,282.279144715848,1,False,False,False,False,False,False,False,False,False,True
1278.423642552605,11.991389782200589,Fair,45.49702002598043,110.30957644398198,54.16863644169968,77.45268627745813,4,False,False,False,False,False,True,False,False,False,False
935.0072673223422,71.33275821937065,Poor,28.65731223031243,310.49758482604653,34.33533542642714,181.12333381868024,2,False,False,False,False,False,False,False,False,False,True
118.0,138.0412589475152,Passable,55.0,273.7370217863204,65.0,216.4877604887932,3,False,False,False,False,True,False,False,False,False,False
464.738929967292,20.454677623173826,Poor,33.44454205699354,280.73304705942155,39.17495432721808,180.27389790232067,2,False,False,False,False,False,False,False,False,True,False
190.61412349910063,122.9296252192772,Very Very Poor,46.144399966799405,612.8785378954393,52.581423733597696,465.2165199949503,0,False,False,False,False,False,False,True,False,False,False
1202.169697687331,35.7961725712014,Excellent,26.39064159382109,40.0,32.50584230322575,40.0,6,False,False,False,False,False,False,True,False,False,False
825.3769659401651,600.0,Poor,55.0,127.58162318439652,65.0,40.0,2,False,False,False,False,False,True,False,False,False,False
210.96296104323145,93.30777924417222,Very Poor,41.771475270370814,444.8955756100172,54.698170680090335,341.0764637830049,1,False,False,False,False,False,True,False,False,False,False
162.33664661114506,108.6776123379547,Fair,43.4221553148007,309.7360861253269,50.26697323112312,221.66710006765888,4,False,False,False,True,False,False,False,False,False,False
1384.7290786520275,32.51081770191016,Very Poor,38.44146251560306,261.9316419331903,45.1685310302528,179.18209332376784,1,False,True,False,False,False,False,False,False,False,False
658.9507700439954,51.53554932631404,Poor,29.11368135563013,355.6541733648384,39.30634557443287,259.51831151333954,2,False,False,False,False,False,False,True,False,False,False
491.5370246520561,123.5169649495422,Fair,27.43046092092539,299.3457499043202,34.30227879581582,199.90805432025084,4,False,False,False,False,False,False,True,False,False,False
579.7662934906997,201.0734512666829,Fair,31.189419408862364,300.2132751872999,40.759660018528,170.15149013650887,4,False,False,False,False,False,False,False,False,False,True
1330.2194024117457,39.360236112464605,Fair,29.593718312860737,146.68270672521996,40.28260511342699,101.90232652167678,4,True,False,False,False,False,False,False,False,False,False
1924.8435688169056,147.92972058327572,Fair,40.7688099996239,40.0,46.07282536219444,40.0,4,False,False,False,False,False,True,False,False,False,False
208.61000791680829,23.94408264198871,Excellent,24.844970253571447,198.9164009135259,31.498169529557675,145.60299553614232,6,False,False,True,False,False,False,False,False,False,False
818.5129527254359,19.92230433432516,Fair,26.944101903065576,258.0109652390086,35.53433087665634,193.97121454123692,4,False,False,False,False,False,False,True,False,False,False
1135.116224587784,46.97996102428691,Poor,27.007886910672376,192.318744249583,33.97391353259635,116.09467490141826,2,False,False,True,False,False,False,False,False,False,False
1051.4961824858626,56.734282805080696,Poor,24.80931959336549,164.57734206872604,26.17859494564688,107.82648408631424,2,False,False,False,False,False,False,False,True,False,False
393.08050499712414,168.52734097627282,Very Very Poor,38.855820341238456,464.49135450561937,45.611603234187264,328.29181500053807,0,False,False,False,False,False,False,True,False,False,False
763.1318199689147,59.0534472477656,Very Very Poor,27.285877363423257,549.4197264176568,37.32313680878731,377.4126086715456,0,False,False,False,False,False,False,False,True,False,False
983.9560634072571,204.4298878959985,Very Poor,44.28044706802648,316.3423347879208,52.06328915175846,209.96267806640745,1,False,True,False,False,False,False,False,False,False,False
236.0180273986407,406.28481858943326,Fair,55.0,105.66059138309772,65.0,47.81267400887543,4,False,False,False,False,False,True,False,False,False,False
901.6880926695732,93.835356265683,Fair,30.677239944541707,233.1139553540524,35.798856688496286,139.78613213577952,4,False,False,False,False,True,False,False,False,False,False
386.9719401281402,17.029707443076337,Fair,34.17795690004027,439.357953574702,39.4060360789397,274.28569552550226,4,False,False,True,False,False,False,False,False,False,False
881.4334792060579,38.407468221111,Fair,29.33286632101624,226.88690731302825,32.55199280647951,144.91069781879935,4,False,False,False,False,False,False,False,True,False,False
782.4670628273672,170.37721506758194,Very Poor,32.74000167843896,482.234652653712,40.58967026954838,308.9157483741252,1,False,False,True,False,False,False,False,False,False,False
118.0,137.23930607011772,Very Poor,55.0,521.3822483515611,65.0,366.8985013915845,1,False,False,False,False,True,False,False,False,False,False
966.3314917568056,403.9864992463936,Poor,43.89108307439796,199.80758990694773,51.5698747184627,150.35857523866247,2,False,False,False,False,False,False,True,False,False,False
1408.2109621176778,508.3444215864991,Passable,33.8009844126244,70.35381766432334,42.22445774130133,59.90968972689285,3,False,False,False,False,False,False,False,False,False,True
378.5560572644031,110.08027467169002,Very Poor,51.03377630973269,522.9308692580673,58.68665882795634,336.1132559037879,1,False,False,False,False,False,True,False,False,False,False
1238.359982005438,31.558555103538023,Very Very Poor,29.946261638190897,476.73742399567794,36.43015090204712,306.65744004242094,0,False,False,False,True,False,False,False,False,False,False
1354.1797367756883,103.147922237877,Very Poor,19.46527749266082,371.2499006570088,31.0546249795642,231.69814364342557,1,False,False,False,False,False,False,False,False,False,True
1102.1407095046598,58.24459077815048,Passable,31.50746246240089,259.48726018164666,42.36144737585444,140.22401133962586,3,False,False,False,False,True,False,False,False,False,False
1069.2916509674487,145.71145513996407,Excellent,25.557586485678,40.0,32.72834523100192,40.0,6,False,False,True,False,False,False,False,False,False,False
450.603418445124,42.1983289823095,Very Poor,38.59623997623309,441.3179030091508,48.04209293890614,338.0117570005473,1,False,True,False,False,False,False,False,False,False,False
673.1289806099285,73.14517364636531,Very Very Poor,37.91650137626879,446.1106402531428,45.38442913340965,342.9244945883145,0,False,False,False,False,False,True,False,False,False,False
855.8440256642314,94.86944075054768,Very Poor,30.78711474191585,479.7622315670741,34.56797902549249,332.960400874867,1,False,False,False,False,False,False,True,False,False,False
940.9683260379464,203.0519235917471,Excellent,32.06145560032849,41.90582100101041,41.705870545348986,40.0,6,False,False,False,False,False,False,True,False,False,False
533.5789753203719,37.98817148126418,Passable,33.83735909341536,290.5359859496055,45.83365376515936,187.8981975080804,3,False,False,False,False,False,False,False,False,True,False
773.4464467995145,125.56807971330396,Poor,43.10695460647117,197.9588580117289,51.20068737094852,129.86487563540572,2,False,False,False,False,False,True,False,False,False,False
1404.725349428546,56.695096905867416,Poor,27.89414633944837,116.84271152292796,33.717316950561084,57.189331577549694,2,False,False,True,False,False,False,False,False,False,False
1234.4434794241604,24.89922689478413,Passable,28.89471138116916,150.91579672086465,35.02316441676317,124.53950841450173,3,False,False,False,False,False,False,True,False,False,False
1153.2041444271229,40.962949594999785,Fair,24.149196298729684,184.32813417834757,32.23070387907129,151.3083355644053,4,False,False,False,False,False,False,False,False,False,True
609.9693975009706,23.378618100281297,Very Very Poor,25.74415718159201,524.7026190508313,30.79168041002444,395.1226776969506,0,True,False,False,False,False,False,False,False,False,False
794.303970789334,55.98468665807112,Excellent,34.246802047163044,40.0,45.510225986820416,40.0,6,False,True,False,False,False,False,False,False,False,False
670.5198398988493,76.31061518326469,Very Poor,32.59579928287523,472.8066081102949,34.43895698582466,356.6083610758049,1,True,False,False,False,False,False,False,False,False,False
568.7161092192897,267.89862057569803,Fair,40.542081613471,246.6323209177866,46.35253958385626,171.9397226452871,4,False,False,True,False,False,False,False,False,False,False
1204.454354832134,146.84754319003503,Very Very Poor,40.318013093012006,389.3320616606871,48.576052996749134,249.81793078187556,0,False,False,False,False,False,False,False,False,True,False
682.7010028703386,78.83997249669426,Passable,29.89657081647447,299.12126371805863,32.28989536436124,256.84495042106903,3,False,False,False,True,False,False,False,False,False,False
737.0356425859658,45.33823859323089,Poor,23.55978173226136,235.21986084965135,28.717766486372625,179.81946336182102,2,False,False,False,False,False,False,False,True,False,False
158.70552008790253,69.33279050121035,Excellent,35.48010231776436,119.68722316792956,40.03988636480544,93.5446582366842,6,False,False,True,False,False,False,False,False,False,False
118.0,56.90225177473347,Fair,53.71344549493083,302.2370658202236,58.05308364765967,219.72952394866985,4,False,False,False,False,False,False,False,False,True,False
1017.0746963172304,204.17887383916823,Passable,26.32362141093165,145.82593216221258,32.596075046528725,133.10510006880756,3,False,False,False,False,True,False,False,False,False,False
444.7699388477998,55.28390445929047,Poor,43.96103443788525,295.31599432200494,50.10859047605677,213.6239935159797,2,False,True,False,False,False,False,False,False,False,False
388.30767685997415,44.71315601716847,Poor,27.052479494153864,340.0535318025423,35.724910518709,289.18183533471785,2,False,False,False,False,True,False,False,False,False,False
811.9720006848266,44.24277129958585,Very Very Poor,28.597470152699717,553.6880942567434,36.23647381761616,371.09710781638944,0,False,False,False,False,False,False,False,True,False,False
2015.252611369753,124.10092722832398,Very Poor,27.319383266950656,157.63315080839462,35.26674679113128,114.83402402591206,1,False,False,False,True,False,False,False,False,False,False
673.9793658828463,111.5565903290128,Poor,31.224184870490102,274.3881530409304,36.75591890326756,196.78852424683868,2,False,False,True,False,False,False,False,False,False,False
118.0,43.510127846261895,Excellent,36.82800886296149,241.29831326401188,45.409019064036336,157.60797981348304,6,False,False,False,False,False,False,False,False,False,True
588.5780808016226,69.9893053076217,Excellent,40.29319107673849,70.01282188870506,50.91908316658586,69.50872466209202,6,False,True,False,False,False,False,False,False,False,False
1067.7703149336912,46.87996426953741,Excellent,27.490001933647267,40.0,32.923409501530735,40.0,6,False,False,True,False,False,False,False,False,False,False
763.253585222865,81.03692762827903,Passable,46.50844143568354,257.9636581189393,56.62261390705199,202.0548909899145,3,False,False,False,False,False,True,False,False,False,False
922.5240930275902,113.69065790207462,Passable,40.8592124782435,151.9960152187515,46.829600405558445,88.87354938119799,3,False,True,False,False,False,False,False,False,False,False
261.38968992430966,89.80190173064543,Excellent,37.59108509576354,152.2967789242078,42.110976215783765,111.84183017920512,6,True,False,False,False,False,False,False,False,False,False
1230.4838018201394,125.6333054299725,Very Very Poor,28.358126676399976,342.5635672837958,36.26896023119619,229.2513424066769,0,True,False,False,False,False,False,False,False,False,False
135.79816882137834,66.49481172313149,Poor,34.97427729116737,338.24786294638216,42.305054618002565,228.19207982895333,2,False,False,False,True,False,False,False,False,False,False
132.4885944646362,68.05960855636029,Very Very Poor,51.30562567934679,534.2649205966212,61.15462666004395,407.6169928086712,0,False,True,False,False,False,False,False,False,False,False
783.925270412494,11.481762169743794,Fair,26.6535146464806,228.40323297522792,29.79613744061961,176.40358830992878,4,False,False,True,False,False,False,False,False,False,False
700.7460584605726,36.67337088934176,Fair,40.41291034972709,218.11357628360247,45.976826964357,150.821752881917,4,False,False,False,False,False,False,False,False,True,False
455.4405823199289,103.8903607623556,Very Poor,49.57143791585515,655.7119738425978,59.32139451938473,443.9040821444581,1,False,False,False,False,False,False,False,False,True,False
149.6868753911906,86.44842342725255,Poor,50.83865787596357,418.4426605880427,56.4465999444029,275.1707575192697,2,False,False,False,False,False,False,False,True,False,False
1061.6546149505823,29.73812546906632,Poor,32.9132941505881,266.3278851135613,40.50683164087159,172.74031568527602,2,True,False,False,False,False,False,False,False,False,False
573.6395159048739,40.522397050077785,Passable,28.0976769450057,315.2927882029307,34.411277011093674,217.85316002647065,3,False,False,False,False,True,False,False,False,False,False
1353.53140246965,19.96118673690493,Very Poor,42.77278207446932,305.3910923905523,50.63581983311313,227.8567023308214,1,False,False,False,False,False,True,False,False,False,False
1495.2885918086972,78.83263922670355,Very Very Poor,40.48997553353671,334.24531234258035,50.03179278238875,194.14176780778848,0,False,True,False,False,False,False,False,False,False,False
271.35275586482123,58.804196870790506,Very Very Poor,43.229913977344914,607.8151957826595,53.004657988902906,424.5574314749276,0,False,True,False,False,False,False,False,False,False,False
136.59643906997724,75.7630747490287,Poor,52.77174608746856,323.9294371700471,62.14117758230008,227.57074826647448,2,False,False,False,False,False,True,False,False,False,False
757.6685823469726,74.82824024984536,Poor,30.623777272257705,265.9506166119696,33.519716143466646,176.15000411086066,2,False,False,False,True,False,False,False,False,False,False
256.14638902515367,79.06662867771279,Excellent,35.79713156419017,141.7563500675667,42.25479281596428,87.75200105973539,6,False,False,False,False,True,False,False,False,False,False
977.8176167810782,54.20648460102265,Fair,47.16012974725334,164.89434636692602,51.71202815716926,119.91642055988136,4,False,True,False,False,False,False,False,False,False,False
981.6123534707656,46.07596857311149,Poor,31.662066431225497,140.08817974990544,39.9218500559745,65.62210813340762,2,False,True,False,False,False,False,False,False,False,False
883.9102522253454,40.759692628841584,Fair,24.164797206251087,263.1167813000678,32.8388463222639,206.6787370050436,4,True,False,False,False,False,False,False,False,False,False
877.094621626937,230.5142389169182,Very Poor,44.9930060239514,303.522812776587,54.22536299865313,214.3177743909118,1,False,True,False,False,False,False,False,False,False,False
1229.7310049655491,78.30805180772998,Fair,40.42382850269618,85.66914330231253,49.66638944015847,46.62656137247381,4,False,False,False,False,False,True,False,False,False,False
418.4676045869702,79.87269909495973,Passable,43.46502811094261,284.58104327609044,48.80030085167462,187.8046234843565,3,False,False,False,False,False,False,False,False,True,False
887.3879176259315,89.3080158341531,Excellent,27.39780568123832,40.0,30.84287718861044,40.0,6,False,False,False,False,False,False,True,False,False,False
778.1087211608552,113.83123967487964,Fair,38.82343671035929,185.2072745193974,51.03825482294772,146.89838782663165,4,False,True,False,False,False,False,False,False,False,False
118.0,69.54498039555317,Poor,39.3156603374645,370.2534364524908,51.63163265081736,239.0707118266039,2,False,False,False,False,False,False,True,False,False,False
359.1744258358073,136.6421468096673,Very Very Poor,37.58374947698283,534.3706951035201,45.86722458165431,357.9286792084693,0,False,False,False,True,False,False,False,False,False,False
527.4224129531982,173.77485213122458,Passable,46.03903032179848,212.61929200641265,57.709478811989065,172.2546913146895,3,False,False,False,False,False,False,False,False,True,False
1817.2432009520217,40.80111807396906,Fair,42.39707058967002,40.0,48.060376868023525,40.0,4,False,False,False,False,False,False,False,False,True,False
165.5916836719582,100.89066083891424,Very Very Poor,45.8256401291416,547.6003435039463,49.96188055696607,357.35055386703453,0,False,False,False,False,True,False,False,False,False,False
181.28397091160025,198.7821044621161,Very Very Poor,55.0,398.4281845495722,65.0,336.8557694386868,0,False,False,False,False,False,False,True,False,False,False
1016.9862183556628,302.71092644491057,Passable,31.136863533415507,157.34437646083987,42.04772318340072,119.74943626127488,3,False,False,False,False,False,False,True,False,False,False
118.0,27.48351876588548,Excellent,31.46312150996955,172.58606086270262,35.87769073584368,127.87575251072144,6,False,False,False,False,True,False,False,False,False,False
455.9868582846466,39.56985978579461,Poor,30.745365113397234,421.6942512186551,42.88219566627495,322.47897620748154,2,False,False,False,False,False,False,False,True,False,False
924.8699396384102,71.44379953659535,Fair,26.465082217370668,214.32369076452449,36.929408609835896,185.26257296067823,4,False,False,False,False,False,False,True,False,False,False
1112.7978882375978,188.87465371085497,Fair,34.7508492745949,179.48525121320463,43.1001737105717,129.4337285505236,4,False,False,False,False,False,False,False,True,False,False
1028.284187754019,79.72678041470519,Very Very Poor,31.21883325415716,418.5344201853573,42.99440424174979,333.465030838022,0,False,False,False,True,False,False,False,False,False,False
1063.5332918334132,144.14300859774457,Very Very Poor,36.94925038440071,333.4705643083946,43.1383141426813,194.92642236027612,0,False,True,False,False,False,False,False,False,False,False
1105.1017551818338,79.39612227818824,Excellent,29.21881482498584,40.0,36.11498895280372,40.0,6,False,False,False,False,False,False,False,True,False,False
1008.6513245835582,69.26932492228448,Very Poor,41.24793299054528,388.6623016171053,48.2513973559604,287.02128815841843,1,False,False,False,False,False,True,False,False,False,False
731.6696465013547,34.20325584779471,Very Very Poor,22.4943717473508,464.9758173273189,30.073180145828157,345.23290511890224,0,False,False,False,False,False,False,False,False,False,True
179.83684888891923,72.76799962505198,Very Very Poor,39.23529620295032,651.1159079733434,45.45508277596184,381.8104436264423,0,False,False,False,True,False,False,False,False,False,False
642.978060165788,119.25199617001869,Poor,35.53132474305348,340.25042696362505,45.45291712687092,261.17401029330875,2,False,False,True,False,False,False,False,False,False,False
854.3890930735419,51.45223526609942,Very Poor,27.31109735081908,489.15104270070265,34.25535339827622,347.92249872527816,1,True,False,False,False,False,False,False,False,False,False
933.469012201845,206.67951951146512,Fair,26.75415022637198,184.08070328567743,33.47505355843869,136.80414012154884,4,False,False,False,False,False,False,False,True,False,False
537.7028513798767,35.77426547368407,Poor,25.31364874100896,327.0842282889508,33.71861086029101,245.4148057640608,2,False,False,False,False,False,False,True,False,False,False
451.0627246226151,201.6021638162432,Passable,36.22262614452975,310.8194584733471,46.58329253493069,199.7945770186852,3,False,False,False,True,False,False,False,False,False,False
1394.278062038913,42.1185726542056,Poor,27.25643527973115,109.77388948934907,31.820932087155544,65.21155153924401,2,False,False,True,False,False,False,False,False,False,False
1030.4198401877286,30.683791004969,Very Poor,26.45770208220488,462.63426012977857,32.20427455505432,332.52021534593155,1,False,False,True,False,False,False,False,False,False,False
1246.5239878433931,60.4634334483158,Fair,26.11317561204121,136.06669567281128,31.673161110587422,85.81251426665955,4,False,False,False,False,False,False,False,True,False,False
118.0,12.831115241560028,Fair,24.68658355256445,370.55809457752525,32.41300144438552,256.9517938191888,4,False,False,False,False,False,False,True,False,False,False
1369.3248361875,56.84818414842937,Very Very Poor,19.355336333825612,410.3244220930061,26.11810679357648,277.5020982662817,0,False,False,False,False,False,False,False,False,False,True
840.1637942793461,74.88272013176979,Very Very Poor,34.5342338017652,633.1547440548991,36.85360958785057,457.4650152905344,0,False,False,False,False,False,False,True,False,False,False
1210.1767189562206,21.473055053364117,Fair,35.21688898606311,117.67409948080912,45.55400709173282,75.61887843032548,4,False,True,False,False,False,False,False,False,False,False
832.4462261000898,68.97556292179753,Fair,40.14700496197449,185.7530177463096,47.50942106664517,137.1406870847887,4,False,True,False,False,False,False,False,False,False,False
201.66640217023485,39.31700673669395,Very Very Poor,29.578973378798512,765.0276202398825,41.794654262932994,593.619106637455,0,False,False,False,False,False,False,False,False,False,True
668.0718572834785,54.81667676581412,Poor,43.93675227353253,247.45273980939947,51.538978223282335,189.5542420308248,2,False,True,False,False,False,False,False,False,False,False
1562.246350941385,69.24808173464847,Very Very Poor,35.29749096937239,331.0355639477013,37.44524041011138,194.4474597790849,0,False,False,False,False,False,False,True,False,False,False
955.1971502550924,236.24700530167436,Very Very Poor,33.01878281326267,461.6278853213109,40.40620700917694,268.9674754910217,0,False,False,False,False,False,False,True,False,False,False
118.0,47.460801683292736,Very Very Poor,28.5294342884921,599.325037922947,37.91509331427687,382.1104161520257,0,False,False,False,False,False,False,True,False,False,False
118.0,32.470407093010856,Excellent,30.593427818980285,284.2803876734124,36.99225276088962,206.4573580265355,6,False,False,False,False,False,False,False,False,False,True
1110.6912938778223,66.2707386338986,Poor,39.50591409079699,140.8079612164628,49.77533112931105,75.68430287826757,2,False,False,False,False,False,True,False,False,False,False
875.1274939104467,118.40154968133017,Excellent,28.918572853145573,40.0,37.0801232658343,40.0,6,False,False,False,False,False,False,False,True,False,False
1379.745617897469,33.324134753945884,Poor,25.69807243853881,97.06019699916156,29.558148756480733,70.10179745167858,2,False,False,False,False,True,False,False,False,False,False
646.222589714759,28.254666987572623,Excellent,26.742252933150912,82.52089775625373,33.26602436141864,77.06743331824539,6,True,False,False,False,False,False,False,False,False,False
818.4664690386065,100.421570508004,Fair,23.18492510672068,196.46182933511568,31.794985616379964,152.85249171322175,4,False,False,False,False,True,False,False,False,False,False
847.9320649634594,99.9831379645454,Poor,42.24215847294938,182.07541012557348,49.84624716603222,138.12920744323924,2,False,True,False,False,False,False,False,False,False,False
137.0392459380089,52.16959332104927,Very Very Poor,33.53738377356851,539.967618791654,34.52337135489053,355.7853594230765,0,False,False,False,False,False,False,True,False,False,False
1330.7294410083582,124.043004206486,Very Poor,25.4656859648494,309.12442387384874,36.35691837737386,192.7568110114992,1,True,False,False,False,False,False,False,False,False,False
201.07988529680813,274.6362801578644,Fair,55.0,178.94871162125344,65.0,125.59943664142662,4,False,True,False,False,False,False,False,False,False,False
958.5110417577928,55.71064357485947,Fair,30.97848039466598,249.2463693133606,36.29947450939146,159.94425994721288,4,False,False,False,False,True,False,False,False,False,False
934.89750453362,21.03010218502386,Very Poor,22.84110060511037,480.6113483053144,28.946182381011447,282.5137513127651,1,False,False,False,False,False,False,True,False,False,False
713.1913638691667,46.30174356497297,Very Poor,42.853112799787226,486.5621624177769,51.47816736136311,365.6663827544315,1,False,True,False,False,False,False,False,False,False,False
608.149417945603,51.144668665292095,Very Very Poor,30.006528804107703,475.74380225129545,37.74497691407649,316.2536569950154,0,False,False,False,False,True,False,False,False,False,False
1110.4371042535008,103.40229819137907,Passable,20.828777609326547,141.19221735140934,32.45374008398105,137.87874047496797,3,False,False,False,False,False,False,True,False,False,False
262.990623183056,99.04257110496792,Passable,45.08817567502072,256.8970435085292,58.15050076467475,181.10205067976324,3,False,False,False,False,False,False,False,False,True,False
477.5376030036317,142.09603596830289,Excellent,32.51488348970324,120.420650963266,44.62624776551223,91.66806565230632,6,True,False,False,False,False,False,False,False,False,False
1631.0104018450772,27.88550215327974,Passable,21.103127869167547,54.42318443302992,29.33086430567171,40.748911033544125,3,False,False,True,False,False,False,False,False,False,False
1005.4290188816248,112.68011667925693,Passable,32.30858898018509,212.0077704538684,37.086661548479874,131.44985054294347,3,False,False,False,False,False,False,True,False,False,False
773.5780559331573,11.506181260451507,Very Poor,28.49977222481764,416.38210473506,31.65424553191225,333.7911273413855,1,False,False,False,False,True,False,False,False,False,False
218.83675170766423,43.98589006653683,Fair,42.60270672348632,343.88360145468107,52.414120536417386,212.92428971741663,4,False,False,False,False,False,False,False,False,True,False
1172.1616072445272,39.23386846493874,Excellent,23.9556716440009,40.0,28.60623531252073,40.0,6,False,False,False,False,False,False,False,False,False,True
784.9395736923867,47.68323402295452,Poor,37.70499029900417,192.5224441783543,47.80644646256159,152.62450428447931,2,False,False,False,False,False,False,False,False,True,False
739.4295799368347,51.96834062209656,Passable,34.92049959476996,179.2186749937386,40.82073868931657,159.83083465011947,3,False,False,False,False,False,False,False,False,True,False
660.3848485480814,39.040259181862005,Very Poor,21.996723393177565,478.69166170921386,30.917809078038164,373.19670564170167,1,False,False,False,False,True,False,False,False,False,False
317.03777326706194,49.01671699375149,Very Very Poor,33.29382923480819,779.3495445254858,40.32187016561567,564.0583893395525,0,False,False,False,True,False,False,False,False,False,False
583.0019638904475,34.54490286896883,Poor,37.39767736785757,272.06484950353746,45.15648616166386,175.2070932720354,2,False,True,False,False,False,False,False,False,False,False
302.98860219058554,28.740157784900777,Passable,28.78963732304436,365.5920260546688,38.82829433959044,241.97798589397388,3,False,False,False,False,False,False,True,False,False,False
169.5525848363036,52.94164829515722,Passable,37.64678173339906,384.4809741446752,40.1975771143517,290.73484435542355,3,False,False,False,True,False,False,False,False,False,False
618.4682585731764,275.6166943889674,Fair,30.78672390865217,249.18449862788643,34.443444492195,164.15543417508394,4,False,False,False,False,False,False,False,False,False,True
919.1791209516684,84.03980310698823,Very Very Poor,37.15983398078407,433.1453120454912,46.99728705401986,305.8694232219408,0,False,False,False,False,False,True,False,False,False,False
118.0,66.19091614486352,Poor,38.49459035913415,307.747034454802,40.270770733041154,209.8515831935022,2,False,False,True,False,False,False,False,False,False,False
267.2649118995871,46.61202855545164,Fair,31.25464107457404,365.1616302283519,34.63675061398409,259.82128457173127,4,True,False,False,False,False,False,False,False,False,False
224.0975169636206,259.0034911475114,Excellent,55.0,47.292756254117,65.0,40.0,6,True,False,False,False,False,False,False,False,False,False
1242.945533661119,94.73069132921609,Passable,30.457439816489828,140.3474423746845,35.01248943976447,98.83904211332576,3,False,False,False,False,False,False,True,False,False,False
123.84280544063448,199.42132072948647,Very Poor,55.0,399.4091117521479,65.0,303.6086379457417,1,False,False,False,False,False,True,False,False,False,False
486.6437562509484,38.72959103779099,Fair,26.36704876276365,340.61675022727394,33.06169626888937,224.01031731707303,4,True,False,False,False,False,False,False,False,False,False
647.8692808354166,15.780328791362468,Passable,37.91619662447553,246.5592350028179,48.86348261771868,143.29034977284323,3,False,True,False,False,False,False,False,False,False,False
118.0,77.45876860974562,Poor,44.8584192434474,358.43401668572375,53.79095192691838,234.8327586409487,2,False,False,False,False,False,False,False,True,False,False
559.0994531855966,201.14781451055595,Fair,27.56824561243283,225.4016704923962,41.28609938031791,174.09750271206113,4,True,False,False,False,False,False,False,False,False,False
527.1522394792992,72.48079745570466,Very Poor,30.048052392270797,536.8006559462609,35.60991759992879,430.2357966596331,1,False,False,False,False,True,False,False,False,False,False
118.0,67.1087829397783,Very Very Poor,44.65989059805266,519.9314526635873,46.99889265772356,420.85076801831264,0,False,False,True,False,False,False,False,False,False,False
985.2616122004588,53.402670979667725,Poor,25.94751174821244,237.4623475435875,36.5068095036402,149.88017683226653,2,False,False,False,False,False,False,True,False,False,False
415.1682228629852,24.01148013504989,Very Very Poor,28.38928234103476,573.6583502008818,35.1793296911403,369.9448585924784,0,False,False,False,False,False,False,True,False,False,False
639.7464165963289,89.25331425835105,Poor,29.782458811424007,306.1418638930612,36.419444358687485,237.6229515597264,2,False,False,False,False,True,False,False,False,False,False
882.6481890389717,287.76503476394345,Passable,37.95253100761519,221.0035099932494,45.62066483336325,125.94498519823198,3,False,False,False,False,False,False,True,False,False,False
118.0,81.27329129957624,Fair,49.72680953564487,328.72024031388327,56.99689937146699,275.9986668572826,4,False,False,True,False,False,False,False,False,False,False
1036.497264386147,112.2084038402843,Passable,29.463978283405982,202.75027828658136,39.16649187864244,149.8893351296038,3,False,False,False,False,True,False,False,False,False,False
1014.4135258951342,44.0098795821587,Very Very Poor,24.67329933864871,444.8662530413316,28.2825726270048,336.1894060023532,0,False,False,False,False,False,False,False,False,False,True
1465.9828860108703,97.00981152763131,Passable,26.73422329296908,104.20623747953732,28.91813197371567,53.04213993789931,3,False,False,False,False,False,False,False,True,False,False
740.0228496250858,58.89051886663646,Very Poor,39.95035584416238,353.2609120852163,46.340166003548894,229.375521553561,1,False,False,False,False,False,False,False,False,True,False
860.3945502056201,36.89546179496808,Fair,20.525124420131448,193.4373661022157,31.160359278723966,148.72464302697404,4,False,False,False,False,False,False,False,True,False,False
689.3884716544769,137.18057031362008,Very Poor,31.20238003778254,604.4573576924935,37.66171567774539,400.82498133314414,1,False,False,False,False,False,False,False,False,False,True
349.0508024396542,277.2078095528598,Very Poor,55.0,560.4121325167699,65.0,361.2347938214521,1,False,True,False,False,False,False,False,False,False,False
1810.4648772757168,27.59687479350224,Very Very Poor,38.73716556209074,249.35801879040963,46.04090450234332,129.16000710026438,0,False,False,False,False,False,False,False,False,True,False
255.9459477304838,117.92061657262695,Very Very Poor,49.16232513364227,662.0848255033184,55.06196577490102,393.9541077107574,0,False,False,False,True,False,False,False,False,False,False
1938.546032409074,161.36614429680324,Fair,31.548361482926225,40.0,37.52167450660743,40.0,4,True,False,False,False,False,False,False,False,False,False
848.1019066141206,164.00335425081994,Fair,42.62430766548781,152.57645557170994,48.999482362420366,101.75790005722364,4,False,False,False,False,False,False,False,False,True,False
711.0792208375153,79.4270329813375,Fair,26.06066451758525,262.3878842727756,32.30457798681702,189.05312899669903,4,True,False,False,False,False,False,False,False,False,False
1008.134028732554,60.399425583013695,Poor,27.87957103621789,194.6781145359444,32.95951688755462,171.27214920957354,2,False,False,True,False,False,False,False,False,False,False
275.65894794721265,92.06946987680033,Excellent,33.43169129528829,147.11502901527726,41.50683640815506,113.3384462092765,6,False,False,False,True,False,False,False,False,False,False
1886.6202073901788,81.75828825669157,Very Poor,30.796138304271807,231.22051857372483,36.055780779444255,156.35678338437438,1,False,False,False,False,False,False,False,True,False,False
1040.9564897494836,113.05884323322816,Passable,28.316834292917218,189.10609820978064,35.78401937541847,105.73314894555354,3,False,False,False,True,False,False,False,False,False,False
784.7290306764719,257.35351829810844,Passable,47.33302002485516,160.2670386269034,53.15587558522202,106.5152320106618,3,False,False,False,False,False,True,False,False,False,False
1127.3242520897502,25.839633086634247,Excellent,38.84394583730412,40.0,47.064654416754536,40.0,6,False,False,False,False,False,False,False,False,True,False
1301.0019260256354,99.68044990569562,Fair,47.20485276093301,105.8231711353004,55.3926186285917,61.23243351515026,4,False,True,False,False,False,False,False,False,False,False
823.0948617207815,83.50586824856207,Very Very Poor,40.050707529439535,499.8692998736982,46.93897495187402,329.4900772410215,0,False,False,False,False,False,True,False,False,False,False
938.5829742470754,71.99180227354647,Poor,31.350957364991437,277.71865880156275,41.72166856014261,193.24830447502185,2,False,False,False,False,False,False,False,True,False,False
670.333099850649,86.76760906223613,Very Poor,33.561487783282665,450.255267420694,34.63187444847087,365.0260063460834,1,False,False,False,False,True,False,False,False,False,False
1196.9132648319642,38.47901997436243,Poor,23.47750930369881,183.4944786980712,36.43011653049986,115.91042288381232,2,False,False,False,True,False,False,False,False,False,False
387.7775384597444,80.2114582771858,Passable,27.966753996365707,345.5173703945468,37.93036539845565,277.579262978486,3,False,False,True,False,False,False,False,False,False,False
756.1407091330162,23.83860530837149,Excellent,39.35288505260252,40.0,45.67394465404054,40.0,6,False,False,False,False,False,True,False,False,False,False
749.5478969113383,310.0784553050425,Very Poor,44.23132518635258,471.7544946870265,52.95531778711239,310.61851768751063,1,False,False,False,True,False,False,False,False,False,False
823.3576112446437,47.48523323246721,Passable,24.12184271017728,232.460525841261,33.300818044450416,179.50120561493324,3,True,False,False,False,False,False,False,False,False,False
615.140944549087,20.91221983105693,Poor,20.576103948382976,261.5953938871987,28.51736167743437,214.8470319919418,2,False,False,False,True,False,False,False,False,False,False
118.0,103.68130916598804,Fair,55.0,264.55699948134566,65.0,221.60396239633164,4,False,True,False,False,False,False,False,False,False,False
1122.6040965796287,96.76107717399957,Poor,27.936116092006344,132.340343272209,32.008892168010746,92.60493169824107,2,False,False,False,True,False,False,False,False,False,False
841.5919340860077,155.35921092934265,Very Poor,28.926757552037454,473.1419460234681,34.677041493608286,312.7305787709891,1,False,False,False,False,False,False,False,False,False,True
959.7807725720852,215.0574148301321,Fair,48.00132583233789,149.1989539558111,56.144109804982335,99.44648538458078,4,False,False,False,False,False,True,False,False,False,False
959.9566324893856,34.91401396030721,Passable,42.47681990878438,145.34069241506884,48.89575765727847,105.52470210914748,3,False,False,False,False,False,True,False,False,False,False
889.2132743665563,121.1229567722945,Very Poor,21.0306872458486,490.8319014160444,34.507562805545376,258.9435688853368,1,False,False,False,True,False,False,False,False,False,False
481.2073834225268,84.95292592499314,Very Poor,41.19866628904219,557.9676400910513,51.95956507591045,357.3505939589936,1,False,True,False,False,False,False,False,False,False,False
1356.0522953858854,447.6652215003084,Poor,33.100726736971666,65.69155432871062,40.75953503535816,59.42756024631581,2,False,False,False,False,False,False,False,False,False,True
724.036921275821,108.63790889563894,Excellent,23.04485815727435,98.67691991992858,32.797456835143684,63.657489895665705,6,False,False,False,False,False,False,False,False,False,True
795.4726170488075,321.05632556158054,Poor,48.28546147655139,149.96979640607842,55.6338147782323,116.50087244891314,2,False,False,False,False,False,True,False,False,False,False
656.0354447890554,72.93079361848028,Very Poor,38.98292236016898,381.81787091366505,45.71789676128067,307.23208412113667,1,False,False,False,False,False,True,False,False,False,False
1430.5846088337098,133.83360192438047,Fair,41.697731721960345,61.63936831259507,51.7969720195314,40.315220565186834,4,False,False,False,False,False,True,False,False,False,False
1539.581785567057,174.60553975506386,Fair,32.677647536610046,79.31720446535451,38.70872706214257,42.15912975627096,4,False,False,False,False,False,False,False,True,False,False
764.9299547089242,63.69548235930961,Very Very Poor,48.621201695006526,494.0329634425788,52.92679157523168,383.9625343278244,0,False,False,False,False,False,False,False,False,True,False
923.1484455847386,45.180259880044986,Excellent,26.2757287083663,70.91245590724587,36.21071163740971,47.97270212999232,6,False,False,False,False,True,False,False,False,False,False
1280.1880881018378,22.15338073988938,Very Very Poor,40.91575131884218,361.7281005435755,44.51009352400933,287.27132403261805,0,False,True,False,False,False,False,False,False,False,False
1614.1171363209407,19.335103316123156,Poor,36.09958799503665,40.0,43.936913489841984,40.0,2,False,False,False,False,False,True,False,False,False,False
865.6748456055707,25.380836947627007,Fair,39.351162838977466,200.94641788512897,46.29973477225455,118.09068647389608,4,False,False,False,False,False,False,False,False,True,False
193.29489777780088,50.047420820619024,Fair,47.883961430226606,354.5709988935576,49.65619771726198,267.55301047922035,4,False,False,False,False,False,False,False,False,True,False
1432.5874013849143,76.65611984395933,Fair,45.71581912771533,47.1794016047611,52.3702704882751,41.24439022778344,4,False,False,False,False,False,False,False,False,True,False
352.16788092012985,15.69259969893462,Excellent,25.28328023639769,240.46809000388456,36.24930273848104,130.23506800520957,6,False,False,False,False,False,False,True,False,False,False
496.74440435315375,53.67218206585376,Excellent,21.81506244881105,118.90328905919476,32.79901601670883,84.68826992483366,6,False,False,False,False,False,False,False,False,False,True
118.0,83.33471266305683,Very Very Poor,53.73387941214161,688.0183662515535,61.74330849045839,415.10403329964055,0,True,False,False,False,False,False,False,False,False,False
1108.544280164422,115.9411865348962,Very Very Poor,34.358819759970785,502.133373463299,39.675472623426565,327.3507183286018,0,False,False,False,False,False,False,False,True,False,False
1571.1037361414255,48.369850097381445,Very Poor,32.59237420519542,163.4018074381887,39.64536392524548,110.21014015861762,1,False,False,False,False,False,True,False,False,False,False
865.231864292082,109.70335421129307,Very Very Poor,39.35177404191801,337.65050564225925,48.33378108964194,227.28094473349157,0,False,True,False,False,False,False,False,False,False,False
567.6165539911549,20.99813439389479,Fair,21.10501450022368,328.07442426275475,33.345096117279404,254.33651801998025,4,False,False,False,False,False,False,False,True,False,False
1134.3482330520983,29.975644347443943,Fair,27.58521736689945,163.961345260529,31.29127811393025,121.87293079082198,4,False,False,True,False,False,False,False,False,False,False
258.5765404819592,165.44469689988995,Passable,49.31863449264991,233.88049976194665,55.80408083194671,174.52459098570947,3,False,True,False,False,False,False,False,False,False,False
281.2166740728034,136.6931473281138,Passable,33.88456222589283,357.7249994736919,43.56800507637956,238.5302715280371,3,False,False,False,False,False,False,False,False,False,True
349.4203717643939,114.07964487728272,Excellent,47.74360338111905,51.90316893697088,52.321915658120574,54.60791004688867,6,False,True,False,False,False,False,False,False,False,False
245.5279048036648,64.82494713307544,Excellent,46.46049956258953,86.9405645626168,54.63462596610668,47.75464259245903,6,False,True,False,False,False,False,False,False,False,False
236.6803640132522,73.03226216142195,Passable,33.44484165564044,375.8069255313712,41.39866965758772,228.81349694482228,3,False,False,False,True,False,False,False,False,False,False
174.7095900569883,39.96233236748649,Very Poor,33.18054241275475,622.8718563025672,42.76979778136813,455.4315906324214,1,False,False,False,False,False,False,True,False,False,False
875.1216117740362,17.727715243941088,Passable,39.478794415533294,184.6896382006345,47.52700382122297,143.59548837583253,3,False,False,False,False,False,True,False,False,False,False
800.306139605339,64.69035072143102,Fair,25.750742932541417,216.7266976402005,38.69838453542458,170.80220749623282,4,False,False,False,False,False,False,True,False,False,False
908.3396027788946,49.34154164280864,Passable,27.143789916926007,315.4100929932371,35.56356036777988,209.3333056375684,3,False,False,False,False,False,False,False,False,False,True
1879.5660540102228,17.90359451415633,Fair,47.00534240381933,40.0,50.5341220173054,40.0,4,False,False,False,False,False,False,False,False,True,False
397.0714856088999,177.71004203725758,Poor,31.889945289246743,295.45820997237485,42.971510044656746,206.39646778293687,2,False,False,True,False,False,False,False,False,False,False
118.0,61.522638838499816,Very Very Poor,40.39038591127791,641.6358558773851,49.18037820234549,506.7781787662544,0,False,False,False,False,False,False,True,False,False,False
597.6478574226297,169.185285658307,Fair,46.82934281569918,253.11969367183983,53.89138969039834,176.05901744210698,4,False,False,False,False,False,True,False,False,False,False
322.80225493133406,36.30611944904258,Excellent,34.7596529434899,202.86258474296116,38.00042565739867,179.36363152992342,6,False,False,True,False,False,False,False,False,False,False
1196.925922533109,45.39622729631928,Very Very Poor,25.28368203720584,439.3179764482114,31.47384656149097,265.34455032310206,0,False,False,False,False,False,False,False,False,False,True
118.0,112.70048145026333,Passable,55.0,250.81696290697764,65.0,179.28625169205694,3,False,False,False,False,False,True,False,False,False,False
440.10707827268993,119.6233467087048,Passable,36.87289738256192,416.1863536010764,46.1168461795327,323.3003636544029,3,False,False,False,False,True,False,False,False,False,False
118.0,59.75254097320778,Passable,52.52720826385985,304.28333128981893,60.32474832818285,215.57685235488552,3,False,False,False,False,False,True,False,False,False,False
151.61231352212064,88.3645883690179,Very Very Poor,53.54900009513895,447.5765867447954,59.87952809211025,305.63982483542986,0,False,False,False,False,False,True,False,False,False,False
644.0019734635479,175.53453409778794,Very Poor,47.4962434451617,435.6591393512082,52.6186582628004,317.2201215423558,1,False,False,False,False,False,False,False,False,True,False
946.7468453028456,52.19105834624657,Excellent,27.274040700038448,45.40696843099898,37.57740441255928,61.25180224751783,6,False,False,False,False,False,False,False,True,False,False
486.6140634999725,29.78731724332767,Poor,27.794004823726755,332.12277094111226,34.33789942168544,222.09108379136904,2,False,False,True,False,False,False,False,False,False,False
376.6038791104205,30.738795729096896,Passable,27.235107603952677,357.12912373739323,34.66140415376091,254.38777615797952,3,False,False,False,False,False,False,True,False,False,False
777.6639627823267,28.063121439241296,Fair,21.139439857654946,248.0952187511722,28.755547849345195,179.3616628322845,4,False,False,False,True,False,False,False,False,False,False
202.6962739788919,25.573697983723847,Fair,26.68153578977505,448.1390738329369,28.990215092165865,287.50224801432046,4,False,False,False,False,False,False,False,False,False,True
1368.6701405731874,284.7010064429133,Poor,34.75628322860862,127.21691487531372,45.56400561425127,96.30310140093609,2,True,False,False,False,False,False,False,False,False,False
774.3639502669406,24.096127096183864,Fair,22.338842468990407,243.19929520913905,28.791592419908124,178.3748776073298,4,False,False,True,False,False,False,False,False,False,False
1221.5080956622369,54.599185874933546,Poor,25.700954336995057,145.58384010045435,36.57765638933929,113.85430187989024,2,False,False,False,False,False,False,True,False,False,False
1250.081305339707,34.67788719294613,Fair,30.761955208311,103.21781618053456,38.39102821868996,64.58355476108873,4,False,True,False,False,False,False,False,False,False,False
118.0,75.76125216473226,Fair,46.25866322695493,351.2889238572649,53.56474719052292,218.07708239133592,4,False,False,False,False,False,False,True,False,False,False
522.4351041213656,88.50777641247286,Excellent,27.73952343604444,130.01752970401128,32.42722611444504,91.08254476740576,6,False,False,False,False,True,False,False,False,False,False
535.6273184033051,356.9004333661904,Very Poor,41.29722341342454,530.4506563383832,49.960530033403046,394.7409383076,1,False,False,False,False,False,False,False,False,False,True
1067.312063846137,39.59474780498122,Excellent,32.4026122170934,40.0,41.91028190005117,40.0,6,False,False,False,False,False,False,False,False,True,False
1035.782699125367,38.49061649709976,Poor,32.489471391766195,120.6598780410895,39.19990578441379,78.03980373081133,2,False,False,False,False,False,False,False,False,True,False
1698.3254997872036,100.64347561707518,Passable,23.955132860635697,69.76963130232494,33.72558722162464,40.0,3,False,False,False,False,False,False,True,False,False,False
708.9381539562976,28.295820515833555,Passable,25.308929235534208,264.9681411204928,31.99201767462064,182.6007282598665,3,False,False,False,False,False,False,False,True,False,False
842.8465099228597,30.262966204978248,Passable,22.955184523718994,267.34482476866845,33.685250530622,196.5764800007777,3,True,False,False,False,False,False,False,False,False,False
610.6540977542337,34.70177800266536,Fair,23.76807190512227,321.7056402875744,31.184385340449666,207.7244358071882,4,False,False,False,False,False,False,False,False,False,True
287.1625555987562,85.95612017190197,Poor,33.1091573615822,453.6765415102325,44.3720082849804,336.6140449839188,2,False,False,False,False,False,False,False,False,False,True
1246.6534046488214,153.7944216315785,Passable,36.221338696008125,163.0008219254653,43.775740496028014,117.88563162865007,3,False,False,True,False,False,False,False,False,False,False
1289.9164583466254,127.35592556670925,Fair,26.40565492460571,107.28166748385796,31.6553487933475,114.1634999099292,4,False,False,False,False,False,False,False,False,False,True
523.0023238402829,106.68185813384204,Poor,26.60746215990281,283.20875329114494,35.091527443520626,196.615350733869,2,False,False,True,False,False,False,False,False,False,False
455.0095267805492,219.32212101908144,Passable,53.60109268964619,243.4793930639587,59.37362462628666,179.7795483205524,3,False,True,False,False,False,False,False,False,False,False
140.77397646610746,600.0,Passable,55.0,40.0,65.0,40.0,3,False,False,False,True,False,False,False,False,False,False
1159.0514315177188,62.914539551059626,Excellent,27.98047143264718,40.0,33.60780893757747,40.0,6,False,False,True,False,False,False,False,False,False,False
1111.4207823270574,67.93313520036324,Very Very Poor,24.172007584909757,411.7257663193249,35.51969871423344,316.2171535330321,0,False,False,False,False,False,False,False,True,False,False
346.5897321472606,130.29240317010124,Passable,41.06321660735779,229.39884266831524,47.53747728593297,185.50694651360257,3,False,False,False,False,False,True,False,False,False,False
904.3374649506048,50.98291952523362,Very Poor,31.203662795124117,619.5172674571219,38.31954449758716,427.2617480974716,1,False,False,True,False,False,False,False,False,False,False
580.6943304759086,238.0590332767308,Very Very Poor,31.41330051062209,468.9892173365054,40.80319899473479,293.46399517142873,0,False,False,False,False,False,False,True,False,False,False
678.7193294365161,164.70433162575262,Passable,29.82036258866378,276.436141973913,39.79735055271203,199.66864529811372,3,False,False,False,False,False,False,False,False,False,True
731.8546327322941,73.49250443588771,Excellent,33.280492248967704,142.08248156089533,41.73643425343688,103.00003809446048,6,False,False,False,False,False,False,True,False,False,False
447.982291792884,151.20729106382245,Fair,33.22756753196511,316.93788325672267,40.84645655039751,178.15227869676454,4,False,False,False,True,False,False,False,False,False,False
513.8338548745496,67.6836714849703,Very Very Poor,30.05812412317676,630.56684159049,36.69547951025929,397.8700872878045,0,False,False,True,False,False,False,False,False,False,False
1041.4478418764595,88.57964723658162,Excellent,42.70832677695135,40.0,46.12396722123036,40.0,6,False,False,False,False,False,False,False,False,True,False
752.2845765205583,96.14221001704507,Very Poor,48.52661881730922,448.5004653277397,52.729719806244354,315.09393696061335,1,False,True,False,False,False,False,False,False,False,False
118.0,172.4092937311815,Very Poor,55.0,341.5447976605565,65.0,237.6806650635274,1,False,False,False,False,False,True,False,False,False,False
1096.0280892107048,16.961511743752535,Very Poor,37.42237337446869,306.1324918618497,45.248110096524606,212.5502967663569,1,False,False,False,False,False,False,False,False,True,False
516.6992695928858,139.40103733687312,Poor,42.32845315385599,265.1829003780381,55.69580645918567,154.64435586840972,2,False,True,False,False,False,False,False,False,False,False
294.6802296589583,263.8990790691311,Poor,43.74173122020382,241.44302678222616,51.683597048006,150.36336149755897,2,False,False,False,False,True,False,False,False,False,False
1528.7861717619453,104.4288618512655,Fair,44.74638125546587,40.0,50.102828647130416,40.0,4,False,True,False,False,False,False,False,False,False,False
783.1942181332504,48.20561843680954,Very Poor,27.705655087576968,554.1017520552609,35.05271863691411,355.59282918211443,1,False,False,True,False,False,False,False,False,False,False
1225.879725011789,120.37152456087512,Poor,30.49221168374939,132.47579586913574,37.50377449914944,99.95099160368524,2,False,False,False,True,False,False,False,False,False,False
409.86472764221367,99.14378771221278,Poor,46.956724996787656,272.1749988880672,48.41748475419434,171.63904839302717,2,False,True,False,False,False,False,False,False,False,False
411.3391180032913,63.76444964875083,Poor,35.22403453783245,431.3094299813861,42.68597229225097,282.06827878208014,2,False,False,False,False,False,False,True,False,False,False
1460.850142769487,26.065607721710037,Passable,31.51595426778649,40.0,42.178009784416496,40.0,3,False,True,False,False,False,False,False,False,False,False
711.1078109936202,100.24695490769894,Fair,19.3153482358033,271.00130937109657,32.01259211370856,215.8423665499155,4,False,False,False,False,False,False,False,False,False,True
1174.4293414071544,24.398152186749144,Poor,30.849596219929776,214.9694826652217,36.31006066005656,161.64034805567056,2,False,False,True,False,False,False,False,False,False,False
1216.3337106273264,93.26750206981342,Very Poor,33.364275285842915,503.5190335127695,43.24539555369143,415.52349366622855,1,True,False,False,False,False,False,False,False,False,False
1499.1053387392412,79.15293605077102,Fair,22.327263543964047,117.13069370307416,33.20772529860572,57.08952993214014,4,False,False,False,False,False,False,False,False,False,True
202.627392921456,117.83978089617756,Very Poor,45.489388939069926,584.3960488626024,49.663317676616906,387.11187358049096,1,False,False,True,False,False,False,False,False,False,False
525.1305164055534,84.71842061537845,Very Very Poor,31.51742095991836,552.4072466835116,40.820345185556654,403.39776362508167,0,False,False,False,False,False,False,False,True,False,False
848.1089213707342,80.83033447529904,Excellent,27.715180849908656,40.0,38.25247650990913,40.0,6,False,False,True,False,False,False,False,False,False,False
118.0,34.22000229466897,Poor,55.0,440.1570944395496,61.84731399051672,252.79145568451037,2,False,False,False,False,False,False,False,False,True,False
729.1110841282781,86.29456982579391,Passable,47.48876326583429,231.9619996652611,58.089863284765954,203.489102773404,3,False,False,False,False,False,False,False,False,True,False
465.3743973801659,285.5918657804539,Very Very Poor,46.65146406461598,513.7206881291443,54.355734976663,375.1003262095914,0,False,False,False,False,False,False,False,False,False,True
1125.124978736051,28.060529771111657,Fair,26.18924150745322,210.13033045585277,35.28347970079922,96.22229395738992,4,True,False,False,False,False,False,False,False,False,False
741.7800481909495,63.3284253495876,Poor,26.022947917030592,293.29198586865215,37.66338147002343,197.54727520396747,2,False,False,True,False,False,False,False,False,False,False
1208.1357548027177,64.4703221984877,Very Poor,25.780771905824857,291.91995975882924,36.62863823215041,244.50443373354415,1,False,False,True,False,False,False,False,False,False,False
751.4230831224743,88.47765962171862,Poor,31.731592014594845,265.2413224571217,35.05384236173761,176.8007292035656,2,False,False,False,True,False,False,False,False,False,False
118.0,44.65349477678752,Fair,38.29815976041672,400.09697524739954,44.578962928472144,238.6043093079201,4,True,False,False,False,False,False,False,False,False,False
1779.5810662455667,216.0719449089867,Fair,29.02352317438801,40.0,37.87492332259365,40.0,4,False,False,False,True,False,False,False,False,False,False
749.3173963681085,284.05329758898233,Excellent,32.234398065179306,40.0,40.69811209411061,40.0,6,False,False,False,False,True,False,False,False,False,False
498.7509351958447,275.02441239792296,Fair,42.55309066188107,287.2601753833434,51.88357462041283,185.0094485053168,4,False,False,False,False,False,False,True,False,False,False
127.20696886649851,65.11322895768777,Fair,52.47380289546713,350.03831346551937,61.63100471313657,245.41331638006773,4,False,False,False,False,False,True,False,False,False,False
683.4018973734395,299.74682644515843,Poor,31.929833184159836,233.28564752958192,39.882944175966415,177.1644991928285,2,False,False,False,False,False,False,False,False,False,True
1115.3053522066216,118.2988655972736,Very Poor,31.42719812182464,480.39043986922815,36.7281859717081,329.9261751009008,1,False,False,False,False,False,False,False,False,False,True
217.00180831882005,49.074396610903214,Fair,50.4986286152205,404.9589513879471,59.24266517567658,243.70389338320516,4,False,True,False,False,False,False,False,False,False,False
1604.637200183177,60.15122947421607,Fair,34.911086123234504,40.0,42.134163686274455,40.0,4,False,True,False,False,False,False,False,False,False,False
812.673517424079,68.68346145940878,Excellent,28.331260666649737,40.0,39.9099983715347,40.0,6,True,False,False,False,False,False,False,False,False,False
800.0312171476768,34.82321864283673,Poor,28.234937422861893,268.24755348769366,37.30535092366506,169.6167893143591,2,False,False,False,False,False,False,True,False,False,False
1273.3345280268315,109.10883304326578,Very Very Poor,39.07793769944573,353.96620836918987,47.455429088381074,263.8795221036472,0,False,True,False,False,False,False,False,False,False,False
118.0,47.5831823952344,Very Poor,28.904471644639465,507.7730024109224,37.64272891198809,343.6590361311627,1,False,False,False,False,False,False,False,False,False,True
763.9570504433627,46.03837340849643,Fair,44.34086599578876,253.82669802030853,50.85202679577771,197.3349096106853,4,False,True,False,False,False,False,False,False,False,False
367.37871030610114,121.25638016323518,Very Very Poor,35.870946090163386,616.2878952809536,43.84605379206356,427.9545268371205,0,False,False,False,True,False,False,False,False,False,False
812.5496864870746,242.967610399032,Fair,32.21065415847644,192.9422289331069,42.44047640342533,158.89038035109502,4,True,False,False,False,False,False,False,False,False,False
755.4281122900416,59.24555640405004,Poor,31.23737262783309,299.19092605525884,39.13992931625969,177.6824678593777,2,False,False,False,False,False,False,False,True,False,False
926.5387387258576,104.57964740794824,Excellent,36.41093063321392,40.0,42.39316902379768,40.0,6,False,False,False,False,False,False,False,False,True,False
422.3942867598491,96.38547778568916,Excellent,34.22951100019611,119.88479610792427,38.81152069371971,88.84852917732599,6,False,False,False,False,False,False,False,True,False,False
925.8702096817486,187.48091843366484,Passable,37.16818468906161,134.21231425833324,47.30997794600726,86.45400955288012,3,False,False,False,False,False,True,False,False,False,False
1160.240044398597,109.1084191072746,Passable,40.8781082958563,106.34660892022328,45.74582429000795,64.9431111869643,3,False,False,False,False,False,True,False,False,False,False
745.0754155283001,100.33584483460564,Poor,32.14982860521248,271.8483090743,36.042334031579145,162.91795817801486,2,False,False,False,True,False,False,False,False,False,False
204.02030162739183,107.71879964064534,Very Very Poor,42.124284396049056,575.5426672836608,49.88614898025779,364.8889259886352,0,False,False,False,False,True,False,False,False,False,False
722.613553775347,276.7576362297163,Excellent,32.12312373739754,40.0,41.59752689938813,40.0,6,False,False,False,False,False,False,False,False,False,True
760.3020258826464,60.22384403511268,Very Poor,41.413714825352514,501.2410901827474,51.30131418964077,372.7316408111329,1,False,False,False,False,False,True,False,False,False,False
256.0868271736568,73.86351803420402,Very Very Poor,34.19625238758044,667.9268353170402,42.03413357116495,392.6586795275495,0,False,False,False,False,False,False,True,False,False,False
694.0381531251267,143.5096944625343,Fair,43.80451622404632,209.27685448301207,50.29048680227439,127.01822792963664,4,False,False,False,False,False,False,False,False,True,False
1522.8147256616917,60.00583178062556,Very Poor,25.118191519124487,365.42113004591806,29.302927908876224,222.64832608956792,1,False,False,False,False,False,False,False,False,False,True
1327.964575089858,301.9688214965522,Passable,44.16409088888121,59.90953298962936,53.95036563462697,40.0,3,False,True,False,False,False,False,False,False,False,False
655.8536885691897,75.9220175969247,Passable,31.432921678889965,336.51517705852496,40.5204995719151,220.03233817905456,3,False,False,False,False,False,False,False,True,False,False
1208.651652379798,191.32722678509865,Passable,28.13181963451617,146.38836102214665,33.909586452545135,88.8277933965181,3,False,False,True,False,False,False,False,False,False,False
927.175727741862,83.89504815634778,Fair,36.80827234068016,158.7378697548562,42.38509374451635,97.40566730613988,4,False,False,False,False,False,True,False,False,False,False
954.487227470694,228.1268888407003,Excellent,32.105107608269286,40.0,40.5674924444272,40.0,6,False,False,True,False,False,False,False,False,False,False
1126.1184039352584,69.5264519652733,Very Poor,30.71037323660847,441.6786099897154,36.6552546547785,380.6979597099362,1,False,False,False,False,False,False,False,True,False,False
653.881660451868,59.9679158456398,Very Poor,29.508428070285827,566.6235656061336,38.688215310816936,392.7223930802113,1,False,False,False,False,False,False,False,True,False,False
522.6583300101047,157.6746505304228,Very Poor,31.005774782340303,541.1139311729269,44.30094372161847,356.2870517761229,1,False,False,False,False,False,False,True,False,False,False
670.2582629469838,26.104440363016263,Excellent,42.9603020449699,40.0,43.67393927432418,40.0,6,False,False,False,False,False,False,False,False,True,False
648.3199399046781,57.40957685361991,Fair,35.094657000241995,243.65415456196047,43.0736086131533,160.31716703204617,4,False,True,False,False,False,False,False,False,False,False
773.8813762893917,60.28343000055199,Very Very Poor,20.371404416716704,500.1118539700549,33.629862898196045,363.0084431202491,0,False,False,False,False,False,False,False,False,False,True
758.180800560266,51.40039948122256,Fair,48.03620033343673,273.22611110410105,52.314648092101145,169.49141658700006,4,False,False,False,False,False,True,False,False,False,False
899.8899551338712,106.80629888021944,Poor,44.31120513482975,168.47586836858224,48.78307080437431,116.50771497328724,2,False,True,False,False,False,False,False,False,False,False
881.045448874307,52.624117371082725,Poor,26.78752520683365,223.4281937788477,29.794791517931536,151.53594905871734,2,True,False,False,False,False,False,False,False,False,False
977.9222645699044,48.73906331234094,Passable,33.98879518278124,158.4624777221039,40.63336430588852,107.94073180936763,3,False,True,False,False,False,False,False,False,False,False
547.7290400519137,80.39662764432032,Passable,27.82977307376633,294.6826908007435,40.37204959669744,233.55839812629412,3,True,False,False,False,False,False,False,False,False,False
118.0,74.07128525200656,Fair,40.42919199857854,355.55271947844903,47.64322884866222,267.5257356575603,4,False,False,False,False,True,False,False,False,False,False
694.8097046682828,250.2652703615257,Very Very Poor,30.000323427334266,480.95671213545,41.501091050760095,289.1030262579284,0,False,False,False,False,False,False,True,False,False,False
896.209568122991,56.13971189156612,Passable,29.840344092398933,273.52312085815663,34.64027791834012,179.7821812000539,3,True,False,False,False,False,False,False,False,False,False
1407.5169337888246,33.77268517832251,Excellent,27.342639983160183,40.0,34.86276001734108,40.0,6,False,False,False,True,False,False,False,False,False,False
1257.2245100088182,70.69285323715131,Fair,26.39084955989846,134.8935425695703,30.29566963818306,93.32724997623023,4,False,False,False,True,False,False,False,False,False,False
358.9371552961508,36.25967504184333,Very Very Poor,27.08885708186324,612.9645193518979,36.96635331638111,349.81862161911414,0,False,False,True,False,False,False,False,False,False,False
1085.2717142583474,107.47569603313286,Poor,49.48508437033731,149.54985169408675,53.65546233427557,94.3602184274278,2,False,False,False,False,False,True,False,False,False,False
691.5284027047758,62.57675181375787,Very Poor,24.85550853353557,505.7290464806413,36.063787344324616,386.5329314209063,1,False,False,False,False,False,False,False,True,False,False
535.2302918172718,133.25071772418949,Very Poor,41.34898253714297,621.8614543340622,43.79105480840457,446.4016857005998,1,False,False,True,False,False,False,False,False,False,False
823.7376974643716,39.67973043130394,Very Very Poor,38.576841711446896,374.6527743717996,49.00584164353693,313.3422249554437,0,False,True,False,False,False,False,False,False,False,False
322.3519211509509,295.3381672336351,Fair,53.17936899751042,245.16990706910505,62.13339176687174,180.17091157151188,4,False,False,False,True,False,False,False,False,False,False
1024.2492721981148,76.52724280269281,Fair,42.74120552526586,144.0913046992845,49.27586198834261,93.6353315133986,4,False,False,False,False,False,False,False,False,True,False
118.0,191.7624470167588,Very Poor,55.0,362.2246999927512,65.0,288.75204855431497,1,False,False,False,False,True,False,False,False,False,False
1601.3458842735913,104.70663100315852,Very Very Poor,38.25275029652412,198.00454931602945,46.355684579611946,120.22750966676664,0,False,False,False,False,False,False,False,False,True,False
118.0,8.367454852573102,Fair,22.97452049351666,415.0318925056533,28.640439785800258,294.02968590072607,4,False,False,False,True,False,False,False,False,False,False
1315.5606852023616,40.48296798701629,Passable,47.57995153222644,110.68050865180736,52.81439459594142,64.5686220073818,3,False,False,False,False,False,True,False,False,False,False
911.526134096765,234.0923401604551,Passable,43.57052917662145,118.65640292793252,53.089337741761454,83.34586061086566,3,False,True,False,False,False,False,False,False,False,False
1501.0290474383053,23.09196239314248,Passable,25.57811792380753,73.69350461754817,37.080099237337656,69.1741410534669,3,False,False,True,False,False,False,False,False,False,False
1453.5575680735826,43.61881531854216,Fair,34.51018147798679,40.0,40.21752431075694,40.0,4,False,True,False,False,False,False,False,False,False,False
536.2102296426006,47.1926086966328,Very Very Poor,27.23739738558116,478.1136718720133,37.12001953421874,320.2893435189487,0,False,False,False,False,False,False,True,False,False,False
271.0645077610709,100.55541831624966,Excellent,34.27551768922452,130.68177078876772,40.70795256000637,80.17473301150764,6,False,False,True,False,False,False,False,False,False,False
868.7808798977994,106.30381394558292,Excellent,28.23602306585584,40.0,38.12436648451601,40.0,6,True,False,False,False,False,False,False,False,False,False
1246.1558654956743,94.12975981872256,Passable,27.49804254974496,122.21364753556908,35.2933767192345,77.99044565043474,3,False,False,False,False,False,False,True,False,False,False
118.0,7.361703553603226,Passable,25.57704836584965,443.7293348410685,32.01067803288793,316.68725126899835,3,False,False,False,False,True,False,False,False,False,False
1618.4012339590824,67.91305742284929,Very Poor,26.621764926090684,261.7540660153289,35.749578213352,172.92137985176856,1,True,False,False,False,False,False,False,False,False,False
240.93803226444595,114.88761680980554,Very Poor,37.21804688348303,533.3148839545781,45.29453664092435,422.5142418360679,1,True,False,False,False,False,False,False,False,False,False
370.77553141233744,160.54450473746525,Excellent,36.322487734692736,153.95410346270987,47.79075758691519,85.8375834531882,6,False,False,False,False,True,False,False,False,False,False
264.4286618250823,96.88743457528886,Excellent,39.20021048747983,158.35675775027644,42.6931402700947,99.35219006596124,6,True,False,False,False,False,False,False,False,False,False
1081.4028531914053,117.93417430713546,Passable,28.739845185070717,226.07122096662704,38.51506071200264,122.40937779862548,3,False,False,False,False,False,False,False,True,False,False
551.309065737498,68.23861251564003,Very Very Poor,26.208700765376708,530.589966979469,36.11943262016564,411.56117505089134,0,False,False,False,True,False,False,False,False,False,False
775.6360051967705,31.018822357948853,Passable,27.99955620358762,287.5067875261004,31.103076535181746,198.29101799982683,3,True,False,False,False,False,False,False,False,False,False
1039.773411615627,141.16561886012738,Very Poor,24.272404511625663,404.2297003952045,35.22606813571016,275.1445589257039,1,False,False,False,False,False,False,False,False,False,True
642.5645206166411,77.32872917806452,Poor,28.30180986492892,302.7329688199496,32.36526156208092,202.01709793236665,2,False,False,False,False,False,False,False,False,False,True
311.5953506693618,78.7310617382966,Very Poor,35.60704241091245,509.2501526409623,38.96849914639885,351.27372896883327,1,False,False,False,False,False,False,False,True,False,False
1071.2106051979963,81.3029373798077,Very Poor,43.78051474430227,393.6136641077345,54.41730278563822,244.86788204082947,1,False,True,False,False,False,False,False,False,False,False
868.7881807692681,75.14754283794012,Passable,18.177894498596185,229.62692025953763,27.24138220465277,146.67696695773404,3,False,False,False,False,False,False,False,False,False,True
987.1843782786664,109.19525057336456,Very Poor,34.97151291070868,524.4404252061546,42.92394349529903,387.00553853553777,1,False,False,False,False,True,False,False,False,False,False
1178.1028556363326,70.82720883551958,Poor,27.57127965664518,149.77357867821198,39.01135978107625,119.94085111782589,2,False,False,True,False,False,False,False,False,False,False
329.61982619197494,528.0331462584048,Passable,55.0,114.3295451587598,65.0,86.4367175167276,3,False,False,False,True,False,False,False,False,False,False
1156.19102399677,94.50721316008656,Fair,29.811447151545032,157.90314959443992,37.424501629134646,120.14562175888491,4,True,False,False,False,False,False,False,False,False,False
351.4140183926621,78.46952656000491,Excellent,30.40852037364925,148.16784255133743,39.83522356497188,94.4155569915344,6,False,False,False,False,False,False,False,False,False,True
634.8539241679857,185.81164264201396,Very Poor,42.527712891466045,542.5880550502159,49.38541157003344,358.4925944092492,1,False,False,False,False,False,False,False,True,False,False
1164.6593690554266,165.06533690218677,Excellent,30.51160978075467,40.0,35.940601018393686,40.0,6,False,False,False,False,False,False,True,False,False,False
930.179402460886,79.2169317438609,Passable,38.969042503365685,161.88667415935095,48.608489596178096,110.5665020770235,3,False,False,False,False,False,False,False,False,True,False
427.8853224642045,33.45625900122891,Passable,26.55142155920994,349.98503518750124,32.66035384334321,285.24020291282926,3,False,False,False,False,False,False,True,False,False,False
268.0582199887512,229.1125030295548,Very Very Poor,55.0,438.7016509286819,65.0,323.4178844458332,0,False,False,False,False,False,False,False,False,True,False
569.1700730722346,23.56489881627913,Very Very Poor,37.37898022749569,484.3867301509886,49.709697391299486,300.8496851354317,0,False,False,False,False,False,True,False,False,False,False
171.799506698571,44.59934845822016,Fair,52.74554535844559,360.6531826146082,61.01991430708364,272.0997484689389,4,False,False,False,False,False,True,False,False,False,False
599.8877513071818,37.91798746966938,Very Poor,24.11468655683229,610.4565112973921,28.83072685347594,464.2322349511547,1,False,False,False,False,False,False,False,False,False,True
153.03831383121224,106.07323704074012,Passable,44.84345783342717,337.4991110985691,51.66495788390131,199.1228220639905,3,False,False,False,False,False,False,True,False,False,False
357.61477497055785,42.47053678358157,Poor,43.48145309730936,296.67148144906963,47.058805492988,225.51701115971883,2,False,True,False,False,False,False,False,False,False,False
810.7418257428584,24.2731623330223,Poor,32.12213244060381,163.97770494591177,42.28416338002265,125.90496032199154,2,False,False,False,False,False,True,False,False,False,False
542.2968041911404,48.26412525559406,Excellent,27.32515374215837,111.56371935011734,35.17860769760131,58.49206983942719,6,False,False,False,False,False,False,False,True,False,False
753.9332868382769,152.35865965717852,Passable,24.719135643673688,303.5259749586537,35.20945945396887,219.29474219283108,3,False,False,False,False,False,False,False,False,False,True
982.5253759986476,216.90037645903908,Poor,24.4574508675682,162.2752140353842,35.63519442983753,127.76553259104534,2,True,False,False,False,False,False,False,False,False,False
1335.6832434060966,134.99303664473473,Excellent,21.257666961561945,40.0,34.47593912592289,40.0,6,False,False,False,False,False,False,False,False,False,True
529.1252172728255,98.89441349249168,Passable,44.52282930683807,277.31802888652635,52.61804295372739,171.45905251781724,3,False,False,False,False,False,True,False,False,False,False
930.5616428347228,150.45874437006154,Poor,41.84892041803832,126.3634563586204,48.16185464401426,96.9520434159602,2,False,False,False,False,False,True,False,False,False,False
732.7651894205973,57.254525354065045,Very Poor,50.19119057231708,492.9799728462192,52.060341388995816,344.7766827934915,1,False,False,False,False,False,False,False,False,True,False
605.863852758097,45.17079356863714,Fair,31.40374645028459,299.23920393638355,34.79504828125575,233.4154502784297,4,False,False,False,False,True,False,False,False,False,False
1338.0676607325786,96.89249612646697,Excellent,30.91785937649972,40.0,43.22577825761965,40.0,6,False,False,False,False,False,False,False,True,False,False
315.36010886545046,72.74235912794128,Passable,31.622006442675616,335.933457840928,37.620593863873765,246.0399880124409,3,False,False,False,False,True,False,False,False,False,False
598.0199400848073,63.663303029539136,Poor,29.532124623128283,288.4104860072171,35.85015621956553,184.14584356644016,2,False,False,False,False,False,False,False,True,False,False
1053.3182329861215,252.25119638079235,Poor,35.47784018138505,165.69682675788212,41.94229779389509,130.49724174786942,2,False,False,False,False,True,False,False,False,False,False
604.358795161836,30.20387862598715,Excellent,34.1549563940978,43.13767233788792,41.48309626034509,43.81347220685582,6,False,False,False,False,False,True,False,False,False,False
833.4459175168705,148.09422588034752,Fair,33.141226749291604,247.41399817817052,37.169271526346094,168.97124021136355,4,False,False,False,False,False,False,False,True,False,False
118.0,210.7904185828212,Excellent,55.0,40.0,65.0,40.0,6,False,False,False,True,False,False,False,False,False,False
1307.579414943002,58.832698818161,Very Very Poor,29.12106069135317,290.40870908549755,33.798849610611235,223.57217007946903,0,False,False,False,True,False,False,False,False,False,False
300.3634633296083,48.2798572246484,Excellent,31.584069694061217,152.80015176185657,35.91341235708833,114.56753087562856,6,False,False,False,False,True,False,False,False,False,False
1778.2275802317818,245.22294480156947,Excellent,35.84215573471016,40.0,45.25977898075519,40.0,6,False,True,False,False,False,False,False,False,False,False
944.4690858909412,81.56075355474735,Fair,23.97958251474273,170.3267516097012,31.16464117963324,157.704349014909,4,False,False,False,False,False,False,True,False,False,False
762.4850956272273,23.260592529710262,Very Very Poor,22.936444901117948,520.1971788951731,33.8128495518624,306.0376356331023,0,False,False,True,False,False,False,False,False,False,False
118.0,114.91607208899464,Very Very Poor,55.0,484.6546599187028,65.0,365.372700849309,0,False,False,False,False,False,False,False,False,True,False
147.771797873448,90.32778893854768,Fair,55.0,276.04450125257955,64.31174274946156,181.40997345570383,4,False,False,False,False,False,False,False,False,True,False
849.6299655752996,91.58607050541522,Very Poor,37.162241627982205,610.9533770287541,38.96749484942647,479.8464608566142,1,False,False,False,False,False,False,True,False,False,False
499.8973980075377,174.14945049738037,Very Very Poor,35.87340920827434,507.66239776210034,43.75364016414228,342.213538827925,0,False,False,False,False,False,False,False,True,False,False
738.3579775200743,57.94743295405234,Very Very Poor,32.35212889075046,586.572528177927,36.089018044266,401.1846218769099,0,False,False,False,False,False,False,False,True,False,False
811.5607112665006,77.02052105002679,Very Very Poor,29.766709895957803,523.6217044219039,35.17084654100967,376.4597704124205,0,False,False,False,False,True,False,False,False,False,False
583.1671169390576,36.49208654256472,Poor,28.80897100819567,322.7451485691574,36.70914809636693,220.15277588282277,2,False,False,False,True,False,False,False,False,False,False
1686.9792906410455,154.3179886904655,Very Poor,47.62405411732893,201.6346790044198,57.65826752557764,110.45806733666322,1,False,False,False,False,False,True,False,False,False,False
1231.365012729373,43.28511076604939,Very Very Poor,32.167850447842994,551.774786317927,39.149145546063465,335.2129192757544,0,False,False,False,False,False,False,True,False,False,False
789.7619356977027,29.156403578087204,Fair,25.580145342021737,239.99441072575507,37.47667471049697,221.0892923307446,4,False,False,False,False,False,False,False,True,False,False
1125.2274135979462,130.36399255725132,Very Poor,43.02054779594342,334.74014564157176,52.20368763559085,248.06315642010645,1,False,False,False,False,False,False,False,False,True,False
1047.4752985844011,32.38729065880898,Fair,27.406936763026533,192.23378899381515,31.12717565345029,147.77571790581584,4,False,False,False,False,False,False,True,False,False,False
609.0975358993453,30.45986984289456,Excellent,17.67609193165155,159.11762192814797,26.493571717213463,81.12815175368681,6,False,False,False,False,False,False,False,False,False,True
864.3804927892215,278.2499813424637,Very Very Poor,30.204515159890704,472.6168155635482,37.52206808578213,323.3487275029766,0,False,False,False,False,False,False,False,False,False,True
715.9057620832139,88.56985416324275,Very Very Poor,27.98209442166559,491.8495449683528,40.691139045723794,375.5092655729279,0,False,False,False,False,True,False,False,False,False,False
894.6653702755955,110.3023591881974,Fair,45.8021322515954,200.1616211325732,56.79814895535344,166.86770242429463,4,False,True,False,False,False,False,False,False,False,False
1405.1893934536909,275.019601701208,Passable,35.68652248047721,40.0,44.34676312805949,40.0,3,False,False,False,False,False,False,False,False,True,False
470.6931851087658,125.68956440874882,Very Poor,50.77349937012607,483.2432460860179,62.1768972042095,372.9205251371673,1,False,False,False,False,False,True,False,False,False,False
1392.7288766428924,322.6455901072676,Very Poor,26.45077880036428,260.0680320366344,38.35354556302935,164.70220918321604,1,False,False,False,False,True,False,False,False,False,False
312.9825686492772,224.56337541174204,Very Poor,38.299701810919466,519.9537705999786,46.54358737892292,300.5479242515739,1,True,False,False,False,False,False,False,False,False,False
442.991700613636,226.05559007104503,Fair,38.77447685932222,279.08707692633635,48.17095673735808,178.96426162707036,4,True,False,False,False,False,False,False,False,False,False
1020.2949432889612,32.91523855831337,Very Very Poor,25.697699306971494,413.7194681773577,34.244049357010354,300.8703514023585,0,False,False,True,False,False,False,False,False,False,False
717.9981054055814,71.53258220092893,Excellent,28.165923036762432,88.36973692589021,33.474905629539705,40.0,6,False,False,True,False,False,False,False,False,False,False
1020.4690498261268,43.008263226217885,Very Poor,23.41069511016037,305.95980609647603,28.676232209470243,227.888374261242,1,False,False,False,False,False,False,True,False,False,False
266.62969219413014,33.11427987876432,Poor,30.153634772474017,388.41395593316935,35.7891669607254,252.2068043718077,2,False,False,False,True,False,False,False,False,False,False
337.4808248613268,212.0879031089423,Very Very Poor,47.561218342467775,557.737726890141,49.372441289380816,380.44183602241526,0,False,False,False,False,True,False,False,False,False,False
118.0,65.94552950652967,Poor,48.93063145246673,472.3531373056584,53.23431692437371,326.6377137320944,2,False,False,True,False,False,False,False,False,False,False
1279.0811183121627,16.548983443380397,Fair,35.21922820902935,79.22303238627687,47.616191936684295,41.48862901588582,4,False,True,False,False,False,False,False,False,False,False
324.07273896786427,62.47182393452862,Fair,29.89755909747607,340.42545472417794,41.16726279292813,278.7133390893455,4,False,False,True,False,False,False,False,False,False,False
518.4804619734402,194.91473056022477,Very Poor,29.97772471124594,444.91231195203454,39.28358721866447,257.1691705006156,1,False,False,False,False,False,False,False,True,False,False
655.6353750273881,95.2528337389975,Fair,24.79368894317236,240.8332657415854,33.61123995100197,170.5276472270398,4,False,False,False,False,False,False,True,False,False,False
118.0,131.71323490885848,Very Very Poor,55.0,653.8640184832047,65.0,382.9209918612915,0,False,False,False,True,False,False,False,False,False,False
804.0274550554158,183.33317545117964,Fair,36.072935692815534,192.5449797933614,45.94367208963777,138.33209569672744,4,False,False,False,False,False,True,False,False,False,False
518.5535037593747,146.03345493262572,Poor,43.82294058090706,246.46660253362043,50.21720863572143,174.07522907337116,2,False,True,False,False,False,False,False,False,False,False
1715.937957729776,448.6687294595961,Very Very Poor,32.94706026269326,243.14109289420972,41.23196930536307,134.39889768415298,0,True,False,False,False,False,False,False,False,False,False
1510.4815609757454,65.52329390435695,Passable,32.79082016758028,40.0,40.80178883278187,40.0,3,False,False,False,False,False,False,False,False,True,False
606.8493663357203,150.3109515723972,Passable,30.43015184472785,250.0435816143366,40.79015700072236,201.83705390484383,3,True,False,False,False,False,False,False,False,False,False
579.6026783419157,32.263038235275104,Excellent,19.467742897816517,88.78593751745633,30.53471694610512,96.98353641820728,6,False,False,False,False,False,False,False,False,False,True
1166.5818886993848,16.973325481573507,Poor,25.93170598532616,167.45826424277988,33.736319886807536,131.41638411368638,2,False,False,True,False,False,False,False,False,False,False
548.540414754919,81.90714025483054,Excellent,25.771562745982862,91.8195035656979,31.89039426947449,79.88863060117197,6,False,False,False,False,False,False,False,False,False,True
145.40080677664753,51.52193338056309,Excellent,48.6910909560976,82.55973411128987,53.91708771768271,64.01214947606728,6,False,False,False,False,False,True,False,False,False,False
966.1194334122804,169.5512844123549,Very Very Poor,49.09967914787883,481.8423708151011,57.89785013378085,358.60274675514813,0,False,False,False,False,False,True,False,False,False,False
118.0,91.37727987852234,Poor,45.17408714513078,381.2898897250918,50.334879769567365,260.9011727002975,2,False,False,False,False,False,False,False,False,False,True
1174.1451646334758,13.269998142749388,Excellent,24.72366679064328,40.0,31.205900304370925,40.0,6,False,False,False,False,False,False,True,False,False,False
923.010401546416,58.42815403495126,Excellent,30.68955047904982,40.0,36.253469736948674,40.0,6,False,False,False,False,True,False,False,False,False,False
1005.382412683416,399.93362981838266,Excellent,38.93589547238953,40.0,45.38778402568111,40.0,6,False,False,False,True,False,False,False,False,False,False
1616.0153469678287,89.86872411857064,Passable,28.38602264193285,49.525837342233714,38.33202040971704,51.53643493574902,3,True,False,False,False,False,False,False,False,False,False
757.2183854761539,186.1016481161602,Fair,41.18603277807358,304.3689304881804,43.316452700438,179.12299737346086,4,False,False,True,False,False,False,False,False,False,False
1144.9444337616949,600.0,Very Poor,40.35249755891056,354.1393309710669,47.33678069359637,231.4019736747812,1,False,False,False,False,False,False,False,False,False,True
355.0537306959922,91.16307690213638,Fair,30.518114578300946,336.0190524326944,40.79284129808964,273.4423679496042,4,False,False,False,False,False,False,True,False,False,False
1381.9492421693972,81.5296191470368,Excellent,27.35605310993506,40.0,36.80271822849109,40.0,6,False,False,True,False,False,False,False,False,False,False
891.3006890733989,68.22450074535706,Passable,26.7845929483642,222.6260684672324,37.8601345989137,174.36009744307844,3,False,False,True,False,False,False,False,False,False,False
1014.518196973596,164.72964557433707,Poor,18.86552579252714,175.16351788439275,32.36379538943508,130.23575214879182,2,False,False,False,False,False,False,False,False,False,True
118.0,98.63241370676364,Passable,55.0,260.06150367643573,65.0,180.81163545606623,3,False,False,False,False,False,True,False,False,False,False
1152.167996252646,48.25289047057128,Passable,25.213725263665783,184.96083804788304,36.05167120083252,130.98139968220366,3,False,False,False,True,False,False,False,False,False,False
755.3696574844918,31.461442086288,Very Very Poor,27.12411162397186,531.2496396542974,34.192580857062914,409.5513459631936,0,True,False,False,False,False,False,False,False,False,False
1337.9023920461668,128.2912642857024,Excellent,25.636488572297445,40.0,31.81152738138492,40.0,6,False,False,False,False,False,False,False,False,False,True
706.9162019212743,33.43212303350063,Very Very Poor,39.05323255514428,395.9826664081431,45.37817347193632,303.97913190451857,0,False,False,False,False,False,False,False,False,True,False
1190.9626830921893,112.24337344354537,Very Very Poor,30.74394665584964,423.42992034231406,37.38459971574287,322.93734634110774,0,False,False,False,False,False,False,False,True,False,False
1225.9181125979144,158.45100394608326,Very Poor,25.69324032178197,334.08313728101035,33.53683006246277,248.97136655054476,1,False,False,False,False,False,False,False,False,False,True
999.306784207657,85.99087167242857,Very Poor,30.481508516686223,499.3351895141727,36.66000904296808,316.66003250786343,1,True,False,False,False,False,False,False,False,False,False
1501.5342622965863,468.7074604025685,Very Very Poor,36.614829763251066,299.54763627718086,43.293311476096406,217.780356612824,0,False,False,False,False,True,False,False,False,False,False
1548.7740280519934,226.7528022303944,Passable,44.40926122347106,40.0,47.37077437555161,40.0,3,False,True,False,False,False,False,False,False,False,False
819.7229861882415,580.3894243550062,Fair,52.97193849492392,182.70642100203253,60.98340533470999,102.00044616097564,4,False,False,False,True,False,False,False,False,False,False
959.2408165708088,23.81726264241849,Very Very Poor,19.590028390346745,436.41732246745886,30.356935770361567,350.65230027180445,0,False,False,False,False,False,False,False,False,False,True
1061.5909355063532,31.80163747486005,Passable,28.60604920417277,238.02784876668085,40.22632020133133,147.5063580368669,3,False,False,False,False,False,False,True,False,False,False
829.0274572288947,48.1308595307589,Very Very Poor,25.706194173508703,506.1192471699134,34.416304092580646,314.83291616540095,0,True,False,False,False,False,False,False,False,False,False
522.607005054145,454.4813258190287,Poor,50.572290450112526,214.8184416567484,56.72560755862257,125.15569999792716,2,False,False,False,False,False,False,True,False,False,False
845.4587995411587,51.437763332589455,Fair,25.392828653064598,272.2704193997042,34.010235417990856,187.09722356126323,4,True,False,False,False,False,False,False,False,False,False
1038.0054409897243,8.097028231696113,Very Poor,36.53634457845207,310.0769836966422,47.166372834285184,225.13910749215927,1,False,True,False,False,False,False,False,False,False,False
118.0,41.30103759781221,Very Very Poor,30.920902458304965,628.133220155274,37.90301681644794,405.2399320927721,0,True,False,False,False,False,False,False,False,False,False
760.5051269393365,198.2248465139008,Excellent,45.83448860983068,40.0,54.84707075523806,40.0,6,False,False,False,False,False,False,False,False,True,False
1381.1312837811995,251.08890689672265,Very Very Poor,31.50726246520202,296.2534696594145,39.45876917100821,237.9534194144282,0,False,False,False,False,False,False,False,True,False,False
720.3772353086947,60.01429283510798,Passable,39.00601464912107,230.563429846537,45.97851073676207,132.65655276117923,3,False,True,False,False,False,False,False,False,False,False
780.5740523320585,113.71548399862505,Passable,41.31314587955735,204.65190749083803,50.870633668638256,146.9054902215366,3,False,True,False,False,False,False,False,False,False,False
569.2559064728355,75.9948009684565,Poor,36.09565698442636,195.2829412974741,43.05583600134786,139.46535837035088,2,False,False,False,False,False,True,False,False,False,False
1704.7422228206317,98.15157623385636,Very Poor,22.597677193900108,237.81315332673384,29.55024287482304,171.0378835964647,1,True,False,False,False,False,False,False,False,False,False
1146.6187918491994,103.76442901995982,Excellent,18.06931922555238,40.0,26.758685241625574,40.0,6,False,False,False,False,False,False,False,False,False,True
298.3194967273142,66.48261315363129,Excellent,28.96685086867034,152.6278441698142,32.66263617918003,115.12812488240138,6,False,False,True,False,False,False,False,False,False,False
250.47172400135375,22.941751831874942,Passable,42.32540351978085,339.2372223421053,49.95411170172376,258.4822139426789,3,False,False,False,False,False,False,False,False,True,False
406.07920479928464,35.54475501545039,Excellent,26.79587308758588,164.9382670474975,36.166560535241445,101.9404145919362,6,False,False,True,False,False,False,False,False,False,False
2395.201239909038,57.6247587175535,Fair,27.14125060661596,40.0,36.7920200719811,40.0,4,True,False,False,False,False,False,False,False,False,False
1317.7658781325954,50.51218523031717,Passable,33.66991601016298,48.89962038855562,37.17211071027072,47.63831710528584,3,False,True,False,False,False,False,False,False,False,False
471.3366780467536,112.01082112921414,Very Poor,30.14282490998786,543.3907307423652,36.42563054671936,440.4418878013668,1,False,False,True,False,False,False,False,False,False,False
369.5431817514975,38.0281737695092,Excellent,33.06645493808404,177.4813467692554,39.81772142450499,113.9420002779042,6,False,False,True,False,False,False,False,False,False,False
721.3053998739158,27.63954938656568,Very Poor,20.980130305991107,542.4339916997116,27.925568428963565,367.3482590066222,1,False,False,False,False,False,False,False,False,False,True
1241.3131244231954,65.40878399819334,Excellent,27.218298722536428,40.0,35.64330078753126,40.0,6,False,False,False,False,True,False,False,False,False,False
1137.046755147192,117.1063178673298,Poor,33.56278081373331,102.57491122750795,41.66301709786953,68.62490672779747,2,False,False,False,False,False,False,False,False,True,False
280.1477538227667,52.69992158069355,Poor,30.140043577329767,370.1304295736949,36.87464863984493,307.32092369917206,2,False,False,True,False,False,False,False,False,False,False
118.0,22.380099776642076,Poor,32.00162045668464,419.9238524151453,38.47892710094259,260.96488513300346,2,False,False,False,True,False,False,False,False,False,False
582.8433144671726,41.71363702361213,Poor,24.92866427504314,262.42665090132266,34.7065274432274,190.31630994371147,2,False,False,False,False,False,False,True,False,False,False
1588.813427134939,112.23794503731074,Passable,28.51232282976097,58.39346213731573,34.40576874289959,41.05858385349768,3,False,False,False,True,False,False,False,False,False,False
1238.6213698613512,44.04100298540614,Excellent,38.31411238100056,40.0,43.80660659415492,40.0,6,False,False,False,False,False,False,False,False,True,False
568.739137322327,108.91229039508582,Very Very Poor,26.37282822701756,543.5152233892869,34.562216034478084,358.9667641855706,0,False,False,False,False,True,False,False,False,False,False
365.5460505502031,387.9485108740781,Very Very Poor,55.0,399.08903639254726,65.0,290.4406818794613,0,False,False,False,False,False,True,False,False,False,False
492.75502824897467,25.809003259197336,Passable,40.66129458628985,360.5929810358432,50.46784479127979,252.2867551200173,3,False,True,False,False,False,False,False,False,False,False
855.1266687136443,115.0765372141301,Poor,36.2423681356914,176.0411434043208,42.89887171935656,103.68254362441571,2,False,True,False,False,False,False,False,False,False,False
118.0,74.42542371191534,Poor,55.0,352.528065768517,65.0,241.91701486200495,2,False,False,False,False,False,True,False,False,False,False
275.17446905357554,379.3577567170949,Very Very Poor,55.0,402.6993718597415,65.0,327.1338168570813,0,False,False,False,True,False,False,False,False,False,False
247.31932657583275,226.23812666112963,Very Very Poor,55.0,581.0295616629734,65.0,395.9477458762517,0,False,False,True,False,False,False,False,False,False,False
1728.8218341410302,67.2438935961881,Passable,29.656398045021437,40.0,40.44466120516446,40.0,3,False,True,False,False,False,False,False,False,False,False
118.0,113.01040560450193,Poor,50.543892846620864,297.36905254358845,54.56927928315711,193.04228543770824,2,False,False,False,False,False,False,False,False,False,True
155.92596251076804,77.43231114977743,Fair,50.43296984723597,312.72451831625403,57.35063328138236,233.8888407234504,4,False,True,False,False,False,False,False,False,False,False
118.0,58.5541019817732,Poor,38.7548367804806,380.14942855080375,48.33531091322734,267.1997276759011,2,False,False,True,False,False,False,False,False,False,False
811.4119422390455,87.68495646404901,Very Very Poor,30.053993513885874,529.6309293914597,34.86271136133261,352.7287080510452,0,False,False,False,False,False,False,False,True,False,False
298.9544641532391,111.29325375428856,Passable,38.58247766376704,280.148232881212,49.22011052907009,198.80650528053735,3,False,True,False,False,False,False,False,False,False,False
654.9869939234254,43.62242799629604,Excellent,34.15192146523611,40.0,39.56585797640986,40.0,6,False,False,False,False,False,True,False,False,False,False
1344.4070897507752,49.10550024368598,Excellent,42.069418595241885,40.0,49.07717442679444,40.0,6,False,False,False,False,False,True,False,False,False,False
400.20396226557415,154.30774460349093,Very Poor,40.46949119516256,543.9823778496234,46.408789294956286,393.5736430353368,1,False,False,False,False,False,False,True,False,False,False
498.43139380309407,40.60031410226063,Poor,30.213194564325303,321.63862901903286,36.73788194612511,196.798330690627,2,False,False,True,False,False,False,False,False,False,False
118.0,33.00448578847784,Passable,43.47631845303332,331.94861247858296,54.51749412303232,268.63310573813106,3,False,False,False,False,False,True,False,False,False,False
367.4199631644793,228.21651115493447,Very Poor,45.1928547007971,546.1138848500437,49.50298388352325,404.4381710670935,1,False,False,False,False,False,False,False,True,False,False
184.82233613454773,30.95189797309912,Fair,44.97466304833985,325.58794346266905,48.555299979836576,202.53335450144152,4,False,True,False,False,False,False,False,False,False,False
1082.3911506373147,77.38116388193193,Very Poor,21.16377672679338,457.1571889247602,33.63688016857433,340.9263146568197,1,False,False,False,False,False,False,False,False,False,True
118.0,26.661839496202955,Poor,35.59230306346891,495.0004805273539,43.00888840974867,376.95591331734033,2,False,False,False,True,False,False,False,False,False,False
697.229705458627,101.07020652012773,Fair,35.02344081952686,181.16510593785267,39.896853449115696,130.52225883288872,4,False,False,False,False,False,False,False,False,True,False
335.23788371208724,112.24169765082878,Passable,30.577917520453543,304.81116645165696,35.719032287742074,218.58827812422572,3,False,False,False,False,False,False,False,True,False,False
118.19812578678408,216.9723241120088,Poor,55.0,106.018946811932,65.0,68.55151957673122,2,False,True,False,False,False,False,False,False,False,False
1124.073962591336,439.3872358208889,Poor,55.0,58.17960332414765,65.0,61.35121475619508,2,False,False,False,False,False,False,False,False,True,False
962.7879825145578,133.96735086886218,Very Very Poor,18.55400985115765,358.1644998933753,26.61921972573226,262.8507963587381,0,False,False,False,False,False,False,False,False,False,True
936.8877737322334,237.41285205244705,Fair,33.34541604945551,259.1991330383424,39.87355960221399,161.2359154944068,4,False,False,False,False,False,False,False,False,False,True
1397.9339636154243,56.45811796259709,Poor,30.856943885533266,106.33156864565726,31.224971130026827,81.2983122732384,2,False,False,False,True,False,False,False,False,False,False
522.1644810229134,121.7956164463947,Excellent,31.784885019096038,138.2966199780083,40.87229998745799,103.47564299278577,6,True,False,False,False,False,False,False,False,False,False
306.70621846079126,109.31966838408388,Fair,49.579375038700974,275.786587309302,54.72733580479754,199.57103575282724,4,False,True,False,False,False,False,False,False,False,False
1266.7473665807995,158.04118924935796,Very Very Poor,40.03401920630451,200.8054726786065,47.42935114762507,150.13129053109748,0,False,False,False,False,False,True,False,False,False,False
118.0,43.70169463185636,Poor,33.6284314742996,368.5923738991516,44.06725873664869,263.3750442021102,2,False,False,False,True,False,False,False,False,False,False
1924.026864084416,98.86546272634496,Poor,30.58300375906336,40.0,32.41368308342745,40.0,2,False,False,False,False,False,False,False,True,False,False
703.141246629242,123.11866897379072,Excellent,25.065073507107176,78.82016145365546,34.578358238218584,75.16257264478483,6,False,False,False,True,False,False,False,False,False,False
118.0,359.4154609914193,Excellent,55.0,40.0,65.0,40.0,6,False,False,False,False,True,False,False,False,False,False
183.94383205398455,129.1798174973301,Passable,45.14631597681499,348.1492856556731,56.132479920743485,218.99861783625616,3,False,False,False,False,False,False,True,False,False,False
477.5669875192376,31.83353728512136,Very Poor,30.126319548850024,674.1818764410161,39.873739489928646,506.3583580898856,1,False,False,False,False,False,False,False,True,False,False
1163.1211876936986,86.87436390969457,Poor,27.98012382204232,207.81454441781835,32.99981931219212,143.10596957324952,2,False,False,False,False,False,False,False,False,False,True
1069.824960189107,221.0452459854743,Fair,29.01672880252444,175.4162504020821,42.30167240947288,115.00583157119698,4,False,False,False,False,True,False,False,False,False,False
519.6328382212262,69.03081275200346,Poor,24.730169903611564,367.263326407302,35.801611596815064,257.24662212147007,2,False,False,False,False,False,False,False,False,False,True
1403.667399688812,94.26795644944694,Excellent,29.930030626478302,40.0,35.9868374572397,40.0,6,False,False,False,False,False,False,False,True,False,False
118.0,32.76506847855807,Excellent,33.13232843530111,260.44077489063864,41.4267980636608,163.18914118406855,6,False,False,False,False,False,False,False,True,False,False
1089.2475061012494,67.37115711157497,Poor,40.28211912821981,128.44760911729355,44.561138284996,80.57992776022402,2,False,False,False,False,False,False,False,False,True,False
1078.5860011532618,35.2821703207164,Poor,33.01216331702406,254.5975039128056,38.11462298915923,181.04264880529888,2,True,False,False,False,False,False,False,False,False,False
891.7400431179664,38.45143938638447,Very Very Poor,40.62291586306849,450.51745599236034,47.09589246070744,311.00921692252905,0,False,False,False,False,False,True,False,False,False,False
495.7567588906113,48.42347638831131,Very Very Poor,26.346478604542437,620.537545738583,32.834559802225705,401.0995726079328,0,False,False,False,False,False,False,False,True,False,False
118.0,64.47601670182998,Poor,28.602407230809824,344.5146008586233,42.333989486593936,233.01737808001783,2,False,False,False,False,False,False,False,False,False,True
1392.9826648354688,328.90685666807434,Excellent,35.31743338258395,40.0,43.12832279696551,40.0,6,False,False,False,False,True,False,False,False,False,False
118.0,46.02418130529342,Excellent,41.17158823151735,179.47939372220603,48.03428941138023,112.32928039031,6,False,False,True,False,False,False,False,False,False,False
779.0356280384477,174.76045159044898,Very Very Poor,32.535113380443306,396.2726237628473,41.531317886971486,302.9467247204505,0,False,False,False,False,False,False,True,False,False,False
515.483328212215,71.2293439470519,Excellent,32.82667934457603,126.0069071936612,35.33013981610844,82.24554342697427,6,False,False,False,True,False,False,False,False,False,False
250.31302405414044,18.828360336238188,Fair,28.72373562346319,480.8354039856814,33.30165534436977,318.81982607370253,4,False,False,False,False,False,False,False,False,False,True
429.2848749615024,138.51698041469157,Poor,46.28562868033707,267.2110888022367,54.11060184169384,177.53839419187838,2,False,False,False,False,False,False,False,False,True,False
1045.956790527248,224.67269933950104,Poor,34.08573014900337,161.90802420291865,40.71091260121305,100.842771919795,2,False,False,True,False,False,False,False,False,False,False
493.74601232884834,95.91705333922434,Poor,29.42853320031817,311.33025358743464,39.11889713042339,231.86600889377695,2,True,False,False,False,False,False,False,False,False,False
804.7758695094975,92.50377047434463,Poor,33.491810502089024,304.14757706909296,41.613441888609486,226.70002964019957,2,False,False,False,False,False,False,True,False,False,False
917.7095525182992,118.01194707600249,Very Poor,28.098047753232755,369.4292712237177,33.775611413554124,267.37649982243346,1,True,False,False,False,False,False,False,False,False,False
1882.025023934768,37.86639765470873,Excellent,25.079664421326928,40.0,32.12769023017761,40.0,6,False,False,False,False,False,False,False,True,False,False
706.332593832159,110.3861022515118,Poor,28.821263930152487,213.11241959261403,35.03239832845095,178.09610272695969,2,True,False,False,False,False,False,False,False,False,False
118.0,84.58244654439164,Fair,48.37513115329753,340.19357494073887,56.34176921182598,265.656300121954,4,False,False,False,True,False,False,False,False,False,False
610.5233295477695,29.61299919068849,Very Very Poor,27.221528227791616,589.1834913763687,35.155399275746724,424.4694497781377,0,False,False,False,False,False,False,True,False,False,False
1006.8601883897176,53.62756726213116,Poor,42.9983355979671,140.4068319741804,48.18541737624321,110.58701861783658,2,False,False,False,False,False,True,False,False,False,False
759.4691173714581,58.032539390328914,Fair,24.80641413292118,246.2624040463556,30.33447930745472,180.03215132265683,4,True,False,False,False,False,False,False,False,False,False
1012.4204972248568,204.13019108530872,Excellent,32.8826619258977,40.0,45.86610966965628,40.0,6,False,False,False,False,False,False,True,False,False,False
988.0783834865446,47.38742604078015,Very Poor,25.64481732275027,395.5275256304412,35.82776908868512,255.054164240531,1,False,False,False,False,True,False,False,False,False,False
1127.9348224926662,109.90651228310648,Excellent,43.91997878824743,40.0,46.51405817631846,40.0,6,False,False,False,False,False,False,False,False,True,False
118.0,71.95240291517995,Passable,51.51048974557874,417.0844360301204,56.78598562218399,274.1406613888452,3,False,False,False,True,False,False,False,False,False,False
1410.7923870023974,42.57812016952401,Very Very Poor,28.792312606134367,337.9233357599813,37.469068762323104,194.06708155293185,0,False,False,False,False,True,False,False,False,False,False
941.0799761559904,170.57801748080055,Excellent,32.116966913427675,40.0,37.998515542419966,40.0,6,False,False,False,True,False,False,False,False,False,False
118.0,36.65155086465692,Fair,39.764711869641125,295.0571558840117,47.24390696659908,202.40245111522196,4,False,False,False,False,False,True,False,False,False,False
118.0,96.4579529904516,Passable,55.0,366.09959366944463,63.187611168082135,259.7160692558565,3,False,False,True,False,False,False,False,False,False,False
1014.0844840537104,333.0387389101773,Very Poor,49.27153623711112,286.5554481532071,54.33648461340034,231.99347781818264,1,False,True,False,False,False,False,False,False,False,False
1424.8415416828475,89.33824581525528,Very Very Poor,27.4137629671056,333.0143095001696,36.40893265851911,201.77794103719543,0,False,False,False,False,False,False,False,True,False,False
118.0,159.07591483588664,Very Very Poor,55.0,408.5722081578537,65.0,243.56039990368924,0,False,False,False,False,False,False,False,False,True,False
701.0033201652334,129.22297348737155,Very Poor,33.5016626816057,500.9705413794207,38.25371492001607,297.4397352014718,1,True,False,False,False,False,False,False,False,False,False
643.7628775365442,36.39621315943625,Very Poor,19.36883815230401,475.5116830999198,29.08414435987314,291.71563380831384,1,False,False,False,False,True,False,False,False,False,False
990.8778216943616,63.9487211666044,Poor,33.51134138517524,259.55393143584354,37.51110262814014,161.55731520757297,2,False,False,True,False,False,False,False,False,False,False
1086.9283584593686,46.85948402543077,Poor,29.62610282630692,223.623737456439,39.1871477552307,166.88025569598264,2,True,False,False,False,False,False,False,False,False,False
213.6104667415788,54.007257998802025,Excellent,35.45011876443709,226.8091027475877,46.81854301570971,125.42448322359677,6,False,False,True,False,False,False,False,False,False,False
492.0105336052876,43.44080763342772,Fair,24.613677398358117,291.93020295640366,30.61171089864992,187.54982844323112,4,False,False,False,False,True,False,False,False,False,False
743.1526938059,114.83170595572174,Excellent,31.11960259793964,71.28659137750108,37.34149104977797,40.0,6,False,False,False,False,False,False,False,True,False,False
261.0980503295449,165.6152735587557,Passable,49.35069600313143,216.09350969735212,55.341490396485774,147.7920387426634,3,False,True,False,False,False,False,False,False,False,False
501.01823182011935,33.993498839028135,Very Very Poor,24.332614284230708,510.0836851342703,34.60426148152785,379.4773037225426,0,False,False,False,False,True,False,False,False,False,False
131.0874139639742,185.7769335986532,Passable,55.0,198.30656241343817,65.0,149.2368331477068,3,False,False,False,False,False,False,False,False,True,False
740.0796244785881,56.15116853238165,Poor,41.22331699795751,232.693530202535,47.30341507810444,135.36894581536555,2,False,True,False,False,False,False,False,False,False,False
324.7700048468551,134.56468906758383,Passable,46.76059849273628,403.00114435953566,51.983878750862985,248.64115790052625,3,False,False,True,False,False,False,False,False,False,False
1642.6340089109972,274.5429936200101,Very Very Poor,34.03495904836633,406.5021199695259,41.07000333075968,278.6820003604639,0,True,False,False,False,False,False,False,False,False,False
740.5497845183054,193.6995488880613,Poor,26.799841636133777,237.12317659551,34.47426106558125,162.16748213944126,2,False,False,False,True,False,False,False,False,False,False
566.3722452965472,69.68321565153211,Excellent,30.45815085843657,94.17395687134491,35.13315937631073,74.92621451478801,6,False,False,True,False,False,False,False,False,False,False
1162.8592665153035,130.73466071251104,Poor,23.68531210103558,144.909198432504,31.41502441517315,108.78737039082972,2,False,False,False,False,False,False,True,False,False,False
1007.9752247309674,74.16557683773208,Poor,40.73788452762641,134.55594631077906,46.72619577056838,95.93346621552092,2,False,False,False,False,False,False,False,False,True,False
882.2550484328594,65.96012764415933,Very Very Poor,31.87179018519428,366.0869746099617,42.90075696413234,248.24263334756185,0,False,False,False,False,False,False,False,False,True,False
414.503490867346,22.523372698119232,Excellent,27.555362560491137,116.81829344930708,33.53994719368978,104.15243281457288,6,False,False,False,False,False,False,False,True,False,False
118.0,33.12495738267846,Fair,29.546429885617336,381.40141554823606,35.277745960699505,265.5873211740786,4,False,False,False,True,False,False,False,False,False,False
235.18218250739412,34.02621298509286,Very Very Poor,31.63878598688048,645.1326504560243,41.5464130286157,534.5263614515871,0,False,False,False,False,True,False,False,False,False,False
903.7401990861558,23.480373095587016,Poor,41.081497270958,159.99105847002258,48.80911397694977,136.53555237295086,2,False,False,False,False,False,True,False,False,False,False
984.1023529694896,104.66499535324463,Very Very Poor,33.40806249307211,498.7187544210957,34.93984827087696,346.7248525495294,0,False,False,False,False,True,False,False,False,False,False
633.4023183933882,67.9699806411376,Very Poor,33.75501173995881,620.7410241987267,44.44028771428584,378.9105518104601,1,True,False,False,False,False,False,False,False,False,False
1439.786737849393,56.6350251395496,Excellent,26.49605019436188,40.0,36.89346819745907,40.0,6,False,False,False,False,False,False,True,False,False,False
1094.5159573647547,127.67701640465803,Excellent,36.21792444553941,40.0,44.07681145175171,40.0,6,False,False,False,False,False,False,False,False,True,False
1269.153435922226,120.39084659312248,Fair,24.05720658912716,122.48056890028194,33.99912715324588,85.33333353309156,4,False,False,False,True,False,False,False,False,False,False
899.7149132047921,128.60228434452048,Very Very Poor,27.935926215181624,425.8828341672965,38.74817056575109,326.0208789365165,0,False,False,False,True,False,False,False,False,False,False
692.508072348877,98.4718712531366,Passable,36.13825819910127,320.2500998192644,38.136529749528805,238.24858267674264,3,True,False,False,False,False,False,False,False,False,False
962.7210585994172,54.06001842196531,Excellent,29.20258836111543,73.15724665918306,40.28143801255621,40.0,6,False,False,False,True,False,False,False,False,False,False
369.55551428347695,121.61239810147526,Very Poor,50.21559351383282,440.3884290854194,54.13442746214551,310.370059785907,1,False,True,False,False,False,False,False,False,False,False
1015.1939143223136,45.80057936540308,Very Very Poor,40.18382271152764,348.8611583336525,48.48475833055997,259.80191246489915,0,False,False,False,False,False,True,False,False,False,False
