bulk_density,d50,shape,flowability,conical_half_angle,conical_outlet_dim,plane_half_angle,plane_outlet_dim
1296.6567281859263,121.39412896140492,Semirounded,Poor,26.267514060799936,153.80431917247566,38.37247298583725,99.27718748719424
118.0,45.389798098039044,Oval,Fair,46.88950563325802,349.25027651839116,60.04536447244084,213.31849598066054
1162.0412934084288,63.945203921732954,angular,Fair,22.509689149665714,164.36406664062937,36.76966998791243,114.91993540043543
1031.9963018026208,176.54141842299273,Cuboid,Very Very Poor,30.217429733928427,415.769149034827,40.42501373575425,251.41311429882435
118.0,168.78182485859372,Oval,Excellent,55.0,40.0,65.0,40.0
1315.1973238051564,19.729440966493552,Cystalline,Passable,34.4645307565718,59.86509540088964,40.42045985696996,53.92790154444541
291.0900586766716,203.9980588099921,angular,Excellent,47.16278807379353,129.62909935452774,50.9973850422842,78.16231366720068
1013.6061095370866,46.383155413951,Cuboid,Very Very Poor,19.462181050239586,436.9860015523323,27.96370824569,309.9434851916176
1674.8237522195247,184.1857589514963,angular,Poor,30.555947432249123,40.0,36.60299604049469,40.0
531.071760297059,106.41757466171224,Irregular ,Very Poor,36.925116701674725,547.4706896717105,47.23090535982505,393.74713136255923
1087.269317920584,81.99732622218973,spherical,Excellent,21.58245742009206,40.0,34.19972779981402,40.0
354.11916447036316,214.12622107053335,Cystalline,Poor,55.0,223.5842707813095,63.87403193357879,191.17759064087693
393.5381589757908,109.64381187136881,Oval,Very Poor,50.88899219721561,484.2493958058978,50.576548606596525,281.6068544867522
722.6014343913754,98.60405704683488,Cystalline,Very Very Poor,40.80090520917547,375.79624476402336,49.76735434636177,237.17999878287736
659.4367705483807,42.74957453971689,spherical,Very Very Poor,29.2235205325959,620.6457355128537,32.762342070051915,462.13014964319785
524.5053171534931,78.77732801153141,Semirounded,Very Poor,31.493695548034434,566.1892541280455,39.354199273507845,385.7189902852946
481.88379270989105,202.2794363380042,Elomgated,Passable,37.828988185844345,293.56026875149877,44.45661866218375,226.32379810424538
1515.3691529017515,80.70314949349562,Semirounded,Fair,28.598225005185025,103.72036982613378,31.498225365764768,60.88815701285514
972.0125886218723,52.93941159745373,lens shaped,Very Very Poor,39.1693033719296,359.861314074574,45.96460922721979,263.72357346925673
1233.4142534142743,71.96414229483872,spherical,Excellent,27.349260928050363,40.0,36.52167524585628,40.0
319.8951030315119,96.22390327578621,Elomgated,Fair,34.661513925806,379.5139584049352,43.9641781126809,228.0082168844209
918.9772516721466,28.25185219818856,Cuboid,Poor,23.32409975457788,228.97266344500775,32.89733648313199,166.37733583646968
1045.574118374675,27.469813164742348,spherical,Passable,20.431930995249697,213.27775607263263,25.769569440656326,143.5534655114023
197.38489118803204,156.3535669689154,Elomgated,Fair,51.71050850973539,313.87399404739466,58.424180366382764,222.66768949153874
672.4274013890649,161.50760883612494,Irregular ,Passable,32.2381513223483,261.0062080879402,40.86185948368241,178.17752202742992
1035.7642736902908,17.902036676812518,angular,Very Poor,23.051682198239224,479.8942965679918,28.45250686118902,281.11346018009465
1778.1482318916715,249.64999558737009,Semirounded,Passable,32.07564822065933,40.0,35.64386864638373,40.0
1117.6755505227327,106.84578285354047,Irregular ,Fair,27.233079561679123,144.67202974989846,31.494525171261504,128.25035185167147
926.4336503875196,264.4498765288953,lens shaped,Fair,48.15693370408643,144.3194644747925,51.115874029748475,101.51794565828651
235.11788207603297,50.797518358404474,spherical,Fair,32.71234239688509,487.4586896287129,40.89699271482872,289.99807264625105
960.4614243057962,50.917365081934214,Cystalline,Very Very Poor,39.05569884031389,382.217272392956,46.77933812915417,250.90699251186706
1134.920162127833,39.96380206604341,Elomgated,Very Poor,21.61269786527837,395.5502908523784,27.179992925253423,257.46391541305974
118.0,18.20535559522633,Elomgated,Passable,33.97326903720544,480.6694403974493,43.8017832714928,361.318350695241
472.33269994217915,44.66266993748919,Semirounded,Passable,22.08106470499373,279.63543988213155,31.87065643766748,191.61290520080894
402.351866782575,68.56183765721993,Semirounded,Passable,32.670602980598375,345.6669924906362,37.380162393867366,270.070531745755
834.1487355914943,174.87936245574986,spherical,Very Poor,28.17697473517429,401.2838947032445,35.80866950146743,279.21198128660933
1270.5262036879021,33.174841365647744,spherical,Excellent,26.149540112461473,40.0,35.20371943300841,40.0
874.6359644643248,93.43919177301568,Elomgated,Excellent,25.328867297159842,40.0,34.35393049335172,40.0
1091.978231785528,51.117634377670704,angular,Very Poor,25.820899520381023,352.9534503467351,35.17759397695067,263.3022669287861
1325.6401145514947,47.64617938863048,Irregular and angular,Poor,27.458658513231384,131.5257785881712,32.97024109107038,111.24490551183816
989.4519645724399,105.3097063196798,Oval,Poor,42.04319050709091,157.14784611805783,47.22640418161107,93.93259902364355
1473.5455070799374,70.87258467290029,spherical,Poor,28.70512612045291,109.98796296886573,38.1526263956595,104.30002683210236
1330.7364227391236,76.96159876064218,Elomgated,Poor,24.300937754604654,122.4091502143613,28.142146219835315,104.33710597918574
612.1452416820918,297.5654407465528,Elomgated,Excellent,37.114746288134434,92.44117361669575,47.78236103158488,40.82271908206272
768.4031345746515,266.2503852478761,lens shaped,Very Poor,39.3436427321777,356.1826038656915,46.285439849511924,229.3833090053466
639.4541499969592,62.59973118521739,Irregular ,Excellent,26.303717758142852,128.25787692452064,37.511309214744124,101.05088967485554
805.9408849167918,99.35855910628757,Elomgated,Fair,35.75763186793055,299.0342200890694,42.019873920271046,219.61983852293227
691.4408740562965,360.0221430765266,Elomgated,Fair,41.638561883087505,205.3295548267775,46.72967399439081,161.16056367479766
1018.1951258255935,434.74242115625077,Cuboid,Poor,38.184054447271244,154.72194853321702,47.30019120646568,115.10462061937491
1302.5492411167668,34.94590613797403,Oval,Poor,38.357252419883416,92.92776513048828,43.06901845574258,51.50928295499446
1353.7534382208842,334.0451972563947,Irregular ,Passable,40.16230837104081,97.20937952031741,44.32523588387008,64.9467386328494
978.0318736062345,29.101373023169575,Cuboid,Excellent,26.956853271548912,53.35284565139247,37.26395692201449,46.72562864333255
1255.4739529829253,56.15800067570788,Elomgated,Very Very Poor,29.115845110295744,401.13602150436776,37.608240109176144,289.83580602573835
118.0,66.66501364910718,Cystalline,Very Poor,55.0,490.89928437863887,62.37259608659904,343.79653906950165
884.3349641526451,67.19156331996031,Irregular ,Fair,27.334628436384122,264.35192879967866,33.50421928787037,179.06944611378188
321.7824001669053,135.5293363956115,Irregular ,Excellent,44.1652650272834,139.6837359635802,53.665259049132494,86.09072100995829
416.0409443778361,116.48007651750353,angular,Passable,33.601087600931905,348.82271768658876,38.172455355448555,273.4700904015342
1167.6575067977626,87.44930290029819,Cystalline,Excellent,36.57366304617273,40.0,51.04388743191412,40.0
223.8195885454487,91.5531700708247,angular,Poor,37.07432984637717,390.17376640111297,44.532498637508546,264.83206730016275
529.8892070951115,23.433769787774768,spherical,Very Very Poor,26.396577044623502,542.7893303499925,27.639037732547546,336.4179208058845
626.3059091915801,38.52873446563809,Irregular ,Passable,29.628840159088707,326.04728942044983,35.21948146791332,236.49509577564265
1172.373463233745,96.75076549455757,spherical,Passable,19.587354919424136,131.84270344128197,28.609283522838954,101.27557331613687
510.4482692922674,102.59743300991546,Irregular ,Excellent,28.061883294392118,72.72775079109498,39.55575448810893,40.0
1888.416202135635,291.6784607281592,Irregular ,Excellent,31.62708499588479,40.0,36.97345488386238,40.0
763.700958195136,179.26166050240514,Oval,Fair,41.90191837885975,187.16292729786096,53.56691378475612,122.01338428968033
760.9115704997104,103.16899615000978,angular,Very Very Poor,27.325075628610698,408.5199559332802,37.11304990937254,262.08672038119414
987.2383450227568,53.82593659504789,Oval,Fair,34.617166361393444,137.90724098020803,42.25858581269549,96.22711572944478
585.5084907534326,164.2690271148034,angular,Very Very Poor,34.23725774248893,562.6750280726552,42.848272253602325,417.2166028488494
1767.7847770110975,267.0702142719764,angular,Very Very Poor,29.26231927338332,142.1809080064371,38.61603529675098,93.8886399494677
118.0,22.13839163955995,angular,Poor,26.617284504113645,419.33690789900425,41.13144426657499,280.30214005631944
1439.510071365476,98.60073437167401,Elomgated,Very Poor,28.9392869881188,236.79992697109194,34.82398595957268,198.85110488289408
1159.3420618159605,22.509601975785564,Oval,Very Poor,36.53447458859749,287.8041370414006,46.250343996159046,252.33606291180362
883.334452201999,18.885366173984853,spherical,Excellent,18.052119380636235,40.0,28.753798601660915,40.0
705.9535642237153,124.06259908607944,Elomgated,Fair,34.60793682711074,258.370090425711,40.88369362876839,168.7880926756625
353.3933983323716,110.59710479891072,spherical,Passable,35.40814919460326,423.1221294746316,42.475581201976965,346.56555432547304
445.44120132927327,21.687778086194175,Cuboid,Passable,35.3288046967118,437.2242283055028,39.231578298764916,263.19951361901286
999.6107274141827,188.9559030738839,Irregular and angular,Very Very Poor,34.661123661745506,464.9053409213903,39.66687060051268,313.6587321590317
1050.7511654727093,41.24397151744005,Oval,Passable,40.69139940540973,165.62715558431975,52.33405309938912,144.1957478319218
1735.98348070397,109.20830448368666,angular,Very Poor,29.530660223437316,267.5568390541469,37.55795140158687,178.87435749710602
1003.5333232226973,61.875888761560624,spherical,Excellent,22.266922934313598,52.76771877111837,32.74241276091004,47.547767324063614
554.9164429305324,26.202780913515717,Irregular and angular,Very Poor,21.577073735642742,454.43146097772006,31.912677068222965,299.9561696816443
779.2086605432422,65.10626447123303,Cystalline,Fair,42.99954400254527,190.24167362124572,48.243414154945796,117.8189861467919
765.5856263223172,168.35793250175345,Oval,Excellent,47.04923248756316,40.0,51.79080704279738,40.0
1258.4900839853913,26.487396895740687,Irregular ,Very Poor,25.67768239689572,432.4382967079326,32.9822255828466,268.98892046290297
470.77421516450624,39.63643770004416,spherical,Passable,24.015534120546253,343.94505548756337,30.869308286317064,229.2888252825255
118.0,106.71001671990126,angular,Poor,43.7659127169982,261.9187502773946,51.39707058016607,215.7234871412894
1817.1886293567618,90.52904082533428,Oval,Very Poor,37.68571649708428,141.5175274963755,39.62533464973622,116.50837997021077
718.8422788251453,24.44540476425364,spherical,Very Poor,23.960651113987407,538.7297045536263,30.358225946452688,417.85525025399585
411.434952333242,532.8859641938479,lens shaped,Very Poor,55.0,376.84046402241376,65.0,229.43005833994675
858.9566756806651,29.5929428378913,Irregular and angular,Poor,28.134280282444763,258.3499285526408,33.22488335763376,164.7550674370435
587.7658714570706,89.13756825048547,lens shaped,Passable,41.5944070829397,234.8514457631832,50.929029235050514,186.9866289293996
1145.0213585158272,260.7931066811928,Elomgated,Poor,33.84933511050795,182.76581050482983,42.549736584447004,105.83727809640087
627.5888626103385,52.3456336494532,Irregular and angular,Very Very Poor,32.01602667528829,603.1673240809043,37.656824856151516,482.1835340384987
836.9787294273024,365.76869853242505,Cystalline,Poor,48.710575620793726,140.06555500666715,56.48420280098595,79.99834621530387
118.0,174.21473140334294,Cuboid,Passable,55.0,218.707611921346,65.0,152.11566822253064
1143.5226783999342,10.779783725912687,Oval,Poor,44.11281255893337,116.78346894854002,51.18278041324494,110.64212561743132
135.9228623870897,43.23275593235602,Cystalline,Poor,47.4357999593537,337.1189513484416,52.01412213709088,245.83083585562179
266.7426072724781,66.44185927463192,Irregular and angular,Fair,39.492410627878,434.55475977468853,45.58291859513082,334.6620287382114
1072.3332539758512,77.72372982766552,Cuboid,Passable,32.0799507009601,227.25090063138407,39.131878981264244,178.2452933884573
1094.0220679429915,35.31917099987613,spherical,Fair,21.76577572419842,185.34425023828206,29.16387291654056,126.1542556936034
483.0168182053935,61.72916722676771,Oval,Poor,40.44622065759298,272.1840403751053,47.389619532036846,202.84314475126988
809.694579373719,197.75780993437044,Oval,Excellent,37.324558217515666,40.0,43.80433514515105,40.0
307.7772600517743,40.16687555607517,Irregular and angular,Very Poor,32.9473993323106,625.9044915222682,34.58407880656327,422.47847094231764
400.758067872286,72.81806409839903,Irregular ,Excellent,32.29287525907005,159.8852380222491,37.43864922774214,105.74702666745792
983.975100190979,135.82488674618838,lens shaped,Very Very Poor,41.28448921715748,397.19551815077267,52.389039490696376,219.67497638986495
220.06666214050426,48.33449092283248,spherical,Fair,24.064102701053113,419.67850746369413,32.423250913110806,316.0489172177417
236.2769857279468,91.31725900233506,Elomgated,Excellent,33.36367782193323,112.10041696808021,36.61830775855304,69.09821487773453
485.7725169954683,162.9343949540855,Irregular ,Poor,34.52553726686559,293.9649036996805,39.947878381923076,241.55609307074212
1158.5271744607212,186.15021519132532,Elomgated,Very Poor,31.139114529209046,399.91353939512237,40.94065443800724,257.52179191983953
778.0731231289113,124.08520801510768,Elomgated,Excellent,22.94371324333793,40.60876523860073,33.04587369580929,40.0
1416.799469152687,268.57805335420846,Irregular ,Poor,38.24999931122037,124.57416426879249,48.158372638259976,63.73975313755216
1204.176344134111,89.99343866177291,Cystalline,Poor,34.11454194298997,88.22997528878247,43.94178756459501,46.966594719101344
1322.9266179482997,113.43114659804081,Irregular and angular,Poor,33.078988588334525,153.06219922051363,40.42842867253374,114.15379595324711
750.9957495081101,26.232623961694674,Irregular and angular,Very Poor,23.947358212744827,470.881569127232,28.704033611942297,291.93452082074884
367.3609945827035,86.08946036566789,Cystalline,Passable,45.928058671639015,267.3609619896546,51.44227948352047,188.23244999673943
216.23008553288207,26.235647137800996,Irregular ,Very Poor,27.277296803335485,588.3663653975806,34.023105598153116,429.4884753379043
1017.3583752933155,161.8666992887563,Irregular ,Very Poor,27.907353612947155,466.07241667041455,39.26237968846705,325.2780652074107
118.0,312.0444588019575,lens shaped,Fair,55.0,40.0,65.0,40.0
908.4823160873808,48.85216396173497,spherical,Poor,21.593417828221128,231.81524387978428,29.347608884432383,145.8261037644683
904.9034571183181,50.771489865164206,Oval,Very Poor,37.484910411418554,350.74233547028535,42.83097036690542,271.39259898832876
755.5655080200933,87.35871556827449,Irregular ,Fair,30.500059341849628,279.6813090523905,37.35514630474701,172.02372783762627
183.45459762200085,22.976204039381187,Elomgated,Passable,28.766537740799205,418.50081362118095,34.55417510743099,311.93748908582194
701.5888927797012,118.5712869372787,Irregular and angular,Very Poor,28.747996076953225,545.2544037370652,41.20187646721002,345.86293632227773
849.2816702452121,86.94388544710174,Semirounded,Very Poor,25.719813169090767,441.1772636439352,33.40295575212323,349.80490339365895
1582.662735042014,71.58367970992244,Irregular ,Passable,19.59281638973265,62.31661499644121,31.829354887320488,42.32955890134637
118.0,53.66604205939893,Oval,Poor,47.75818042078236,332.2296307027585,56.65747589123436,230.64973099232088
292.0831683302694,84.4007686870195,Irregular ,Poor,37.49531620758364,371.0224213459408,42.36966087077825,236.48600468042497
949.8232129842837,227.9168417422692,Cuboid,Fair,34.97013369213292,250.32285536760767,47.294854102365825,153.66681488153296
612.9822995885245,79.50238873288116,Irregular and angular,Very Very Poor,34.146058080046,606.3822723808163,42.910408717407726,389.84259945751865
118.0,47.6060933913444,Irregular and angular,Very Poor,41.57478246127257,574.7597486397103,47.30227354727737,400.9131406665245
1361.8952223610888,45.87061293205891,Cystalline,Passable,45.618581862787735,89.64151544113008,54.132760034225434,57.4920255070714
1310.8786927112887,167.67397705322784,Elomgated,Passable,29.540825665274497,160.3476375659887,42.45037644308465,123.92322901006418
374.3333396315573,116.79511904851324,spherical,Excellent,35.76374017427847,192.35932835023542,43.8733065140166,159.83960510999043
948.6006552297133,383.7277108147685,Elomgated,Excellent,40.731123683674774,40.0,47.81215609976719,40.0
719.4859309608302,34.08228892551804,spherical,Passable,25.27236402180587,281.96876968544973,27.64098379869404,208.99029324517454
631.7632732369522,38.17522433577093,Cystalline,Passable,35.53750453420406,220.31196552806347,42.20169217972232,164.6252518983423
118.0,80.90202322035523,spherical,Fair,41.446315287328886,379.4851693321986,49.085792554172215,281.5635018457493
773.4885097987985,55.198242323652394,Cystalline,Excellent,33.23305689964855,40.0,42.85116025097942,40.0
463.94406663011165,67.38842007037383,Oval,Poor,42.92217579520495,255.2478055592952,48.5435397707484,197.79584271447794
274.3901669145261,72.91691739113574,Semirounded,Very Poor,32.053423439531166,551.0555580636513,41.952828072577866,420.18528429293696
851.4974707943701,150.76716118490725,Semirounded,Passable,38.53483113362257,290.1867277386622,40.179221820761555,204.66947555191607
918.4186378535865,77.93524016392692,Elomgated,Very Poor,29.13177802689325,389.3317314780937,34.228281183891184,310.73649552373115
1225.84054938656,91.07903981595635,Semirounded,Fair,29.621030035055764,155.61508169696742,36.24714642931019,113.7199854859792
776.4915935307113,80.49670809046812,Elomgated,Very Poor,29.557116341141096,466.93447765284344,35.69801806755298,321.1835605748747
1078.1000932101915,67.31443046901857,Cystalline,Very Very Poor,39.23159132098772,296.6862922871766,51.191852705899684,174.58341663092526
1501.2658000253828,28.20542003483193,Cuboid,Excellent,23.315469253926132,40.0,35.51404639257246,40.0
118.0,15.990942102437753,spherical,Poor,25.8110424212572,412.6618223761856,32.642620676826816,307.6004318576073
1888.4018535099337,54.080423984065376,Irregular and angular,Very Very Poor,23.539263845480964,275.889022808692,32.084835337573324,168.53077946535294
867.2792285343671,76.24233669036474,Cuboid,Passable,28.762297854939483,231.1034755762363,33.92987656173258,187.01568229540948
869.5962772546839,57.451357966959826,Elomgated,Fair,20.9281660781203,212.31500444206682,32.973107650210586,170.76559727706146
1502.9289838375244,70.82083640652819,lens shaped,Excellent,39.449231076234526,40.0,46.632607705844315,40.0
118.0,81.18766873642396,Irregular ,Very Very Poor,49.09717533899116,560.1284319084651,49.85257188355432,357.73344755414627
360.00202586846984,56.83397431668543,Irregular ,Excellent,27.738845045859936,153.22818613017918,35.392383630058355,110.96812922598626
1244.5753088506942,200.83417666174776,Cystalline,Poor,39.42100646589557,93.70223818998151,52.358539743126705,54.04035390423937
484.2079320714783,248.11846894731983,spherical,Fair,38.70383427117317,307.9837432668197,45.74644411480437,204.4479218146449
1165.200815961738,82.13454098025197,Irregular ,Passable,29.64586007017341,131.2615956746673,26.775394596933346,105.28051709665067
1351.054716082248,235.39654393074792,Irregular and angular,Very Poor,32.867205282674746,327.0020427402012,39.968480697950454,241.0284370239434
118.0,11.639442374784556,lens shaped,Poor,35.72776628428187,331.904827429431,40.98174556590726,228.69095999534497
1535.1294323173306,132.6767111857173,Cystalline,Poor,35.18070117274921,40.0,41.47133774593389,40.0
1296.5738631072259,49.76357630204949,Irregular and angular,Very Very Poor,26.011772917603217,319.8971353412018,34.81003150355144,196.94021872215836
427.1647940563866,41.70244694790024,Cuboid,Very Very Poor,32.167436194368506,635.4079158057737,40.41605682013836,399.0199478533458
867.4193057606971,56.72789054601699,Irregular and angular,Fair,25.75155235883193,231.73686987075138,35.58880139216824,160.97897807269243
411.84659982118745,112.6685357716754,Cystalline,Passable,43.71283637057342,291.22618477868673,55.34367808904204,237.6692052250547
258.92755311833497,110.60264116983933,lens shaped,Very Poor,51.43175923049477,473.1491168912753,56.065675126308356,318.6597055330448
1388.8749427176947,92.39813613619691,Irregular and angular,Excellent,26.779956600953202,40.0,29.598611680090944,40.0
1477.1100575486068,48.4517280336327,angular,Very Very Poor,20.85070048664405,234.93295666330692,31.911824007817387,163.70502472346192
854.2104971054728,77.00984298208793,spherical,Very Poor,22.90041604033213,446.72853839036094,26.093464779217445,323.63925850529824
489.6442290397799,134.65920578020643,angular,Excellent,38.46677612503161,175.64061023543923,45.238665497688665,123.92717269125018
914.2370244208106,112.06079797786731,Irregular and angular,Poor,37.166241660884936,242.38450161811323,41.28001002623911,192.4036019042338
190.71832216960047,75.62229893496999,Oval,Excellent,45.16796102499821,83.13414169380268,49.64258711568727,54.19769448237162
1408.5253057954778,61.85093544523717,Oval,Fair,33.80471836635431,55.16671509723089,47.27702408261163,40.0
1264.3683209586732,141.7595960978597,Irregular and angular,Poor,35.45990470170586,175.30457541464443,40.659057816132794,132.51202255086088
521.3419966182141,108.9813914333461,Irregular ,Very Very Poor,33.77053972189068,608.0778416126234,45.03294186230639,377.3538989160662
1139.7988356658236,60.121986246834595,Cystalline,Very Very Poor,41.284684806322694,306.085650478021,46.23040835003816,244.03381647644375
663.1644717483501,437.4388989642918,spherical,Poor,46.901750032214665,278.2519119680445,56.39056072628598,160.5490364919838
658.5915885566536,141.16604275643124,Cystalline,Fair,48.10388279809567,279.98573923769595,57.14817718129959,189.47245099231233
118.0,92.72477373816345,Irregular ,Poor,51.13532303059117,340.80410254686456,55.56526329072479,226.42754119666748
1515.734232610594,56.25370581301723,Semirounded,Passable,25.371749180360787,76.88942364558122,34.51749518161091,58.63005811768617
281.1074662199854,36.53744348412144,Cystalline,Poor,40.92363033315278,315.13047640041395,49.959518838374606,248.54602707548784
422.0325880722919,495.8037554853388,lens shaped,Very Very Poor,55.0,351.29081594230314,65.0,226.90743346491772
422.72332954974297,69.10326337932798,angular,Fair,33.67435688680932,402.3929150905922,40.48679882383107,278.98287181483454
118.0,21.496308819519626,lens shaped,Very Poor,52.75325044540195,753.1012451444257,55.575304114718236,615.9503864018413
1139.8708121254567,64.58022540199457,Cuboid,Excellent,31.989554915917545,40.0,33.25242048865285,40.0
685.5375837645684,27.262759513005083,Elomgated,Passable,29.09783090097817,295.38526231264655,35.70323130032317,170.96545709629112
580.6149632544519,111.01667512792908,lens shaped,Excellent,37.5866243006554,40.0,47.35918819025427,40.0
250.1304101956556,101.53347556595821,Oval,Very Poor,51.71953350870989,568.4293343288666,55.58550891940752,366.51406449294774
118.0,74.53118616592886,Oval,Poor,51.61147129021048,295.37434496477283,62.37041672016144,219.40798609828175
828.3931730966385,165.27105542541253,Irregular ,Passable,28.22248663263163,231.8857260706416,38.84562968178669,153.91218111449837
684.1063583718793,102.67441728258085,lens shaped,Very Poor,40.864251951275754,462.7606019374808,51.62808208359617,365.3995638696786
446.24908044956595,184.02737138876697,lens shaped,Passable,49.407167954748566,242.89016951771453,58.64943565642236,174.46766166418467
314.74208319804336,80.2714663530121,lens shaped,Poor,43.26184925554363,296.15679286125874,53.722275467376626,218.62934462350157
118.0,61.57778482158612,Cystalline,Very Very Poor,55.0,701.541676976721,65.0,450.5055605549005
420.1579630107058,133.80480627846504,Irregular and angular,Very Very Poor,37.18077900861236,688.6496907667504,46.833127684973036,550.6387789196249
799.7956559709895,89.71957737018226,Elomgated,Passable,27.74950969773393,266.30874286747553,35.59416925233605,159.87650124728364
829.1613070572357,168.19410883394795,lens shaped,Very Very Poor,38.08476721757551,412.058438187005,46.33364149336676,263.5195274569501
600.5365692366165,151.97069391382385,Cystalline,Fair,52.08680463464983,255.78608992991542,61.8780743052903,156.2898674575867
118.0,140.98061034993498,spherical,Excellent,55.0,106.74071557735455,65.0,55.90870515568055
699.2091310125888,194.59938941455334,Irregular and angular,Poor,37.01109895155271,317.0659489383777,47.1123909038237,196.77107275911982
241.25789530371173,19.297954583341337,Semirounded,Very Very Poor,32.135629837964416,660.4392242922672,37.556155567924606,489.3358046078747
1087.9971059037507,61.77071731016237,Semirounded,Passable,29.873241336897117,197.46839633458137,35.82892827519711,144.03694697498847
161.45861622791926,266.9018188467269,Irregular ,Fair,55.0,149.93804073237592,65.0,104.68465556516047
1262.2471466465322,128.66727308979765,lens shaped,Very Very Poor,36.56054393454418,312.9937322600708,42.81350467483942,195.0155503772765
118.0,390.956480340815,Semirounded,Excellent,55.0,40.0,65.0,40.0
641.8104725704397,77.49138612480236,Irregular ,Passable,29.683311721207673,308.0599889427933,38.79737974710199,198.0276788167535
708.1445295758692,112.82048618828206,spherical,Poor,27.108679482568142,297.93090240447543,32.58182746263625,194.49322682103553
260.7460215339405,121.96848526433213,angular,Very Very Poor,37.00301358439293,636.89521114512,44.55660480692511,468.60930392403424
828.0914613201771,118.63455114188747,lens shaped,Very Poor,40.342623414418654,315.4593716843558,41.30785186575512,220.1975030001564
896.4160735376291,61.60510704794825,Semirounded,Passable,21.999698970928566,218.0142009964957,28.60266816157418,144.97048794187185
1104.5494172277695,108.73888059325657,spherical,Fair,23.59922142715168,201.2103546308976,27.94942623924595,134.28044433528748
1435.1465674950314,356.3514682650894,spherical,Excellent,30.82381258969684,40.0,33.78608350503302,40.0
370.92275138328404,49.46639640578708,angular,Passable,30.25767856025434,373.53476057924087,39.92229265849519,241.99130637193065
375.80649348812517,104.51624360763782,spherical,Very Poor,33.54938019284054,765.2194813431624,38.647513420297024,559.33744666212
1411.366678239143,168.3901615622085,Semirounded,Very Poor,31.96363177332047,284.57293848078,35.08937397772483,223.93920095490245
343.5250442657893,101.15389132967393,Elomgated,Very Very Poor,37.34739036344008,641.0098423040978,41.44196188441923,383.4301693591819
250.21556979739756,58.60268142371705,Semirounded,Fair,31.125116401927638,354.7603168082939,42.98810498143228,292.06160592050435
1246.230774729283,138.06129337846986,Irregular ,Excellent,29.55017513379473,40.0,38.330640502126634,40.0
536.3971379237366,117.1525999247119,Oval,Very Poor,40.866783455158156,444.69915640320863,54.236983188640714,351.1983788543338
1356.10183063251,203.02560119457598,spherical,Poor,22.584559937296195,102.43464708527542,27.776078394693442,81.29686669934877
543.2748169981276,31.783034995767807,angular,Very Poor,27.834553526784656,506.8233994586491,36.36381643671125,315.9675696088371
933.5887618287762,36.786018093207396,Cuboid,Fair,26.200154488138818,220.13952615299084,30.412225811096146,155.70429993676336
1421.971454995055,71.30430254284369,Cuboid,Passable,24.01359334715565,92.74427447118616,36.61591612369593,54.151386382243864
255.42637625070859,181.9353182900837,Semirounded,Excellent,48.338095638178025,144.52901036264808,55.80729470716925,88.04645002488921
893.7788859448077,200.0419939018553,spherical,Poor,29.717442732378018,239.69361634409012,33.80111114949932,142.95896180400683
208.7768995987467,78.82333637150599,angular,Passable,37.38738459669357,361.9082876040754,41.04475217158716,246.93691496266004
913.9455163672276,15.248869817367234,lens shaped,Passable,33.72550439659486,184.85198077068188,37.55204903651523,137.94868523404585
632.2029873384697,47.67810216679666,Cystalline,Excellent,37.97550496222061,59.00726911132898,46.642136262589254,42.308190078430215
501.6249509923824,220.295711774244,Oval,Very Very Poor,47.942213592245594,396.7716907345749,57.84126205700741,298.98545061356606
1329.7013155601285,127.05834266623525,Irregular ,Very Poor,32.35193958151068,323.3844257698852,39.79812011966506,269.97024054814204
118.0,89.29199936993,Elomgated,Fair,45.61156196332765,327.80595520898845,59.15546909610433,238.50295026615396
987.8769332106142,71.6198853885286,Oval,Poor,41.64227021127711,126.03879603998583,49.21516589129473,96.94559029977137
489.4276741267981,150.90441060031245,Elomgated,Fair,32.89468523596,324.4725027416427,37.72678944763501,195.1871771264898
1225.1159550299353,305.24180448701395,angular,Fair,29.605906767052986,118.00239369553535,33.99748989482098,83.4639122525764
444.8970369617531,50.89799596230972,spherical,Very Poor,27.400980776755475,580.5824239938545,36.34499706795591,417.4379871506504
591.9195836342143,52.773753440221505,Semirounded,Passable,34.26073840912375,373.6216487019685,44.30212003432737,284.49369111760154
1250.366336681268,284.5005721294158,Elomgated,Poor,33.21135438025008,132.96689804734277,37.26889485244458,77.44029757681888
1114.4328284157295,185.41347799032246,Cystalline,Fair,44.01969117481036,102.35614570425902,53.89502067842273,86.11502462601707
1042.8733586867586,192.64498069913355,spherical,Very Very Poor,27.44494092437716,435.358872304125,32.81445897437718,275.15954264426784
118.0,352.2008558221624,angular,Excellent,55.0,40.0,65.0,40.0
654.0815630613346,16.386477001950155,Cystalline,Poor,36.56751882455286,283.6928118619991,45.853193133267226,147.33854907521925
917.3520488386558,114.26505279573756,Oval,Very Very Poor,39.24782508653813,387.8444056241005,50.58326554152802,251.88069168457417
609.9221038053798,22.099085748362953,Irregular ,Very Poor,32.705994349750775,641.4431517711712,38.34855089618758,438.7309199831796
1421.4019674811893,110.85942487755287,Elomgated,Passable,32.027938922806165,146.8875869913675,38.369192623926985,72.95107913134663
918.2320916320883,45.19997122591728,Irregular and angular,Excellent,33.642498635396514,40.0,33.27162376138672,40.0
1251.5247934783742,31.776937690701693,Irregular ,Passable,26.830695080557945,171.94060247847068,32.57788801188266,120.04680814666797
800.5222311811549,80.80468552792387,spherical,Very Very Poor,21.460763203165186,426.9412477278666,31.07529403778323,272.2664607483044
453.26678489320926,29.87236088184315,Semirounded,Excellent,25.213806656328785,108.55985533511887,32.80844271780745,86.85272563675821
118.0,140.02334660109585,Oval,Very Poor,55.0,393.697492827556,65.0,260.13670562395856
633.0125009785723,98.39375578920666,Cuboid,Poor,28.582570130924253,291.97365975716315,40.4075355740332,226.5265372509073
172.15673729312243,16.101919329816855,Semirounded,Passable,26.71915404152372,422.86292750480163,35.59663933276039,251.63646485166225
981.3830661465324,27.825589560908963,Cystalline,Very Very Poor,41.640671497826666,344.8076421890336,43.261751951998875,245.15293402313242
548.732230423431,145.5566384471689,spherical,Very Very Poor,29.254442526986686,463.94262196840066,37.092962211496214,309.6182154931111
627.1003410325507,102.68754874143782,spherical,Very Very Poor,25.81138304791187,535.2343088141608,34.36811017698921,382.6849928271453
821.3981621011218,20.261184168983153,spherical,Passable,16.451569312786425,246.69068150924335,26.82995914831185,176.19471370729386
322.3133906380155,220.8364105968954,Cystalline,Passable,55.0,280.6917046166007,65.0,212.10058452312916
637.6858094534213,91.56207148890634,Irregular and angular,Poor,32.70011756440591,343.4868238681524,39.38976779891533,284.3947369966079
316.582788086877,99.50740590158027,Cuboid,Very Very Poor,37.19280026397316,497.7058847620154,45.59230193526072,361.7243679678521
501.9492451835741,94.36591760928141,lens shaped,Very Poor,45.35059569866484,496.50937012831093,52.6757312202777,349.5852627473495
782.4436894514848,62.97480700244466,Semirounded,Very Very Poor,31.68016443283931,530.9004827347546,35.85090040525542,349.9780406859373
1389.5199442239204,65.83845756899365,Cuboid,Passable,33.29649806798872,151.62570790337375,39.015858264585,111.88369560454106
677.1219265883706,88.19436767930281,Oval,Fair,47.16762368425482,281.3224089802452,55.01567439755424,162.17766012556973
250.99957722015392,34.757200002336496,Cuboid,Very Very Poor,24.75131421430907,587.7423919819283,33.94409550149284,384.67265050725973
865.6937888698629,74.42370974502464,Oval,Passable,37.132517772853795,196.71333770241844,49.15727323841783,106.40687598829132
685.8505066118614,27.551949066345188,Irregular ,Fair,23.871448277506452,298.0633239893141,32.5370437380195,214.0196269110686
118.0,172.48053589748116,Irregular ,Poor,55.0,226.60946560937748,65.0,129.20357026008278
506.33158916406524,64.98572585761713,Elomgated,Very Very Poor,36.05930472828992,729.8519427465942,43.09994697489115,556.7003978914565
1219.5669599605642,20.156787323280817,Semirounded,Excellent,19.998376877311006,40.0,34.63255683153945,40.0
832.7797159115836,263.4665854108521,Cystalline,Poor,44.6964436280804,165.0569794839843,55.210372605968814,95.59540974744401
296.0709152465497,21.232644027112944,Irregular and angular,Fair,27.992863609381164,369.5983579950257,33.29553756731659,275.2478782028841
1008.0866196513825,65.78302723723641,Elomgated,Passable,32.9523359334445,257.2198843596958,39.71856809927456,180.81496500102932
881.6069887405193,83.33477784877667,Oval,Poor,36.723642968115946,148.10868559087345,38.394855420428,112.41113382681895
1593.6411092278117,80.5996823704691,angular,Fair,30.780828213302012,51.871199207162604,32.620602860402755,52.54298219819171
600.4258046094862,98.4622701492095,Cuboid,Very Very Poor,30.033492573764423,454.14807567100297,40.424922202121216,339.480906664828
641.9521249593204,40.1532836624075,lens shaped,Fair,30.05885206157142,219.55028607784433,42.67154380717395,126.2211257544719
501.6814139200151,88.75849973632504,Irregular and angular,Passable,34.497686505123966,327.09620430041014,36.378390689164576,225.29996377592522
662.6966304996375,67.09554866861471,Semirounded,Very Very Poor,26.40405727478865,513.1625599434892,32.27862854163133,408.9412612181083
118.0,138.1317382193175,Irregular ,Very Very Poor,55.0,642.7319748702281,65.0,478.49265103833943
1125.8825147738605,153.73489311723867,Irregular ,Very Poor,32.47641244093687,448.6613433050697,37.12058418928542,342.796124774291
1365.5603474114828,68.5242578215243,Irregular ,Very Very Poor,23.596754089186845,296.69000243753186,35.97336774644135,193.97786477969947
247.30534643819146,178.99992992937985,spherical,Very Very Poor,45.548798751598156,620.7418043009685,50.94504904305187,438.58830289763023
842.863677189452,398.992192363569,Cuboid,Passable,31.32627441940399,165.14312126455008,40.974092581085124,131.61655788838993
503.43202002478415,78.07349653115648,lens shaped,Passable,41.918520118533245,262.3467256557738,51.33963021419287,169.86076812036993
1430.049256383334,600.0,Cuboid,Very Very Poor,35.617353323935106,245.20934142159007,46.121577940318,154.4183845431879
679.3592980569142,61.379582707009426,angular,Fair,26.703642532053806,274.76187042372146,35.071148835510925,174.93014251213967
1288.610382160627,33.22211516112257,Cuboid,Fair,30.07814849455162,156.6847549171499,34.33033085937498,107.49737440577374
572.4375282151302,50.23163702900577,angular,Poor,27.720892841628185,324.107771300357,33.97521368163633,226.80053025876526
890.682840360824,91.25752849904863,spherical,Very Poor,26.39323207625575,493.46532997999174,31.103444793472615,310.4359128735986
1070.9382301098794,69.7568067197,spherical,Fair,24.428962126732312,282.0837877690961,33.18569393554306,229.29692786447922
702.4484166259506,94.46762409298204,Irregular and angular,Poor,28.166722739518722,282.7413777528446,38.07779443434447,190.0336610385798
693.8161831370616,53.98041352332268,angular,Excellent,23.99589965152913,115.09114299317031,36.38975338795651,96.42072170026172
787.3934452671508,227.77627843192516,spherical,Excellent,27.492835963479358,71.22193846541509,34.08334694985971,41.720408419884706
1381.8370538783304,178.8232220193168,spherical,Very Very Poor,28.34405398422632,315.2666897808108,35.83803596213258,203.85255710610068
570.5702880641454,137.00513486583787,lens shaped,Very Very Poor,35.50415397074499,451.35019625554503,48.31117477383928,301.5353070351421
459.4423469058085,90.1138901803087,Semirounded,Fair,27.392033366560273,297.9358169597824,35.637200686394,196.1252988218882
1937.5913504136845,140.75866002261085,angular,Passable,30.313582641069132,40.0,36.234362923330664,40.0
597.555103870591,388.60644193103036,spherical,Poor,47.60623762913389,292.0926673693314,53.87140049665616,211.82299553600663
428.531937532804,39.039919565152935,Oval,Very Poor,34.044803466366815,384.7923285773833,39.9552345496904,244.1612227049368
703.3476053566816,28.196794144574408,Elomgated,Fair,27.431756742479035,301.32731508228017,33.49810981165267,227.1913880269238
988.4848579155014,77.22917935358949,Elomgated,Fair,24.462759689337076,178.73710785890498,34.24968006225665,116.93182297474358
508.8435064250376,220.37589556825358,Oval,Excellent,55.0,40.0,64.51242344527859,40.0
696.2424863613683,337.67247788241684,Cystalline,Passable,55.0,188.4467634561933,60.15102623987989,120.19846136899535
993.438044204461,134.43928474395545,Irregular ,Passable,30.53109614295582,192.01461898304,38.464800587369226,138.97780276712638
465.81775543230054,47.70519434935566,Irregular ,Passable,21.331052900350684,299.416443883891,30.537874932057143,179.67247876590554
465.04160202097773,234.0091177564713,Elomgated,Passable,32.72128123203608,253.29850573544599,42.91065078474372,151.19756286038
562.642574346152,146.1027739167665,Oval,Very Poor,45.67043005122386,427.7407715484641,51.98575586640351,313.5767953767485
1363.702461318671,136.57684912591768,lens shaped,Very Poor,42.9246031357012,286.50651770910196,46.82362993148072,205.42615153838915
979.6858823003109,37.13778743335907,Oval,Fair,32.36357884406932,125.63403439427108,39.33551029701527,94.37318413542725
512.5248925365717,120.43702817449442,Oval,Passable,41.852881050283955,215.3253860438076,50.56560648145679,182.33996050573677
182.16177726686703,43.27545409524782,Oval,Very Poor,52.88316387683331,656.8931962180002,56.100594165678466,495.65752414260186
420.8074458067063,600.0,Irregular ,Passable,55.0,190.5690954313285,65.0,116.83059464138418
436.238710967621,16.756408121589047,Cuboid,Fair,22.852667345647273,309.2715369951514,26.00793191723781,246.7007963267522
748.9304587404738,252.71081562145153,Elomgated,Very Poor,35.50217405425688,396.80778474909044,45.14583655104078,314.11044334339516
1615.3218618371395,189.17529023521757,Cuboid,Excellent,30.45247304806233,40.0,36.543064732967366,40.0
927.2353952305373,600.0,Oval,Fair,49.25446076657511,55.08335964231887,53.81412434349266,64.41632678570453
956.0549760899308,28.057325193084345,Oval,Very Very Poor,32.81249476279675,335.1533913032753,39.086106566588256,231.66292317112544
617.2250994074946,61.99846113979932,spherical,Poor,25.127835080451487,326.47055835314575,34.67229722332774,222.64631760868485
886.2012820511721,60.62251097265615,Oval,Passable,32.6463154310236,161.83649747999831,42.23336276968265,133.14756745880533
1017.1075284415064,38.97908666510463,Irregular ,Very Very Poor,25.994448537300208,506.37054955555993,35.93002270523967,284.84678453913807
1174.5894309813827,173.96746034722526,Cystalline,Excellent,36.59614605110555,40.0,43.375617595538664,40.0
1136.1188874550146,34.72183163816659,angular,Excellent,21.966716853628498,40.0,33.67193834927647,40.0
161.27209382212038,40.002673075539654,Oval,Fair,45.13335088958218,376.20532974547234,51.41415817747594,227.86119097754758
506.81472656669257,18.996745406214654,Cuboid,Poor,26.9967809799396,339.07159602811436,36.014582685913396,252.09554617726803
803.6406005024746,89.18642051053023,angular,Very Very Poor,32.062860047175825,516.1767674110504,39.95928046681158,363.81632420327634
365.3128149171758,98.63461254491624,angular,Very Poor,30.074772782729873,558.217109384921,40.434864636242374,371.3402167667358
118.0,38.86330131451557,Semirounded,Excellent,33.901224021994196,224.2312447167341,43.258414338510164,168.7009871717943
118.0,93.93963060230719,angular,Fair,42.06184365815741,290.18810928599197,49.516822074866504,227.17225276646062
528.5268672029517,62.07111627505424,Cuboid,Fair,31.563286761383264,393.4765103658142,41.71645596630833,268.6868697578871
349.76018094049255,274.9034175481008,Irregular ,Fair,47.62863933928633,281.5138718219505,57.4577974440794,150.84852809611354
856.544560093447,132.68099580293966,Irregular and angular,Fair,32.558925262740686,226.7165057532122,39.02612908359834,147.52089150686044
628.4710265420562,73.33457736432581,Oval,Fair,40.51577118264034,237.22578414715434,47.742557043227905,178.19664391879488
922.6107451479174,52.761042611095945,spherical,Passable,20.91303714695454,253.42984481079498,32.59225340862828,156.21385833101854
1359.815748892125,164.87704971019917,Elomgated,Very Very Poor,26.166883520620928,375.7654289913293,33.53197616040202,257.3378978804878
876.0610001270156,68.67558332275904,spherical,Very Poor,20.75882408746912,389.911130850558,29.864673413342665,231.55065569283465
633.5913290807965,78.39191674804582,Irregular and angular,Poor,24.959272536750714,258.9271804436764,31.059375587760524,219.34961980987902
825.5723607454811,175.4479970462363,lens shaped,Very Poor,43.157449214655834,424.9586721683111,51.6122454695118,242.67565217482877
704.5101370517662,30.963994072235142,spherical,Passable,20.059829225524542,300.2512671923094,30.729715172080056,186.348630800093
943.4740617780496,84.92571347324332,Cuboid,Very Very Poor,30.836027127909965,473.3921653540324,37.860345296800226,319.7084792443168
118.0,132.47105249568708,Semirounded,Fair,55.0,301.8883093170551,65.0,219.54212502878013
845.5265599233409,60.887114096590764,Irregular ,Very Very Poor,34.53138731654565,483.2919034579153,41.91489178894085,351.9824205122048
257.5253416123123,12.536131092738541,Cuboid,Passable,22.481422477268122,358.37139695191,31.043846156062358,224.53191163241465
1532.405329745197,136.1916367120227,Cystalline,Poor,34.347950912619645,40.0,43.600670533317455,40.0
461.6580623929251,194.655110415033,Oval,Poor,48.954153323167716,240.0023724466495,57.75330346138897,147.795777348201
439.9352363809207,133.9421512005796,spherical,Excellent,33.26976113099934,155.00580355064415,37.043437348064636,102.92543218594338
1222.9840549500984,61.511926519484156,spherical,Poor,21.275101387212406,157.73692861667948,29.692992752004926,111.27481491969105
837.5692354555099,121.91722816791774,Cystalline,Excellent,36.850066543160516,40.0,44.610717168755556,40.0
1088.3749024634367,240.10978736321277,Irregular and angular,Excellent,36.25172093493215,40.0,38.170391830740236,40.0
409.199345689493,152.59162994661594,Oval,Poor,51.08512128906082,263.9193646715991,57.865169915325666,169.39769887474225
792.587261286775,41.049338827636056,angular,Very Poor,25.28878963906827,429.4677272217026,35.70958403037192,322.91432583356715
760.2755123716521,134.1148911105557,Irregular ,Very Poor,28.600405299274286,405.2199288695391,37.98006467446671,317.9943064729442
485.69971956543196,53.02205231378214,spherical,Very Very Poor,19.904096797304618,516.4837544928765,29.64301608580386,317.01628893139167
675.1950488325382,53.48678941433886,Irregular ,Passable,28.62268494309806,371.5059252546296,38.45360142273081,262.26124266192824
1406.7310219335388,184.5571353789463,spherical,Fair,28.186969054675412,99.1403537963419,34.06088909688853,82.86609629197682
486.06075432756796,94.36251770788026,lens shaped,Very Poor,48.32756953516727,663.5252876020529,55.35453060794816,485.121577502643
861.4787140643939,209.12974067539614,Semirounded,Poor,38.01677972051335,248.1843947950348,48.38758292855221,173.1249772921834
118.0,23.70432573381714,spherical,Poor,31.15937577541456,530.2889999884513,37.333071302876334,349.00665928711425
319.53829917516384,27.17864438157389,Cuboid,Poor,29.85377835465435,437.6458519120198,37.243083003305614,294.1789646890784
445.90483121745547,165.09523495781724,spherical,Poor,37.17689346187703,385.7373305567145,42.49664648487723,265.3009122117741
704.2537885486972,88.30295545120798,Elomgated,Excellent,29.580964174109393,43.22550708992471,38.95462860689926,41.58063115491085
396.51290059310304,25.65396349475125,Semirounded,Fair,23.4496886361475,344.05679174904566,30.532401770816072,211.52341900547336
575.9589860146601,32.40825358439463,Cuboid,Passable,26.534875918818535,322.77729986215627,33.29396430469477,220.55910472425262
278.2693411953811,117.73321444530873,spherical,Fair,37.16033382280429,394.27633504368356,41.1448533671627,278.9268088593022
704.2466544496892,62.49131863332451,lens shaped,Excellent,36.20837284715445,40.0,40.770168831335894,40.0
1187.5818195569457,92.53396613363907,Elomgated,Very Very Poor,31.93607464340712,426.3152595197148,37.274836158286995,287.48141264203747
575.8888298130908,110.53847007112547,Oval,Passable,43.21295662604069,239.74349933023692,49.86588962256889,168.42245911945827
922.5487963810317,54.077167637842436,Semirounded,Excellent,18.35157385197625,40.0,33.33348404222304,40.0
801.8523559888217,221.15959652541093,lens shaped,Poor,44.77886215130454,158.80662449911966,54.28624209788093,123.29617483746641
887.3130669221425,80.18396372062918,Elomgated,Very Very Poor,28.353157373510346,525.0122307284083,37.87113423053808,398.405753446216
1203.2217605830513,148.6887754608483,angular,Fair,29.052038858753452,149.1826460815325,37.95711753124851,122.90790071304411
603.2255856827109,86.60941480974282,Semirounded,Very Very Poor,30.53454052556348,469.9455175070923,37.25068570503884,350.60613201201437
774.3406660787267,153.59233214765652,Cuboid,Fair,29.4589014622298,252.68564638441447,38.29940363276105,186.88187727390243
575.8746654118156,145.55383636102238,Cystalline,Fair,45.396211803956184,218.53799973985676,51.65686911641448,175.62900795327212
1125.0481149809334,74.34826595637372,Cuboid,Poor,32.6395268333387,207.94126534461955,38.5605804482671,129.87424091499742
282.4604842419006,155.30423056755194,Cystalline,Passable,50.32794140816666,246.68749083993742,61.09434078678557,172.43179537094898
831.2090525353763,133.42102437204076,Cystalline,Passable,40.42459417675007,192.7865376951713,48.58789022504373,114.65237559480744
308.1133386820682,43.93775634435976,Oval,Excellent,47.946332290363436,95.71987682850323,56.290700315323875,64.72614035946958
1069.6146846868326,111.85724237519334,Elomgated,Very Very Poor,33.87121518098357,449.49858779109684,34.81966284859854,344.2416418944935
1161.3800670890312,49.35416199656617,Semirounded,Very Poor,26.06194712024068,406.81577638870147,38.50619290316844,287.7364213842619
1195.9103225366991,101.85773459761705,Oval,Excellent,40.49690149414825,40.0,47.009528105794324,40.0
1074.1088678659075,46.55447039953092,Irregular and angular,Passable,27.630370305389082,217.00859241399914,38.34388323248473,145.26232250546443
639.6252116248825,457.2367683085286,lens shaped,Very Poor,55.0,379.33947708312894,65.0,229.14027669023997
473.76712508619573,138.7272251371008,Cuboid,Passable,38.92599172786583,350.4048558931488,48.80115256350637,299.89013813926374
457.4193017294063,106.86328629399979,Semirounded,Fair,30.044061394012324,329.28836924627296,38.40122058150767,256.5671622784412
245.88470659451082,93.8917505178204,Cystalline,Fair,52.79974336896754,315.9335959260067,53.7083233913793,229.91030227328255
847.9337705272055,473.74685819697305,lens shaped,Passable,55.0,97.42897627586017,61.140857257041034,80.03366533039758
338.546778031848,226.9363545912148,Semirounded,Excellent,39.10194434913323,92.51208221558635,44.28117285493122,59.97583801609499
118.0,299.83613693294546,Cystalline,Very Very Poor,55.0,177.5213721117213,65.0,119.42214077891138
1203.2956283003705,84.75964078517656,Irregular and angular,Excellent,29.96606535970231,40.0,36.82884472820903,40.0
469.3081055104973,329.01158902254525,Irregular ,Poor,42.45173421193947,223.16207968758695,49.438435825418246,151.44168248516965
1076.0225550209461,69.50199410950071,Oval,Poor,34.93572798415441,132.83357653092128,46.076104897255036,93.89965391922716
665.2311594486418,64.14041599989868,Cuboid,Poor,21.856247893072094,285.57098455777617,33.90988678411984,180.06758673779007
1157.4154827562495,151.60063798736778,Irregular and angular,Very Very Poor,30.486641106469868,446.18034874374257,33.3325829271738,333.4409231951056
127.14774671442206,32.599701731074404,Cystalline,Very Very Poor,37.550654243096204,554.3161964397623,47.03485298327068,444.71957560195403
246.2847513887657,114.63861284124808,angular,Very Poor,37.64446779301848,450.0154300174626,42.15546661320545,311.06894200452564
365.627000388483,39.99269726596303,Cuboid,Very Poor,27.78833968713022,494.4092404396006,36.79841461667479,374.2156792265864
807.9727198737189,213.26560272874136,Irregular and angular,Passable,36.106781693267294,300.7233484185891,50.171855198441094,217.19979921353254
1344.6188373394914,187.26177347215534,Cystalline,Excellent,31.528139099457366,40.0,43.01932109926626,40.0
632.5401011953494,128.15362508986354,Cystalline,Fair,42.517656276782425,242.1980707667268,51.703086253243704,134.29146534859225
911.35839991333,54.76891145886675,Cystalline,Passable,48.59083327155949,191.88570370943717,51.815357044150005,143.4012826985286
555.3504278319666,44.93123687830881,Elomgated,Passable,24.840918349816768,317.89947425865876,34.983165480682494,160.5367493198466
992.0100261721686,84.37384897134163,Oval,Very Very Poor,39.60370228212977,439.2724427792771,46.752641715609435,298.7112322382116
238.54298581191983,17.575121502378387,Cuboid,Passable,22.937313471736374,347.20179281624786,34.2190583957184,281.6696422143464
893.398661731949,165.66895818373192,Cystalline,Very Very Poor,37.58416415934051,258.0916564604317,44.87765637599154,192.19741923564203
522.1263748042985,50.855835310376364,spherical,Very Very Poor,26.203661697454546,519.1943507490919,31.071086702052003,423.2756807743829
118.0,27.21925586991558,lens shaped,Passable,50.424346959634065,413.80853636912406,60.14021882923152,326.01685269473785
618.4120670295622,32.47557954964465,spherical,Very Poor,22.101235501927093,498.95253477590234,32.62496061990009,384.37440822413646
667.5612651475152,43.99280247145862,Elomgated,Fair,21.747523323684646,261.41007139664305,33.85542238763463,202.75051909669398
1085.2561927642264,108.33820144762386,Irregular ,Poor,26.706577638753675,164.25445584822626,34.264054566888866,116.47210468157441
486.30336423364434,125.79082543232465,Elomgated,Very Poor,33.180342779215614,558.9352778116679,40.15476002397132,355.4267210320641
591.3197667356344,36.58021153626911,angular,Poor,31.89115188507269,386.5223702539378,40.738580199077994,240.71934685266103
1178.9080127135549,84.44126362129494,Irregular and angular,Fair,22.085917652380168,131.09721634854114,34.68000301572788,116.19423696625185
776.0263320459985,143.63067422931564,Cuboid,Excellent,32.384319311852806,103.72978359400946,39.17050698934871,61.51853707262687
1845.0116312682371,22.152664649383127,spherical,Very Very Poor,27.522684688706914,200.72058777771767,32.801617898738314,133.39239886724724
787.7146685845256,34.14856559571944,Cystalline,Poor,42.50535803939586,220.04876352942543,52.02805584714467,177.64856561636947
299.5706186641086,60.0756475814105,lens shaped,Passable,51.44040500951998,368.4590163488375,54.61775065861138,246.61590441048162
1546.07269801876,54.00961987244641,angular,Very Poor,23.490440896852803,240.8763710520484,34.109362908610436,158.01617485871972
1584.7160394717457,78.04999395877971,Oval,Very Poor,43.57196140908372,283.06453547819046,52.75770450609221,197.0267636161082
1276.4117710714322,69.79134853046173,Irregular ,Passable,33.021035809694766,175.79179519802997,39.58314230414311,128.40324169348776
264.07162916751025,97.60654760319026,Semirounded,Very Very Poor,32.58117132401505,483.16258910913405,39.62014582055876,405.3472373476066
799.9654215239592,62.835061884702014,spherical,Poor,23.982703054320538,266.1788039114838,31.18019445764699,223.94513489566083
658.6065630061138,74.93801188762505,lens shaped,Fair,39.17787775802139,203.5596160922163,48.00567005755039,155.10001972586093
1075.1792935426881,25.19750291054678,lens shaped,Very Very Poor,43.143551986231735,410.87601277653096,44.41773394829997,296.9911445011916
1379.373123450248,333.8185544648211,Cuboid,Poor,32.33674786737187,90.60586593829134,40.53772759597717,51.222043973262195
956.4739104775211,62.97235913490131,spherical,Passable,20.637635595434126,226.9253996642637,25.71928667421273,144.79912092563046
707.5766220599625,216.82277848389086,lens shaped,Passable,43.584365476936824,198.75334560331635,51.522971117136414,106.91428309877642
496.76500921885014,14.617228295364544,Irregular ,Very Poor,29.040241877378772,730.9340409065359,40.97126005707594,499.77513043895283
1217.5701129182107,31.252773997854053,Semirounded,Passable,28.332766757698362,198.85152334497886,37.008025011251526,152.0324144015412
648.9276450002967,233.80855143708453,spherical,Passable,31.351030961851265,294.36827718752704,42.14934558784642,150.34870483573238
924.9658074327256,348.91731912709383,Cuboid,Excellent,45.12659278875241,40.0,46.87496572260451,40.0
1024.6735442588563,205.9380396941568,Irregular ,Excellent,33.48844063755333,40.0,42.676357635590406,40.0
1211.0069100311987,171.60881835410314,Irregular ,Very Very Poor,26.110199876628187,254.60597494348087,32.954761368796476,210.00226200251097
800.4435315030537,128.46733725199383,spherical,Very Very Poor,22.334743630400105,475.2737050603348,30.97786576276377,338.81959075610314
1190.0357520265443,157.68199500090452,Irregular and angular,Very Poor,30.93425495059191,417.37681857578,38.00471005379209,276.22792947500193
686.8797187543531,154.5625082792565,Oval,Very Poor,38.29931025294369,397.85386259172105,47.00281248989121,248.32898998701927
668.0071935687105,98.51519182417228,Oval,Fair,48.55277899269432,290.4009950061867,57.179422414368666,194.80645270706606
118.0,58.969074491193275,Irregular and angular,Excellent,34.28247109621974,162.19493591191667,43.830396775111126,121.11169617800388
832.9469523401353,77.10952570396842,Irregular ,Fair,24.569518082159338,251.96925442438646,38.31961644865076,195.5317436942476
514.2107257534627,95.99567195299998,spherical,Excellent,24.179742565519064,140.96257494052495,31.084929222256665,110.33178740735966
459.20454236938536,83.50521698486563,Irregular and angular,Excellent,31.50737690804565,156.65873401647528,42.97431878746183,112.46714986216209
586.364240958038,40.48903775560352,Oval,Passable,38.874284780059526,235.44150343703646,49.19997689673281,200.81696028296255
540.9491934649844,17.415412181700535,Irregular and angular,Poor,24.053954736127924,319.8055231999868,32.16128421076155,234.45925223759946
597.0150494279387,302.5040248506037,Semirounded,Passable,39.08873251772505,259.2147062593044,46.28129648651532,160.05374031025
1912.0022000752328,69.82934678864291,lens shaped,Very Poor,41.06621688394435,208.44118461069905,46.17761899544668,155.64546450441824
506.9069539745695,77.72098874435694,Semirounded,Very Very Poor,27.02293613156303,508.38545238777175,39.36471157995133,429.78189640417764
118.0,57.36999843116092,Cystalline,Fair,49.690929878885804,315.1870080652291,58.06737947442413,203.98610037779972
507.1489333102938,219.62885514461362,Cuboid,Very Poor,31.767195685509343,456.3967404160677,39.429769610915095,360.32096886044934
1149.6947419545484,29.313089154466603,lens shaped,Fair,40.8325201639117,116.815086595015,47.7478527791795,111.53223628481116
914.1093699426261,132.1149309965402,Irregular and angular,Excellent,28.09448084141802,40.0,38.49590654135511,40.0
942.2709565753261,79.78628935486996,Elomgated,Very Very Poor,27.736911656121126,473.0263889210465,34.811343378147,289.235423350881
356.4452994102818,580.500170452574,spherical,Passable,55.0,102.94192767667289,64.15593787986637,98.48293637256789
469.77257780596614,34.145827306503236,Oval,Fair,44.58294212783171,348.6700544280963,51.873241175940095,208.07743764737515
1143.5897834041841,78.45211057616471,Semirounded,Poor,26.2265136869012,173.0182296674501,36.72284012310711,101.89739210307957
522.972734368493,67.08195265535753,Cystalline,Poor,47.60019153904806,328.5868940099747,56.83908985831179,244.42270121366678
710.7987339465813,68.5450674415831,Cystalline,Very Very Poor,45.19182020728175,587.9980817828044,56.47278359545266,407.3789372350868
1001.5453487134185,56.66578760304857,Cuboid,Very Very Poor,26.37973700685875,444.3834886952885,37.08863874418308,294.53145277096985
346.27724466638466,250.97796603275896,Oval,Poor,55.0,243.60804543726294,65.0,170.07352318860399
321.99115970002407,64.10290686654173,Oval,Very Very Poor,50.23886976716364,665.885243512275,56.84154350169269,454.9451788853769
981.5707525193448,64.37477562151844,Cystalline,Very Poor,39.22867158295866,388.89292250823775,47.92873120394566,255.3559362096754
1658.532067781961,153.15199991064358,Cystalline,Very Poor,48.403677372058034,223.4105736806855,58.51532422311498,143.8402601702982
335.8607885256356,50.4195916981072,Cuboid,Excellent,30.770041012129518,141.08727994992648,38.488929014477456,131.85065027851843
629.7738977515083,30.25212324768872,Irregular and angular,Excellent,26.392981600323346,114.86189841817225,33.19952225084901,87.63557084075393
1273.1190176122705,75.21142859418912,Elomgated,Fair,27.252658044915865,150.2407824769706,35.699950973802814,102.75698632679904
612.3645581173057,126.47906839746169,angular,Very Very Poor,35.1097657907002,578.460761389185,42.3201075755723,358.8061890760508
409.8960338334057,75.08651930843757,lens shaped,Fair,36.20355547057105,287.87358579748104,48.20989538391109,176.15959259108848
322.9119006849151,105.4420636680787,Cystalline,Excellent,41.32855803137117,40.0,48.641104019420474,40.0
915.0157760549125,80.33859438058765,angular,Very Very Poor,35.753060134948015,583.1211552425369,39.58924465011858,439.99649776303977
911.1601850157223,102.91631281979873,Cuboid,Poor,32.32549036726437,211.48833771533754,39.10007622194695,175.5562475729311
243.00551702817938,120.51939051681371,Semirounded,Poor,34.249260421273476,332.24068957058944,43.09117744294297,192.8406332975905
900.3230739633974,216.91504939488254,angular,Very Very Poor,33.29432202396178,393.16615857772007,37.11225871918771,300.41511704822096
199.3901210730969,297.71347476316697,Cuboid,Poor,55.0,221.812377704253,65.0,160.8404767834545
900.9871464896698,78.09313061533945,Cystalline,Very Poor,44.05371511396339,379.20401167119604,47.36260688917254,266.7205945132813
1876.7439415571323,43.37636414409485,spherical,Very Poor,22.41079664464436,209.73196930142484,30.274614049994582,175.34627300554197
825.372101780031,54.611816745802315,lens shaped,Very Very Poor,37.97213256428156,411.08820905249,45.1742119864317,337.06457666823644
997.605430825486,110.64083661003747,angular,Passable,35.15737501177992,252.39808092721876,39.59612114536442,170.98995032285387
897.699305823149,13.028703629956372,Cuboid,Very Poor,28.632579009845532,524.8800635733123,32.88155828260736,402.8932721736518
937.6991443976883,43.94898872403214,Semirounded,Passable,28.177148599131577,196.1009289202458,37.00554884757445,163.28918585967065
1029.5107220087625,117.07658339637663,angular,Excellent,29.132867302099324,40.0,36.818475348012825,40.0
636.5075535924013,274.39104206472103,spherical,Excellent,34.25314035533218,130.63710270606947,38.40566713277028,86.76098877729879
929.4974225767089,17.833989680058068,Elomgated,Poor,28.01516622601651,227.995933183978,31.978733255837312,146.1790153806794
737.5890770768654,43.75497309053407,Elomgated,Very Very Poor,22.49060645584649,389.03762285819994,29.71484153685517,266.6870921078419
520.6592148556755,30.663921692812696,Elomgated,Very Poor,26.542499001156774,513.7755883971282,32.97135990020177,383.30589173571
1283.4276729397034,241.41989368197932,Elomgated,Fair,30.953117095218296,117.17298292798435,34.26888041867389,69.5876138247771
708.7854916090427,39.975710050923034,Cystalline,Very Poor,35.27683015476104,342.0993444922676,38.61419930966268,218.88305696709796
471.81053790183165,94.38025900758508,Oval,Poor,50.991613698033674,297.0768658522134,58.164127637105096,212.58436985048348
632.370821173032,69.77346752846934,Irregular ,Very Very Poor,32.85806685294863,503.5919048206784,35.626171971543506,396.49095905195657
641.1745226115079,12.312908393422621,angular,Excellent,22.477982826957156,74.69144026404582,33.23202093403516,53.525799622728535
888.5775619857613,29.62213335266315,Cuboid,Passable,25.054535733971292,255.24502587051762,35.17734443220955,159.80921109583414
295.40761061539985,108.29345837294403,Irregular and angular,Excellent,39.465411789383694,174.11334923464915,46.64088202921345,118.8498343017391
1022.8691069601771,271.9268354545532,Elomgated,Excellent,30.11348723204709,40.0,43.24932763072906,40.0
118.0,107.45188415770235,Irregular and angular,Fair,49.294600189692886,310.5939014247216,61.57216871055064,216.6138756224371
755.2852415251912,44.70539629489075,Semirounded,Poor,26.148399611097883,263.7896834555999,34.723437391258855,212.58779177721965
1019.5516757816736,126.00297772603724,Irregular and angular,Poor,32.21645255109912,206.49924754316788,38.69389167676923,163.72641095153787
1069.7601598861138,413.00540473231536,Cystalline,Excellent,51.540196815307965,40.0,55.89169791040046,40.0
1046.5761834516088,104.95737100108592,Semirounded,Excellent,24.824559470802445,40.0,33.497425402941126,40.0
1051.0246002118622,91.06494348353164,spherical,Very Very Poor,27.943768319071783,425.1838971359637,29.669716065642962,242.65852454683028
963.4934968067657,49.144931027146306,Irregular ,Fair,32.973844403365526,248.57853134932333,37.30916486481484,157.09686789815797
1564.251420871813,396.11828388102896,spherical,Poor,31.404190259634795,75.3918027457893,41.025469987188416,43.115046751579406
1609.275460899828,53.71340229854328,spherical,Fair,21.885520222125088,129.21669180246784,31.194858091834856,61.81916519227698
380.55373356907063,49.65883182120044,Irregular ,Excellent,24.436361637406307,113.95235076199907,32.51407109847076,73.16249854696557
264.75292923390487,140.76183917416793,Irregular ,Very Poor,40.586258482212834,527.8873734846961,50.887683667684605,372.17217351621304
491.77647471903606,162.32830462318657,Elomgated,Passable,34.61087859803506,281.96177196958325,40.51241049133369,206.70936076615806
583.1567028222304,32.86749586386833,Semirounded,Excellent,30.03680845402189,143.54286571110097,33.604115311087305,85.87679619250115
754.3933590182638,105.26587482734837,Cuboid,Fair,25.532796014596684,250.91561856195597,33.18402966487958,163.07309964674943
1606.979948673852,358.26319511702485,Irregular and angular,Excellent,34.71926237875064,40.0,42.1946673218945,40.0
1041.28303092432,15.875519339311055,Semirounded,Poor,26.610944008852936,226.7777650941542,33.25222601719808,137.69769167807087
828.7062986063376,243.7242100955153,lens shaped,Very Very Poor,52.78058255247884,460.76592318723624,60.50989585810821,368.7779724313096
845.754186657243,142.76536691551752,angular,Passable,39.01485244845058,295.9491193503816,39.80145683668998,187.2468899510694
1286.1786564379067,111.41246977839307,Cuboid,Passable,31.497941641719244,152.9708423644137,37.44016029877889,94.05553916699476
1125.182527676177,126.62092826362912,lens shaped,Excellent,49.70541464673474,40.0,52.50935539282989,40.0
526.0918386648261,57.49495913385086,spherical,Very Poor,19.74663375783177,433.8874983800799,25.99619334769175,297.61105631861454
1233.9404612994945,29.140556416893343,Cuboid,Excellent,25.07741928315769,40.0,36.449818085681635,40.0
1529.0472934555096,67.31280023596227,Cuboid,Passable,29.57077442336972,112.13471502930474,40.19886525825885,66.4673912991335
1322.322055284859,68.84988582371581,lens shaped,Very Poor,38.75873072241053,368.04766991484433,50.39421274865166,210.01313981825334
519.6509021273423,202.45592652073398,Semirounded,Poor,33.534186277668965,264.0654080358924,40.818477851367724,185.73382530283894
312.12689772828736,142.69238577341858,lens shaped,Excellent,48.768217436102205,102.88967335372318,56.762503763609956,48.45522634245006
731.8753979663632,85.96433037108852,angular,Very Poor,23.980009730864627,393.6369122898812,31.410989724701235,308.7187666698799
672.240487993632,69.58176613220907,lens shaped,Excellent,41.907075245000364,42.347964175085416,47.63750911808984,40.0
711.0490917710182,128.9329634289868,Cystalline,Poor,45.06842749191335,210.21675318480362,50.20367507032848,162.58152883627093
992.1140699024165,58.896406794100436,Elomgated,Excellent,27.651477003688786,40.0,36.46102004387704,40.0
1040.9436054027847,84.92161944738872,Semirounded,Fair,26.145083072363647,179.03675837643382,34.208401535623516,149.0876805365338
1145.4632368043417,71.59330977899631,Cuboid,Fair,37.17200976733521,216.02492141798132,41.75449487246843,147.1904711391376
721.1646184645043,61.258697442133844,Irregular and angular,Passable,28.024298970632007,285.7184129449504,38.9509717931952,195.20675172281054
118.0,88.53990072007231,Elomgated,Poor,43.7142497144946,364.8035152812936,56.83114561749587,238.29164568963074
940.9130032739099,161.85975590160598,Elomgated,Excellent,28.820712786531928,40.0,34.792697000407976,40.0
1584.745058969012,30.846746302660655,lens shaped,Very Very Poor,36.87414533437423,232.90060231217495,47.099037022604094,166.47142459923975
1287.8499246239057,123.33916860458774,spherical,Fair,20.016544075489854,139.9676871193129,28.803044144910825,118.38855959511517
1949.1088033540757,19.38625621321895,Irregular ,Very Poor,28.9959654198441,246.38987452361246,34.38292601356492,157.87218334241504
688.0010649464397,83.52046223032355,Oval,Fair,48.0141009155137,291.1521327101765,51.12374664521322,162.3670423802393
792.5711641601806,95.71047518060732,lens shaped,Poor,46.444731912588615,227.09414087515253,55.599525339987295,179.5546025031561
667.8304892405974,26.398980701926966,angular,Fair,31.24189085340964,359.64302076777744,38.7310852068762,263.14007304763317
898.0496100003276,233.04254359310838,Cuboid,Very Poor,28.128517972898152,425.9492228892032,34.935041106086146,285.1540624260645
327.2029996046765,166.3307183445805,spherical,Passable,42.641405368443266,408.08174000903136,47.91329260957551,238.13290430852535
1234.2652872494652,148.80144029007675,Cystalline,Excellent,32.7955647451441,40.0,40.84506937165904,40.0
465.7589847792506,109.07358746082693,Irregular ,Very Very Poor,32.05381117020995,483.5981590739587,41.31741527369383,335.5021118758079
118.0,55.36865402414125,Irregular ,Poor,39.25980227485001,358.9827253426207,46.591651531203745,245.4380534309126
1440.2222642323727,146.8737335554366,lens shaped,Passable,45.73673119337674,40.0,52.99623690203788,44.0150776472335
768.2665388313313,96.85417661742949,Semirounded,Excellent,30.99662831333305,94.09711852130096,39.11267569455211,79.17382306390165
210.08146588186833,65.55478180789358,angular,Very Poor,36.58029679609827,634.8658022188096,45.23670787106694,408.5524518741037
123.35250804470161,241.82890339010322,lens shaped,Fair,55.0,78.89162554869773,65.0,55.1393803104063
603.8350669197449,122.85359620598294,Cystalline,Poor,44.220384323148856,236.3108675505972,52.181287182594716,188.0986516544916
651.3097780371417,88.98563329212885,Oval,Excellent,48.20973722213108,88.85553423848927,54.109074933252984,76.80826764493092
830.8231431166736,49.65610435205624,Oval,Very Very Poor,39.82321282943292,398.6922609465434,49.087325522940915,336.540478584274
1629.9760802062824,32.361438102210585,Cuboid,Excellent,23.542374716367114,40.0,31.63873390913754,40.0
118.0,129.1986907000875,Oval,Poor,55.0,253.82192922583624,65.0,165.77482800290818
180.37031002986373,62.3922975296756,Semirounded,Fair,39.960359765781284,448.9752810094209,50.809267859413026,297.3507447763901
1412.3825445665288,61.99165669665977,Cuboid,Very Very Poor,27.227846350190536,290.77597969504916,34.7615979068621,215.3664131853109
601.7516329140084,106.71153877593142,Oval,Poor,50.0084009587898,288.51657963531915,53.7918793964383,224.7224172184823
1623.24732596341,60.264482154578296,spherical,Excellent,18.095266508972724,40.0,28.507135609373638,40.0
1027.6740724517065,18.50175059563287,lens shaped,Fair,37.7284467947716,124.52013650537565,44.15198424581221,102.3912556324914
1155.0050597399786,21.7274787243695,Elomgated,Fair,24.527104477864853,173.1596196026981,34.47779626143476,124.12087040343395
1326.221914542015,48.60720232516547,lens shaped,Poor,32.96969473471822,72.56156316680254,42.3072555811717,45.68735014174695
1497.9743277161933,84.16672948127153,Cystalline,Very Very Poor,40.067846361044836,334.3749278490029,47.6296646951861,247.60588671934414
408.13632711967193,175.3303290344882,Irregular and angular,Excellent,40.77683703274464,110.4138667801383,43.893448625673976,83.01706914840011
671.4403814027748,69.44096944899643,angular,Excellent,25.18157951306127,125.71902834456532,31.95568889024447,72.15856757668486
362.02900431936763,33.18236538651855,lens shaped,Excellent,48.63394891801927,131.1691938282951,54.273197946671374,103.47548147208933
1314.94221456153,222.19813159765835,Cuboid,Very Very Poor,26.83725469791082,343.0048954158484,36.69831559290675,216.70075585668158
1132.180900964072,272.58092679576,Oval,Excellent,36.75733951792911,40.0,46.64789352803617,40.0
774.6895009015359,143.42021005757434,Irregular and angular,Passable,34.913243413160835,250.77533303651236,40.39605893925756,188.4716652003921
690.3112004603163,102.36516131198704,Semirounded,Very Very Poor,33.765099890400144,495.15562638494157,37.290292433896624,344.62631822643374
975.0044052118175,35.91183432895423,angular,Poor,30.800202596583656,254.95828950718226,37.22465238828065,220.34676064548424
1319.9394967734438,27.803248462643552,lens shaped,Excellent,40.71885268940043,40.0,43.33749059369299,40.0
759.1641916320582,33.060274486864905,spherical,Excellent,22.23872553319929,85.7444867392092,28.969890684598365,41.82172572654661
1093.2883525604436,91.67000895252329,angular,Very Poor,24.985740938189654,469.22889370387526,37.71353266041541,356.632618343695
479.67248226299756,46.1756842056651,Oval,Very Poor,47.50104590785301,655.3499998350856,57.35132077007821,459.86080435660233
973.6300728785935,159.51129502731675,Oval,Fair,37.72446233456077,152.20320419434194,43.02784908308533,96.5178319079218
716.1437576072053,144.09810767076158,Oval,Passable,52.34685777142191,234.69892840304897,56.28970039538842,149.36986739349106
925.0587855323238,63.182932471436295,spherical,Very Very Poor,19.65609473833997,468.2575214171361,28.329576782129276,313.809727572819
392.750534312441,74.11072031135708,Cuboid,Very Very Poor,35.38125247383724,596.8324732300055,39.492165335067384,415.0828055104963
118.0,96.73735018533836,Elomgated,Fair,51.074677631235495,326.6001862592541,57.60820877772751,263.3488914615987
509.94536267864237,69.23529300522327,Semirounded,Very Poor,27.5032470030629,567.1661725932412,37.28092947074267,405.30930095524184
324.97824437251427,63.65670849296863,Oval,Very Poor,48.26333250513324,457.0204157089782,51.66165291709477,306.6882601181083
894.231681201805,97.1673072255828,angular,Very Very Poor,29.20812368580256,478.1604881603995,37.97554032549868,298.24431958471473
167.2425226292812,107.24998743796073,Cuboid,Very Very Poor,42.42660967294569,600.953901074365,52.98758183206358,389.7546839880347
315.60667957920265,120.22237829695472,Semirounded,Poor,36.85780936577497,347.76381257807986,43.072003305438386,221.77201326655697
901.2182264160197,75.65445253144969,Semirounded,Very Poor,27.548592784427868,487.44101862360685,32.92266305464228,334.4444906457316
1133.0367114257342,105.63438769035398,lens shaped,Poor,46.82867863130285,136.92438893875456,54.491400054416616,97.52345188176405
2296.1586793960955,87.51376829673798,lens shaped,Poor,31.768930609144117,40.0,39.967382875405114,40.0
960.3622563903049,32.937399402952344,Irregular ,Poor,26.2932244966848,258.78689506597595,33.542004917046015,141.3857214724803
979.6028156949596,61.620376845857535,Irregular ,Poor,22.06092057023438,165.7124900896622,29.16659864980736,115.9980567528184
118.0,110.37323152764247,Cystalline,Excellent,55.0,84.32985372891895,65.0,59.90304840478285
1355.6103365110635,276.8792613964775,Irregular ,Very Poor,30.54878701591334,344.5113429121436,38.743557117805345,252.38651669492117
562.3770429019855,65.34959374295155,Irregular ,Excellent,38.48905726181665,113.41006081632264,44.78576672110438,73.06345156448782
1049.9350600007879,129.74214520497884,lens shaped,Poor,40.83115167877865,112.89804877893185,46.733067467092475,108.39726135943909
695.9399796050808,16.661458425562515,Cuboid,Passable,23.949815293944894,258.4340874066975,30.880191707995905,185.28360711230107
807.8774341714014,117.98796300363028,Oval,Excellent,33.27778741034175,40.0,40.60067364213537,40.0
321.189804013344,49.64300057690469,Irregular and angular,Very Poor,26.4232700853491,505.99439937582486,34.79272036631771,313.32972056082326
461.74260017410273,66.50337112626063,Oval,Very Very Poor,34.483914755178176,404.1729459134813,42.514393394587145,279.95138010794506
118.0,230.63938527436977,Elomgated,Passable,55.0,169.3447678866294,65.0,121.6110686874249
207.5713611768589,241.96587034638998,spherical,Fair,51.68239492439173,276.433894664694,60.35561016976235,177.91520548919516
118.0,88.3364880572003,Cystalline,Passable,55.0,276.24298152677886,65.0,162.35616363534808
531.69526717398,39.71927232137621,spherical,Very Very Poor,18.038213098850235,639.6857213725895,28.4715173220281,519.790274949851
193.27951976036684,76.31527468711052,Irregular and angular,Very Poor,41.15268192784366,659.060595444742,52.10746567442408,523.5858698196181
260.4230774891814,149.41381310544784,Semirounded,Very Very Poor,41.7116324320604,644.0060149811466,48.605725502111774,449.58560040053027
1475.401139518336,401.4527977092211,lens shaped,Very Poor,40.85094728981901,188.2278523448654,46.28329114255322,111.61645423085133
715.4764853851399,67.23861393129022,spherical,Very Very Poor,20.199031305360965,483.68800182558914,27.55234661993753,360.3203702091629
690.848176665303,65.53464163126853,Semirounded,Excellent,30.94845452988382,105.9961171439512,36.917919427432196,63.90776989168876
1406.2152379793765,85.76750015060155,Semirounded,Very Very Poor,30.105203399168296,342.4132698584552,36.06894684454362,229.4869959143442
545.607343003153,31.391443280336723,spherical,Passable,26.623332537856726,404.89761162497626,36.767355332904856,267.72749082255024
972.4309270851544,211.5799615377241,Cystalline,Very Very Poor,52.17018561553147,473.5826995818276,56.067805448488386,262.20992612029136
1172.8746143883418,23.158958804969604,Semirounded,Passable,28.54476802097006,162.30537712689278,35.38888233302405,121.1599967027695
1196.1227179601028,33.87635056237923,angular,Fair,33.119328934575684,163.308539496141,36.104292566205345,95.65332319865792
335.9194862865479,58.407096449165444,angular,Passable,31.510665662712846,355.66071038548756,39.28406408074066,227.62675686636922
1352.5492436527456,274.80553992390344,Elomgated,Poor,32.8863838374517,88.3754566264266,43.479394900100125,69.80926807521033
737.6375768389028,216.8764985441861,Cystalline,Excellent,47.11504095286416,40.0,54.57372681744193,40.0
506.59631921792294,107.99663158009625,Elomgated,Excellent,36.01342217668962,114.14936079042614,46.70744782288055,62.107891826578296
977.0091108862646,123.19501387944182,Irregular ,Fair,35.517431605705916,252.2302226450639,42.819408675986075,151.90567572098092
1238.7169790260677,36.72281480609028,Cuboid,Poor,26.916833885965005,127.85995478492121,32.733172444419196,94.31709353238782
607.2597863958581,151.09331770217378,Cystalline,Poor,47.124264588481964,202.55371741072327,53.96852458545079,142.1944595654505
1296.1217708774234,101.44648852669715,Elomgated,Excellent,27.251741910915918,40.0,31.62762764802551,40.0
755.3874325673493,47.85080762372865,Oval,Very Poor,37.67063408924526,362.50885279455497,41.710455860525464,243.35574329193068
1313.2603734681993,47.81267923724807,lens shaped,Excellent,36.347423587200794,40.0,46.012817179654625,40.0
720.2570805895656,257.0613672189943,Semirounded,Very Very Poor,35.22614777821266,492.672420669712,40.59645517204915,372.1853300779835
952.2867679304774,574.1100669218864,Cystalline,Excellent,55.0,40.0,65.0,40.0
500.3582087491006,350.55718940889045,Cuboid,Excellent,46.93878155958933,40.0,55.72209665539774,40.0
299.88631662012267,74.22702105619139,Semirounded,Very Very Poor,35.34403397758903,553.7299922042685,41.12745627642656,441.86969407099787
118.0,83.47876657867278,spherical,Very Poor,41.220514773820696,584.8877860971488,49.3854777896147,409.03096140499105
983.8376819970531,68.98391421444218,Elomgated,Passable,33.607231697186215,270.53333344687803,39.43519570752778,179.3954282464643
937.702847660159,31.167047445432953,Elomgated,Poor,26.360603882888334,241.83193408253834,33.05556696891115,130.36541382891835
735.0606695614842,75.46063194647273,angular,Fair,30.8144382023289,286.05418749861246,34.61074584396993,199.74961503454278
1379.028156840546,68.97926183572062,Elomgated,Passable,27.714650185122835,128.3091910758632,33.05956088648415,81.29547893240091
887.3808572900812,162.8933524598797,Irregular ,Very Poor,31.744582398137073,500.88355175010753,36.53795856990176,357.5317515018005
118.0,41.14675213404357,lens shaped,Passable,49.019189184667724,347.82174219927634,52.95105665996836,271.6798102917358
1362.59840286808,54.42838676061383,Oval,Fair,36.09472220268037,80.23785571857366,44.718826894817255,45.50995228113707
1017.1298379068874,131.39162892189742,Elomgated,Very Very Poor,36.8112335123216,577.7297501662127,44.61504227139797,385.11219791708754
118.0,66.55947263829046,angular,Poor,46.52373780418923,452.8028009769467,52.595298798706,326.65092799212306
672.5896925823704,82.95201775293823,Oval,Passable,49.64211934275822,305.2879011933378,53.61382236912412,191.24451829238967
501.8208763346074,79.61062749035243,Semirounded,Fair,29.43914636808389,334.6243404130271,36.77230536928094,229.85684136560042
908.8273555058216,128.57603623175038,Cuboid,Excellent,30.590738433139435,40.0,38.440682154943644,40.0
1598.6419334102566,140.12221146804853,Irregular ,Passable,33.42899721314322,40.0,36.42977039031613,47.89237561889704
705.5500371862843,69.88379174785965,angular,Fair,34.590651168566744,300.5168106118949,40.79162185108197,260.01298722807707
960.6771920094322,34.298298936443224,Semirounded,Poor,28.546207134134573,215.70923706395217,36.72889896084634,139.92376947588053
1578.689885898776,136.49878595073406,spherical,Excellent,23.76747996100262,40.0,32.79560431998584,40.0
1090.7778308004742,69.7066669598086,angular,Fair,26.35676352887615,192.25297065938204,37.19938692144387,128.3708179531563
1551.1627473612243,72.81051379646773,Semirounded,Very Very Poor,26.225449280092484,220.45640416310087,32.483520642882375,180.88884608712596
840.9594163110083,23.512292426105734,Cuboid,Fair,30.063765838402006,265.5253795701383,36.54310075314006,168.90491044756874
856.3147662960772,124.60579880929374,Irregular and angular,Poor,28.895412710424004,224.41366933889967,37.55471227087942,180.41066122399326
848.7616541455417,473.3370770395379,Oval,Passable,54.71392556743942,117.10156826176706,63.62443333280807,103.14593935948125
296.6963114464884,302.2573259529027,Oval,Passable,55.0,218.23459055953447,65.0,135.84115913276247
1511.9906712897118,29.026906834834733,angular,Passable,29.50125360830552,89.4154747946072,40.00777570655748,76.19187447782322
224.43133422725555,44.352371297042346,Cystalline,Poor,41.52624876013777,310.47564692790667,50.95876470627401,241.54516440157732
118.0,30.884828732765534,Cuboid,Excellent,38.5052429467661,245.6430867632172,46.12483267525579,191.38022727353504
243.98591718387866,42.0029695754392,Irregular and angular,Very Very Poor,29.503969561822654,593.606127270448,40.09901020400027,418.12184922542735
754.046313335659,28.12888284062021,Irregular and angular,Very Poor,24.996609878079145,493.3700803181081,36.08744517347741,307.7020255990481
118.0,124.90975675557027,Oval,Fair,55.0,184.34782013941128,65.0,146.86373495563828
1308.7959419162914,55.68975665087913,spherical,Excellent,28.22371243115574,40.0,35.26264764463694,40.0
565.8971516481498,61.12173309906219,Cystalline,Very Very Poor,43.66589071159311,536.9074283954336,47.51838411859907,416.2750173106258
824.1144540889015,124.55076680935964,spherical,Passable,23.821699585033173,275.12160652856625,34.87328713127428,156.9812378288464
615.2497220620139,23.77090584707396,Semirounded,Poor,30.28047971125938,299.94365765451545,35.68551411416794,225.98239701246223
1446.031924424668,309.8544159385608,Irregular ,Passable,37.72056383630989,77.74554938024254,44.18968035048173,73.52778338419832
395.27576761085413,25.54720794457525,Oval,Passable,31.433027253203182,238.3015984122377,38.519612395067014,174.52703864651102
1021.2742840287831,99.23183764625198,Irregular and angular,Very Poor,34.62165199071731,419.06952405888586,39.86909842334225,292.4767925542598
671.6993611047164,69.97158466735986,Semirounded,Very Poor,32.60619409436522,708.9471689446527,37.27240406352198,506.4867251880355
670.6875085639458,19.841562879408237,lens shaped,Very Poor,41.059182105674665,420.8081076402852,45.0460767259568,304.2269955574625
118.0,104.21688546847874,Cuboid,Excellent,55.0,113.3111906642896,65.0,92.40857141007545
1119.8469317508082,72.18939216136914,Irregular and angular,Fair,30.910728629368226,232.07849379887458,40.03338870032469,144.84114309344002
231.85610909937782,393.7090280160766,lens shaped,Fair,55.0,105.34113175158745,65.0,81.19758263889216
1484.6383947459408,190.70651811293786,Elomgated,Poor,27.41962435938584,73.0057046663324,33.062550964953225,42.2846276609296
962.5401838189072,84.00209262368179,Irregular ,Very Poor,20.976959748325378,362.5868176875732,30.566207281726435,225.57724626104076
118.0,156.6895051603178,Irregular and angular,Fair,55.0,257.1704609411599,65.0,245.0532041346432
635.7759973938907,137.07856224013233,spherical,Excellent,29.650037231729808,68.09570318369748,34.35834746182533,42.11591502676009
1137.7847962842043,60.23649477320959,Oval,Very Very Poor,36.93052011222699,280.54956966441245,47.6505705727786,153.1011091727557
397.030074120857,62.73688806608724,Cuboid,Fair,30.397132036781308,359.2152183648831,38.09593252200976,220.71105719479186
1203.259670215024,35.39969399223399,spherical,Fair,24.012588854140706,176.28606784791037,33.03391461916339,126.23676037949615
576.1798106555677,86.24702297259961,Elomgated,Fair,31.248808671492284,295.2599079249634,36.89277821684167,217.47720643094874
570.6791501046051,58.0270758968512,Cystalline,Very Very Poor,40.601621363691535,476.5681277451566,48.2933753417659,313.6130044711268
1271.8376263127502,140.55815253611655,Irregular and angular,Poor,29.126184153774247,146.25037244169354,38.85505783255595,112.63505256016943
475.6740295782648,116.68545338547214,Cystalline,Fair,44.98059496843617,267.95455863349093,56.59100855244071,180.88401211773694
168.11393585361884,24.919761795622986,Cystalline,Excellent,44.09582026715641,185.46061678898485,49.773165737816534,145.31259680422434
516.1924593221798,13.432819890139708,Elomgated,Fair,24.0130135428873,362.0690399976823,34.872242412316844,218.91318086505964
1080.285251823196,231.6318361088156,spherical,Very Very Poor,32.04336391555195,386.119428275073,37.432017827899315,271.1749585723986
1084.691675717449,198.65937702724878,Cystalline,Fair,44.853153007701714,126.07022744513021,50.44011390079216,70.68051956153465
118.0,69.19488323367152,Elomgated,Fair,40.014736487640334,356.953299152461,49.49905293287046,253.62307229329534
421.0670686475566,167.9246498887184,Cystalline,Fair,55.0,294.8704810811304,63.00253286097205,245.71177337696653
1069.129809401799,39.834288349306526,Irregular and angular,Poor,29.499866109484056,206.70853267724016,37.06292610176755,150.92402710395277
265.0703125451459,96.05269425021413,Semirounded,Fair,39.495691508422574,369.5519608740699,43.30883211442505,270.4704271963617
118.0,126.3676864225196,Irregular ,Very Very Poor,55.0,529.2833304593638,65.0,355.4101649221408
146.34531780619454,39.81800989295492,Cuboid,Poor,33.70886635386985,409.0572330016727,41.59611247156401,271.34333043405843
1227.362559231771,15.37725964222353,angular,Poor,20.44143060578008,137.68391924334654,31.28929574426659,97.99137722126784
763.0316191859571,74.34236621590331,Elomgated,Poor,34.87838664159177,327.22065440432937,37.290836583333636,216.3052210728273
832.3389541345578,55.32697486301892,angular,Poor,30.065555982654526,245.70320242181643,33.18141399347665,182.7670526709208
920.849163119502,173.10554732634128,spherical,Passable,30.655377949984665,190.36931338358664,35.083417553572666,153.60364428610706
645.574234394405,14.493802491813325,Elomgated,Excellent,29.429552604172486,153.68482717509903,35.15422608726964,109.29942531599926
663.2325266874777,13.531775233455436,Semirounded,Excellent,28.449875276404743,127.46924228771782,37.39199712321836,78.61938001521212
289.0320143201989,60.58419976423194,lens shaped,Poor,46.32278246320072,312.14918271829714,52.890779661467924,197.01107745946427
401.48669161918417,216.7619710910422,Cuboid,Passable,50.22725184193161,354.99628070764965,55.78539942929023,258.67499157340393
1002.2842323962782,22.150740910416108,Semirounded,Very Poor,23.848754244839203,355.0979850858709,26.778721385986458,243.549316750489
577.609817104735,80.6442633983964,angular,Fair,37.60036500292906,366.2560705062058,38.81020749691317,204.55712269535928
118.0,115.86105178135554,Cuboid,Fair,52.392720238601726,291.61921435752055,63.197716931075604,217.57505715127618
1229.6214972402267,92.92511615532204,Irregular ,Fair,31.749611783402223,187.36636923120108,38.15262752166061,154.4144912403087
624.0349572484254,232.16432160287707,Irregular and angular,Very Poor,32.73612393551133,453.2603389564269,38.31128749030962,314.6691379580355
2057.783483319844,64.23000424172909,angular,Excellent,27.737251580957707,40.0,37.10136757543336,40.0
456.03518703608063,108.5727123211304,angular,Fair,32.53345325375004,310.2936399646456,38.31581186709433,243.56442877949777
1161.5575451090028,257.3175979021667,Oval,Fair,48.155099179500446,71.62494242187661,54.045573532687335,53.23682710580825
118.0,70.33943670412398,spherical,Fair,29.299049774051092,341.0082454092984,42.803954651336646,247.9561891301619
980.8440322146821,33.36554048336407,Irregular ,Passable,28.512017626396222,253.15289249105672,37.65800460733692,156.15848166898263
885.8230163017201,79.03345738862434,angular,Very Poor,31.35538176869523,524.0723015681352,35.69473516361901,356.53441263528015
312.60424629342253,190.73180387556474,Elomgated,Very Poor,43.16795384727313,541.4803405697572,50.594737378215875,330.3779211748762
1748.4083520691172,103.71628163060963,Cuboid,Fair,23.41218520943906,40.0,30.950578828710054,40.0
118.0,253.15980745193394,Irregular ,Passable,55.0,158.9779418926068,65.0,93.32179073220954
204.31534159842568,178.9243813975624,Irregular ,Excellent,49.06315841743367,40.0,60.04928383833623,40.0
999.52752553866,90.37135543135349,Cuboid,Passable,27.67374056785391,205.40340749556617,37.61970879225387,144.66247525563506
1811.5076551458726,46.170071631746964,Irregular and angular,Very Poor,25.880406199236766,145.68645514452334,31.6485466355792,94.8229218262654
697.4219286794696,117.72123667693184,lens shaped,Very Very Poor,40.1026304647515,378.5666964733578,48.25797592583219,248.2562670178949
1103.0299522142209,29.86242303551527,spherical,Passable,22.97499386004654,192.00044430304777,27.75585004728279,118.05030768081954
1502.2365063575003,104.35954993324334,angular,Very Very Poor,24.354074022614096,286.45074689684816,31.383055749247948,151.571258159122
1035.5431900503036,193.13536537381495,angular,Very Very Poor,30.581336756312584,402.27126316814173,39.675636086692705,283.5773272254251
442.4673712255358,43.98749430468631,Cystalline,Fair,39.80591764301043,274.5473892252622,45.276359800063105,213.88356128497995
118.0,292.23999737740803,Cystalline,Excellent,55.0,40.0,65.0,40.0
412.3555463563317,27.958291407046424,Cuboid,Passable,25.99345002955902,376.9064377558379,31.545083780261063,214.9329965962928
1428.5277293336446,134.23898970462966,Semirounded,Excellent,36.33791169055285,40.0,38.82977898651541,40.0
1084.5260220336904,93.51129506870426,Oval,Very Poor,39.253506934704895,409.7786756349983,49.45494455326024,248.72214464660982
860.1253092194211,64.79202970056953,angular,Passable,26.300210549230044,227.923862374531,30.07484358805623,178.21105003289486
1924.0482797202476,82.90447016288891,Elomgated,Very Poor,31.427328154655687,136.1157785779282,33.325313315467184,130.7922602074553
883.518541282589,120.34541542766152,Cuboid,Poor,37.70055777183573,289.3154853851651,41.087962947270434,233.43746835853395
763.7820920608378,53.38263015941926,Semirounded,Excellent,30.6925131378047,122.37885753459065,39.48730199413978,84.76212259361975
697.4584929862218,184.39724203767855,spherical,Poor,30.808845315043705,345.6549190443684,42.46160490891261,201.67908320199632
532.320378817355,61.595104390901895,Semirounded,Very Poor,26.14786285722662,468.46528166371786,32.77240703664022,363.22243965938674
385.41209153060294,243.76503258525662,Irregular and angular,Fair,51.621582640785384,359.70080158520295,58.33549789084556,228.21630032252605
471.63830284906146,51.56666504577871,Irregular ,Passable,29.299509830350217,345.9582649363898,36.89722840731877,232.98365618277612
847.4669039707221,25.716360436761807,lens shaped,Very Poor,36.240500599233165,521.1063394873024,47.2774243173499,280.3091771812304
703.5971494962378,105.41282655435714,Oval,Poor,46.68684228383571,265.96077811950266,55.053820210424334,172.73381735959816
613.0314784921236,19.578798804823492,Cystalline,Very Poor,46.21128931740596,640.4874601002921,53.22157876547637,415.19517105752794
648.4258068650831,121.5555774731345,Oval,Poor,42.04267387394526,216.5449717236176,52.67747994807577,156.4015819235469
399.1690111233494,155.8426068065401,Oval,Fair,54.407676373336535,329.8570844255464,61.52729652263431,213.1139087260879
682.5703778188157,41.568702536344354,angular,Excellent,29.97423798761429,71.55032365686775,35.72400769084499,40.0
1658.2857425396246,94.81958880966796,Semirounded,Excellent,23.699826549926698,40.0,32.21447118321957,40.0
938.7967835178056,41.615783288961154,Irregular and angular,Passable,26.450531285529067,236.2211250486838,33.28467726753878,148.76225222458754
1547.8631724080244,24.744619318716737,Cuboid,Fair,22.80208483841111,61.52594616946872,32.612925098032704,45.27644877640687
369.22790282317027,201.07341767241616,Oval,Excellent,55.0,80.27519780511507,62.253862952294845,67.56196545677636
1067.5176912671213,27.490306891735685,Elomgated,Very Very Poor,30.40733692033952,573.8737970348674,37.34181807121911,424.44666725745856
1052.8032495936113,28.712045953120796,spherical,Poor,23.5186593370891,208.59691111808337,28.457062044641138,155.3451624672418
615.5549055690676,147.01627783803497,Cystalline,Very Poor,45.39328111400263,448.99851286227175,50.374406281028385,276.67156404144026
448.85835667822505,89.6194944648674,lens shaped,Very Poor,35.06889816805928,473.737525088931,40.90569254224673,339.32481341758296
1021.7051331870193,345.6077282235035,Elomgated,Very Poor,35.13101105350911,435.76128830801656,45.58620251103808,338.9915376828886
892.5534056941543,139.21189935508772,spherical,Passable,26.475657250446105,262.05868247683696,35.86232905078482,175.9778649627861
1069.1605351819528,92.08364004135407,angular,Very Very Poor,30.721914808787247,521.3509790894299,38.978136704535636,345.8821661340352
668.5372413568563,153.96780387071345,Oval,Passable,37.861872584072934,172.24466485726043,43.77816560575275,142.27898441403573
192.06669050078767,48.1984719619772,Semirounded,Very Very Poor,33.85604531091471,587.090017796575,38.09079609818191,479.4856236150824
1136.2402860249776,113.52786624307352,Irregular ,Fair,26.66344229457148,177.83993294141416,37.584043339912355,97.58902913041442
1020.906969008745,257.3449382842627,Elomgated,Excellent,25.644378011746706,40.0,34.55777571671148,40.0
1326.9135278750923,75.21295512479811,Cystalline,Very Poor,39.835387500661746,267.178816995289,47.267071320984634,183.95967391365562
1051.3335818101632,65.41024551166588,spherical,Very Poor,22.471487607404825,492.102136739025,28.96332995743505,379.1398897253235
679.6512955178567,45.324049244293725,Irregular ,Excellent,29.67410373857736,134.58702547101558,38.804978732937805,100.80994224245184
356.91214199844507,215.83244939796876,Cystalline,Excellent,54.028926753113645,46.89489150451325,61.40572460484387,54.076278360179444
628.3772713313913,124.92945558539378,Irregular ,Poor,26.70442040107986,246.388737395273,37.44573092193828,201.30771289007538
118.0,54.38154271382183,Irregular and angular,Passable,39.0771207269961,377.06386725553125,45.27613770982594,281.4671052516136
873.1314555440417,165.0010610175258,Cuboid,Passable,31.046367087153648,211.88251033840075,38.45656804828083,163.71030694752415
1492.738332593688,151.5602615661175,Oval,Poor,41.22083705351886,40.0,50.6312526609037,40.0
1372.0481979414817,52.897301379858064,Irregular and angular,Poor,28.604933894684358,161.99474562317943,35.38184159026369,77.79985615774609
1204.2365808208906,222.9410065409562,Oval,Poor,43.0797833810688,88.01574448946144,48.33297071047389,57.231658973478126
232.08659418642242,83.24401897938371,spherical,Fair,28.233228248205616,323.1817584947014,33.06123437845896,274.4059388635071
860.2424859675795,33.642321426187856,spherical,Fair,23.438263431928426,255.706514184857,32.10552842721924,223.28812532024835
1070.2199746142367,71.80723786978126,spherical,Excellent,17.270829320741036,58.96975082906202,28.55556567808045,40.0
118.0,63.90660177858604,Cystalline,Poor,52.581152648594895,321.1351024625266,58.03435229179728,197.0264031195175
732.1528070318996,18.199127196710528,Cystalline,Poor,38.25844193167608,229.1984457940067,45.483938512464555,146.1937538438284
1347.379902929335,172.10726704322656,lens shaped,Fair,45.86670094016606,68.31515819806373,57.10856832451563,48.28727538766876
582.5395047550704,13.243652513600289,lens shaped,Fair,41.03111878655255,273.5496023024417,46.37506383999516,159.67771431036462
255.37034546647504,331.59387103416634,Cystalline,Very Poor,55.0,352.17445981130464,65.0,261.8722074203519
1709.1066919752136,69.65417237068756,Oval,Passable,42.807430279675536,40.0,46.35134255060313,40.0
624.3055568928845,150.09681857775035,Cystalline,Passable,49.13961791724712,267.13867650666657,57.700686776863506,183.18760741799048
582.0098420074218,85.46959430422471,lens shaped,Fair,38.80315275359516,254.4962935015543,50.601269079209004,189.4359275584552
976.005917592311,102.99406941227086,Cystalline,Very Poor,40.52320203251078,340.0135495382061,48.64896953609823,213.85730093538996
118.0,28.086091768221348,Oval,Very Poor,46.79183689887018,648.8232696639717,59.5746398546361,506.4737919385438
1047.3507724232043,70.31193934417041,Cystalline,Fair,38.858191175510704,159.51286718834325,46.34646189265715,114.26415395132243
421.6192762707805,28.935039705436157,angular,Fair,32.642321590284624,437.7693490858152,39.7680264149889,257.27798278922353
1522.951889581362,38.67973715342573,spherical,Very Poor,23.52484161136709,294.6833747765727,28.879052921406736,213.63387769767385
502.150355941251,10.19318344676216,Oval,Poor,39.83579479208246,273.26968263544694,44.83162336826001,179.1089474578492
356.97920553605167,44.056177847782195,angular,Fair,31.610664856768256,356.81586025888345,35.7428340559495,272.2112821592958
760.5447401669365,175.96237307668846,Irregular ,Fair,38.862023004165025,301.4975821877775,45.357117263648774,205.87278600289483
989.2994674502121,63.4800665525988,spherical,Passable,22.10596076639629,196.0284919777737,29.660784628189536,161.0477634723666
581.6528159180868,67.93047346158687,angular,Very Very Poor,30.90315720585953,446.51186294269235,39.852173392666586,359.95573934182335
1013.0060089948329,26.581999931863564,spherical,Passable,26.03211657413849,287.2943725438744,36.36204098822388,180.68428930027403
1422.718775928316,117.51797377467793,lens shaped,Fair,47.264179264565,44.113855662781646,55.4188178503956,40.0
277.8896840701065,36.294563665664995,angular,Very Poor,33.37597871098371,808.165916728717,41.23375012832874,518.9794938664727
1628.7776083879849,64.76548133513778,Cuboid,Passable,26.53328993553003,60.08761900719687,33.193366626579156,40.0
1181.5629992488382,133.204039858973,Semirounded,Excellent,26.8834151965588,40.0,37.83915123343045,40.0
1236.6430412205732,36.84743899988717,lens shaped,Excellent,37.4067841577824,40.0,45.742776679756226,40.0
506.2065629157955,138.55982030083894,Irregular ,Fair,38.28262449279348,378.19718629883755,44.56997377820847,285.11856639482266
270.9943703616897,69.34626634628431,Cystalline,Fair,45.2451795275076,304.3588604444759,54.97421165581353,236.41303931799027
118.0,56.97282473889781,angular,Poor,30.480356871209985,309.02755078797327,42.40420197290773,241.407288925655
833.0264637981389,104.78403529926686,Cuboid,Poor,29.92818833679421,246.1807512715117,36.57094168357852,181.99113109264027
286.791550788781,146.10711923237943,spherical,Passable,36.45651684553563,352.2981550552735,44.32856456083979,244.03596445322046
1055.9991435353782,63.5745642234143,Semirounded,Very Very Poor,23.73274918941306,473.34619631850865,34.96934553816826,315.08229599612935
365.0878060383111,154.36946584282794,Elomgated,Poor,39.219402663311406,332.45431231009326,45.825820940841176,222.74055300543787
1400.111957829695,90.79810783225376,Cuboid,Very Poor,29.62572323444761,317.99348693836623,36.995673468981856,217.69642126129787
955.5482193001843,196.35128134149184,angular,Passable,30.96995412051241,177.24368124263214,40.35818127956926,140.0225854424256
794.0817456160769,108.53350548812415,Cystalline,Very Poor,47.55535344815639,444.7950188194918,57.52051021428992,372.7585757857898
1633.150656998701,40.68505844622614,Irregular ,Poor,28.319927073072023,40.0,36.86396360458585,40.0
1519.111277993802,18.89810367134718,Cystalline,Passable,34.869813810724914,40.0,46.64141159934811,40.0
118.0,219.13946905773906,Cystalline,Fair,55.0,129.4341217785775,65.0,81.8802439860116
1001.0817015154302,79.79891694657552,angular,Excellent,30.820145206263703,40.0,37.51591456703755,40.0
118.0,47.83633977532238,Oval,Very Poor,55.0,589.0995203979717,63.75907131785617,447.6267849140353
520.9392707092258,38.18924189610698,angular,Fair,28.453271265201714,322.3989848202214,36.83268927188327,234.2454705199423
548.1552129132106,133.5382263406999,Elomgated,Excellent,27.11083652460085,64.16735404879387,36.614304779716974,40.0
992.8928346139805,63.61769409538178,Oval,Very Poor,42.48118581925447,494.3974689628741,55.707748604985916,340.98228679869516
764.1751454835104,37.056710738464474,Irregular ,Passable,22.095836545999745,229.51293767533195,30.506956635837035,155.7469367334449
1739.0640273022977,142.63802856108495,Irregular and angular,Poor,26.43026091545703,40.84213096004254,37.004004922456566,40.0
762.5723788571768,120.85144778232949,Oval,Fair,38.61528814949302,175.356143349204,46.44557717954671,121.19766670737108
1516.944101573943,282.83752738580597,Semirounded,Passable,31.403177316870444,69.76143918946971,36.17074719807815,40.0
260.636414490285,89.51404948276216,lens shaped,Poor,43.022104159037966,263.0185342049977,50.74446326354143,206.821561699072
736.6431131025058,36.72889498543538,lens shaped,Very Very Poor,39.74633019310366,476.0101415022073,45.86855277557577,291.2202905295717
1159.627858984537,47.02029692191028,angular,Fair,30.328474742393183,226.97480906301095,39.70947522304385,158.1672672196425
485.26435819889906,191.97640429215204,Irregular ,Very Very Poor,33.77228263657454,438.2712203731047,46.08420582921661,336.9204027383885
1190.6927757318597,77.17864717756154,spherical,Fair,29.701919515350912,254.5775540823027,36.061909674265465,157.5176052142379
795.8994913992659,108.12513761647622,Cuboid,Passable,25.906815181451535,265.9609446987163,39.096291904274416,155.59166043764696
118.0,41.75457180341771,Oval,Passable,50.69917591886288,331.9304526140652,57.42792740918046,234.77308961405262
471.05029597408134,31.198026346365612,lens shaped,Passable,44.63898330289811,359.19034145950485,52.42932798912215,220.48463454111052
947.1311795114084,105.66204388301017,lens shaped,Poor,40.41969750493271,145.95070719210653,47.20979961634634,114.16816686001744
958.3455706343706,37.8504829392773,Cuboid,Passable,32.873622701554254,274.43227223205895,37.3193024543407,182.87322334677947
744.1105560025218,229.90296989137732,Oval,Very Very Poor,49.63912261165565,411.4175668281489,55.55429766193884,271.20026698925955
870.7567821848814,88.5827365238844,spherical,Fair,28.41803340325669,297.5580473302496,37.93220242292526,234.93989612996023
1057.1956616962661,50.14864920827659,Semirounded,Very Very Poor,29.156443270166218,383.8587450434403,32.97321347578192,268.11990361255795
902.6447588962756,179.5646398083509,Cuboid,Fair,32.855275431733574,224.78384337795862,38.91039726350121,158.02186773316606
453.14706151000064,37.65874852465676,Elomgated,Excellent,28.779007410825237,161.495719824425,35.00390808866183,118.09889886541657
485.19916021433954,38.63568944562743,Semirounded,Poor,27.11785990611007,399.3941852857537,37.62498817822733,246.19297160359972
1587.961095637941,194.73737137986834,Cystalline,Very Very Poor,41.58873611001019,206.8596616115574,50.854980963374324,161.35967845588254
877.6418681521662,42.937183872217574,Cuboid,Fair,25.946731069064803,240.5705425079734,34.49089473828278,197.90283743302032
1359.016471871493,89.2774290721008,Irregular ,Poor,28.911983068932457,120.92044403247075,36.214329430487304,83.18018958332614
1022.9314317995543,13.049296688988665,Irregular ,Excellent,24.328776203112866,40.0,32.45934287576407,40.0
603.9281213865278,148.69553561254608,spherical,Poor,28.251731382526135,285.885259099295,37.42940608496218,167.47066269919043
118.0,82.00749971271942,angular,Poor,50.43248567517933,404.3963472161672,59.352400201330276,262.51495680412233
962.3796540753141,22.420290633107985,Irregular ,Excellent,27.407733079468592,49.69415031470774,33.89486504840105,40.0
1105.2088823872602,122.11240267289605,Elomgated,Poor,35.6799254744355,205.64256266556396,38.6351601320668,129.95683302485494
933.2123032573272,82.22009994914542,angular,Poor,28.66953585173178,187.32875017893346,34.245188195308565,124.30967358210586
675.5723739570723,42.84710801760337,Elomgated,Excellent,24.100243665910245,80.38863825182796,31.846631261557636,62.36237447621669
652.9161404014096,100.25163883836728,Irregular and angular,Fair,28.09618207700914,299.8003041049036,40.44090842198223,175.73311872443833
1016.1380967324224,113.63323086224212,Irregular ,Poor,31.95502008595141,201.44726022088523,39.97257719250067,126.32821518605725
901.8068810249093,61.77634031213486,spherical,Very Very Poor,20.920340208767165,371.99584446212475,31.08243886708019,305.0030386740366
536.4102923629024,156.39644580968235,angular,Excellent,34.6400522353119,77.52200944752475,38.36812347465203,58.76879480559694
1009.6063198749652,190.16153632063728,Irregular and angular,Passable,32.654900712375586,177.94289198605094,41.74933101952458,104.95686100233942
688.0600212337513,67.81890383695688,Cuboid,Excellent,32.89875868274701,103.00443698965745,41.07858795970625,57.89576532676065
1399.8244259434045,211.6621066996072,Semirounded,Passable,30.020827973031274,124.32203427052914,38.50416568414725,79.89907402319079
304.3539343115335,61.32041433446742,Cystalline,Excellent,49.516560532816385,41.92164559515701,58.645244345835124,49.60937906570382
1123.8454340709302,68.41131089771145,Irregular and angular,Poor,30.450886745011424,204.39292801943583,32.11035372897232,130.93001722614397
118.0,75.2233091047044,Cystalline,Excellent,54.710057498554114,120.31731745913248,63.48914182604829,69.42761827563962
118.0,267.9686290053996,Semirounded,Fair,55.0,76.9668199918201,65.0,62.068147329794165
456.8498511944443,38.32461431392932,angular,Poor,33.40156514645258,442.01405677614366,38.612595700952454,307.18106417457244
811.8828022226996,56.08776799379534,angular,Excellent,27.77100011903765,44.27829216288153,37.88099602306968,40.0
609.1380461471083,69.8849250595231,Irregular ,Passable,29.034602093731273,304.7033266159942,32.790667506119945,231.48036388984332
196.69888847739094,241.59947101432755,spherical,Poor,46.60125526792338,240.93088719797308,55.653630515870155,168.01633824059775
384.66211979803995,45.850787057385226,Semirounded,Excellent,31.643890274179874,178.32412606522038,41.69775707035836,150.98658985511577
515.8057180671166,76.2829929579903,Elomgated,Very Very Poor,28.26996525190327,548.9378153406798,35.250999253691475,403.06336281594855
1050.2503782691279,23.226744979292334,Irregular ,Poor,26.176533350246306,195.93834538622596,35.608743331498985,176.29362735432002
1446.9785897506677,24.319425033191425,Elomgated,Fair,29.827620202518567,130.69958149174147,39.18721533001831,88.73823056524603
560.1869374128215,40.901554870526816,angular,Very Poor,25.99873823943413,462.8720730894456,36.32345575518048,332.6350131961046
766.2806577306036,87.1936955210759,Elomgated,Very Poor,36.54235826787444,618.3716994154977,41.37828368106333,467.78767518560846
882.344818195471,73.87785497414993,Irregular and angular,Passable,28.934739453336565,235.718037808291,37.603959759463784,181.79471095405856
803.4153705574802,386.48750250721326,Oval,Passable,55.0,147.96102611345336,65.0,85.62240668359883
977.1248190677536,62.72160170152734,Irregular and angular,Passable,26.575543582393184,228.70474807769412,34.3967542704857,135.59844165063203
767.3220240737763,50.93461181209154,Oval,Passable,35.406480351912464,216.06413460083186,46.674387325687356,149.45993939434217
1243.482216161417,417.70666332224795,lens shaped,Excellent,55.0,40.0,62.37250045772057,40.0
780.3434646249838,23.605901719980334,Cuboid,Poor,26.380958186585385,280.4289147502512,33.09177363545314,172.03615947817062
1032.6318714330712,46.91823319473428,Irregular ,Poor,28.433195271695617,187.9073480228811,34.34319426588559,131.6269044647849
1095.085687795529,101.78097710189697,Semirounded,Poor,28.433041979562862,171.37390236202708,39.09938373066481,149.42728274822986
818.759319923455,89.02156135421099,Irregular and angular,Fair,33.74539774475021,326.34968260658553,37.771448273755695,205.6357605021958
1519.1510666752508,392.63046758542475,Irregular ,Fair,30.829367502029083,40.0,37.558282289565845,40.0
841.0951227083601,60.686729414766994,Irregular and angular,Poor,27.608447515314925,257.69036525734145,36.986085713996054,135.1283679710718
841.407005109374,16.057952315909738,Elomgated,Excellent,32.841290808553445,118.55343228176069,39.893815810064154,92.56467889558424
633.4914353409847,31.67037937636871,Irregular ,Poor,33.83133012183032,378.5743398211247,38.09610830838144,238.58777468311516
724.368742441891,42.56692433918935,Semirounded,Excellent,26.38730464219447,63.02469618280459,31.484169598646236,40.0
469.1490626222218,34.133815490977696,angular,Fair,30.392596681121642,332.58275566936453,32.53621767967406,230.5592595011804
987.4719930120334,532.7443243760619,angular,Fair,41.85989777921113,139.5592382650465,51.895944961201074,96.85075126952435
589.2986354423069,55.15280401123735,Cystalline,Passable,35.367768017533656,222.3657713549603,41.344828840776806,137.78420315664724
1502.0735565917687,45.14657744174708,angular,Excellent,27.41000546315171,40.0,34.27595314765871,40.0
515.3389869089427,40.00610036768278,Semirounded,Poor,22.661287684122826,322.95486150106046,32.23567086190064,171.46729306455038
1749.9062437488726,102.86763930900648,lens shaped,Very Poor,44.70262473165761,257.65676869684523,52.515665111957155,187.1189627360615
1255.6962575619318,129.62490066142328,Irregular ,Poor,26.115482333069373,118.5685394682409,36.43563126325768,76.39548016159276
118.0,24.368194091159932,Irregular and angular,Passable,31.003253981042388,403.7362006375103,39.36193284107276,304.6014365262656
1480.9122032638775,153.3580717445383,Cystalline,Poor,50.82279162224432,40.0,53.997615991361975,40.0
118.0,54.73036948163508,Cystalline,Excellent,53.74235041141668,156.56725743334056,58.194234445482195,111.15728931655654
1326.7685630309961,91.90167474731699,Oval,Passable,34.673015910763986,62.24306515599089,39.93592028300214,51.68977644435433
638.393852723251,65.61677547257916,Cystalline,Passable,33.033091006609524,216.74140198143172,43.03482289537874,140.14357798701894
464.254602936023,124.7219808137612,lens shaped,Passable,47.04591008186693,289.6999815937919,51.203632566228094,174.48413518003787
1315.575716841361,70.93585667447407,Elomgated,Excellent,28.429070360333355,40.0,36.717709584646016,40.0
1211.4808984942413,50.81249543221513,Cystalline,Very Very Poor,34.80932976789427,240.86254917519258,41.628959087210156,185.0540297507795
634.7602973435039,54.86884680596771,lens shaped,Excellent,36.31162803340404,60.55393864841852,38.60252232970394,40.0
890.8473045960576,70.7079571521994,Cystalline,Fair,37.944272437226466,168.80454854452844,46.48222068043121,124.15165038956317
1054.671335510813,260.87370664080004,Irregular and angular,Passable,33.140552998494314,156.1591555814246,40.840983512878104,118.29174908971137
473.05085541023254,180.56147449231665,Semirounded,Very Poor,38.43921357670554,535.6839456198892,43.13128158195767,349.2563917686373
559.5833855812391,122.90113917086113,Elomgated,Very Poor,37.67520693606777,689.8068015998158,44.44215898042729,473.4017813416518
1457.3345580439964,31.65664714766935,Irregular ,Fair,25.44942552272681,79.78649209180367,30.375388984522218,70.40413946629684
1006.577781007533,28.201249521675052,Cuboid,Very Very Poor,28.798055251063502,499.5372984879439,35.14099208552182,307.94890784261787
798.3738524153962,178.33697770886104,Irregular and angular,Fair,33.120511929349085,229.51251704167797,38.769187075747524,180.796769792362
1050.151131806303,19.74827882340013,Irregular ,Fair,23.621638704005623,202.4270397451782,32.2715270758989,169.992630212371
803.6649119359298,32.837175235739714,Semirounded,Very Very Poor,31.41505595686911,530.9587846833476,33.947202866016276,378.96060379722513
667.3717183984637,82.9148802845439,Oval,Poor,39.41609536106078,207.40868462962268,51.414935973398684,139.9532946943437
511.44289550673204,159.6571180825334,Cystalline,Excellent,45.31757397548554,40.0,56.35277149191158,40.0
1380.8120125725745,139.74355802008256,Cuboid,Fair,32.66087351414853,120.93735924955303,39.845468501100314,109.54563880086016
1174.6810168222862,58.36291595281293,spherical,Very Very Poor,27.259174816964567,471.1539326561003,31.32420503738931,290.08779632801406
676.4447826785084,35.38816467015468,Irregular ,Excellent,28.524881219797372,75.76207708009743,33.179979180088935,55.07551065798507
369.1897022003385,104.4820519334315,Semirounded,Excellent,41.728252714734296,111.28328371275363,44.67672800574663,117.64029288886348
174.88244629994824,43.16581095924321,Irregular and angular,Very Poor,28.404565104719154,606.863678454199,41.0018966375669,382.1136202558245
353.97867236541845,28.262584879216114,Elomgated,Fair,25.647658464157892,372.33123222644065,36.155355396041514,240.7229040040193
615.4410143858208,55.93420646076533,lens shaped,Excellent,33.71853979757327,61.97414260514888,41.863713459166206,40.0
466.24955343563295,38.6365031938488,Cuboid,Passable,30.447244165270522,326.6023544401376,35.269751896915885,236.6947145065044
241.6344000978902,76.14904568571129,lens shaped,Very Very Poor,46.69256008576065,460.6336817619751,58.41267484323231,341.0546482898427
321.25070994439045,27.939436661611996,lens shaped,Very Very Poor,33.6160905133506,483.86881070979047,40.92896434992427,327.4757834176579
992.8724910230833,52.45722916490962,lens shaped,Fair,40.45416569498932,169.64604294220524,45.45917771701533,95.29977473594975
1019.3427819051686,48.272876173975924,angular,Very Very Poor,27.695990589096972,472.95686880935955,35.033001789160366,328.14147267773
129.27028591225496,30.345038715125895,Oval,Very Poor,44.77791704075356,534.1364263356921,49.17175990824107,368.62360864144324
737.7157143654506,122.41750045567964,spherical,Poor,27.049123578390343,271.45615758161574,31.50312319871624,228.89767261345574
143.338178203648,73.53919386203358,Cystalline,Excellent,55.0,54.36952841833901,65.0,43.230098639267304
245.60988406453248,38.63199525368725,spherical,Excellent,27.709065795730844,303.18592103716475,37.14407849775765,211.58803543615576
1267.4954705249065,93.81695525145857,Cuboid,Very Very Poor,26.63965490183227,330.94180462054214,34.80526127961112,215.22047725085454
428.566135245397,154.03508324007421,Irregular and angular,Excellent,37.05266304193565,104.19104613639969,45.32258529470977,83.28828318051204
872.8692366485967,133.64631172977732,Oval,Very Very Poor,48.069402350793666,482.7376402525665,57.72086251702037,291.7962998549631
118.0,55.154442614803884,Oval,Excellent,55.0,121.85801533480766,65.0,88.22706968230476
589.5308579474668,151.88577824555026,Cuboid,Poor,30.78079379764486,289.13546612013585,41.50229483628077,229.2472232910486
1126.9692457584215,103.83524348300372,Irregular ,Passable,29.94835628198227,156.92422585906434,34.038613743108726,98.46194379488522
1112.6955363545148,61.36675720019242,Cystalline,Very Poor,40.06911588725831,393.3646018889486,45.007934336804084,323.20056680393753
118.0,231.2298084035548,Oval,Very Poor,55.0,316.94107555113743,65.0,229.1828085349601
1427.7344524811015,83.04298213787115,lens shaped,Fair,40.69486011882998,40.0,48.32950449866717,40.0
774.4711223772762,86.66795014479993,angular,Fair,28.940357918724374,278.20029405259885,37.78289397817512,174.57172600187235
305.50216475422764,90.0363139610887,Oval,Fair,55.0,352.4006526107278,59.08830498909466,287.9325603978987
1265.6922207901255,143.65409694160493,lens shaped,Very Poor,40.133734044309776,240.61948456346644,46.69233547117544,144.88202764865883
438.3818532615557,19.82024099988573,Elomgated,Passable,32.12755601118157,440.0563240233271,38.20276469623431,295.7019941951742
451.04340056232957,40.34754083568854,Irregular ,Passable,31.121587057797075,349.58068476585936,33.45510827117004,247.25417031025023
708.4572399245602,169.58027197958526,Semirounded,Very Very Poor,38.51432178503366,489.81839695571267,44.67985990644913,326.69480207806555
1115.1041553119182,78.39425768402316,Irregular ,Poor,32.08349250897684,209.9840343960301,38.02648767119037,152.96985185844488
755.2526596716312,48.379364494223076,angular,Very Very Poor,30.384042604559035,415.37239904639034,38.01891181085727,308.13027247019374
502.2136115300585,85.71823392398086,Cystalline,Excellent,39.89285033043625,76.61760315549566,50.592899241920605,40.0
770.7023910363504,45.31248672587242,lens shaped,Passable,40.02525791295935,203.36448614152826,47.96994508647177,166.34330033276797
603.7491890793867,78.63782268627936,spherical,Very Very Poor,25.799603662406753,499.77253620563596,30.66018845619763,277.88838809511304
736.0302338064582,72.75428046652232,Cystalline,Very Poor,43.70924808548338,441.73101030579096,50.27358290801702,266.2031163436204
718.1462929330633,212.53729983382132,Cystalline,Passable,46.3178480623613,185.3654356504303,51.41860957616629,130.68508732828565
1079.7569886158724,84.52562956102051,Cuboid,Excellent,31.815362350575512,40.0,35.37753438463364,40.0
481.0802517731042,174.1367428432407,Oval,Fair,44.97608247824502,229.23498931158935,56.06024834823847,185.0389702667943
1170.2042520948944,251.8673699466627,Elomgated,Excellent,36.22269632495896,40.0,44.543643544062185,40.0
661.873318805783,21.970800369152478,Semirounded,Excellent,28.784003708151165,109.66381694687065,33.882300798581284,94.74396527079935
1208.3130367003587,23.525328644091896,spherical,Fair,23.847485153163227,188.7181358035081,31.857067238179603,140.7105724316109
1560.208528199208,48.11336756131492,Irregular ,Poor,27.693170101988002,89.19986354506054,34.847327599532136,64.17219817344427
921.1602148117681,48.03865806534667,Cuboid,Poor,27.470506883199405,218.79283858210982,31.817863090716628,178.74074659349245
930.8903006047561,101.9329087375613,Semirounded,Passable,29.62727538781362,229.1044151034512,37.22647428642144,156.62328966980726
989.9616390537915,134.53236626364136,Cystalline,Excellent,40.922376474285365,40.0,49.07256779946503,40.0
1427.5146926474022,140.96300812591466,spherical,Fair,28.17351961259273,122.3956413714206,32.83265662878509,88.33310289327399
1306.3383882620756,80.17220522309488,spherical,Very Poor,25.93830513949827,486.2282381571668,34.15816202846337,357.82532656767125
1458.6294142417592,77.48021899889588,angular,Very Very Poor,24.694148992729602,320.76955764048853,29.373040200233696,224.3599453206332
1212.9808263853781,157.35342536750576,Irregular ,Very Very Poor,34.73936914396477,386.31274827623497,40.443569492639774,318.077246503146
1236.535211742768,68.66714249082929,Elomgated,Excellent,26.752438347281362,40.0,34.62625664111034,40.0
634.4915244323885,171.4119106849799,spherical,Very Very Poor,24.232733035944396,449.6953544683105,33.044070510144394,310.9810766294229
794.2378051325273,55.427249928234936,Semirounded,Fair,26.39551020238028,250.8386434500058,36.88383204549786,195.62691216075777
854.2833875897546,48.98838907823076,Semirounded,Poor,26.428596456390302,246.00627235918498,33.45319824414204,164.13978749789698
1308.2502334770631,261.80664633510554,lens shaped,Poor,37.84304269493764,63.820639934720745,44.41411414037178,40.0
269.55723437938775,98.85857483647057,Cystalline,Poor,40.43022411984409,283.9815367147723,48.79396704080313,216.87948939038375
1061.5088478682942,43.63137533785791,Oval,Fair,42.084530822560644,125.81729899828323,49.84708209658762,103.11227562932814
776.3556992270379,75.14467842794666,Oval,Very Poor,46.433035375983316,495.2141363928101,54.17519972773257,332.42892666187595
593.4818555387587,111.23358611698993,lens shaped,Fair,34.271706698563705,219.5498583607544,42.03833736403401,129.91955878326672
1803.756025062866,11.631230327198496,Elomgated,Very Very Poor,22.05134313534492,225.12597866600655,28.780579759081917,152.64147487369937
1008.6705037169745,36.96033399743415,Irregular and angular,Very Poor,28.75301083260334,487.36434558172334,32.78292320784468,374.7538617767068
118.0,200.76128181016247,spherical,Passable,55.0,255.58074196007829,65.0,128.88107517327984
1629.2587922903272,77.84899653020757,Elomgated,Fair,27.252559181265873,40.0,35.82658188432709,40.0
577.065605388336,64.66641983354546,lens shaped,Very Poor,36.91065147855335,378.6199075408817,42.94455962596641,206.61557390614587
1605.1159325323115,28.7662769322577,spherical,Very Poor,20.51862076560456,294.9811680349707,30.327425635987623,201.02590378076826
824.0795988962689,121.0609711832202,Irregular and angular,Very Very Poor,23.270399634386216,447.1829362798518,35.86059225402265,313.4290215871018
118.0,90.20359788665725,Irregular ,Excellent,47.42664804147026,163.3219936964678,56.135849728285024,128.79073761061642
784.1385943467305,204.77666760971766,Irregular ,Very Very Poor,26.26100536953757,374.47628563381323,35.60676410166158,266.237956824402
416.6162338401976,203.64619066982578,Oval,Fair,54.34189820451118,231.9507675238721,59.009897062269665,158.16923775282066
607.4918920098407,108.9000436378841,lens shaped,Fair,42.83627621620488,202.95353903790604,49.83671417094631,172.8668451298385
493.7549310603073,22.551023778147734,Cuboid,Very Very Poor,32.75513627577796,622.5882665268962,37.2074587187506,479.11781816737397
719.32868972562,34.89389446040209,Oval,Fair,39.27162746859643,246.46576980536565,45.75714267204084,139.20979433888704
1201.6377701702738,149.44858127559183,Irregular and angular,Excellent,29.533334994126662,40.0,39.777336993224935,40.0
760.0003804891143,59.62682645624735,Cystalline,Very Poor,46.17188574809904,571.2637271860441,50.97542174209141,357.72292412193735
1784.5072126322616,129.36633636067836,Irregular ,Fair,27.56497542559418,40.0,35.823543877005974,40.0
1292.2525105540212,40.935532852022405,angular,Very Very Poor,29.228546862636296,378.12913519488734,37.459658037046275,264.61625784917675
1184.828251334422,62.1728605540314,Irregular and angular,Fair,26.82527819687841,174.86015258478884,34.48161089368809,99.8723876110964
551.9785975950331,82.14597727578263,Irregular ,Very Poor,30.207504203089762,486.40267445609356,40.65564218513394,344.1328971993603
857.4415034343409,70.39346361083494,angular,Excellent,25.865948923435827,40.0,28.288164923407734,40.0
311.22904251666125,126.96251666662545,Semirounded,Very Very Poor,41.35719149563254,712.1565742991448,49.53579115126119,443.1055625774583
667.0831124039559,121.7817588115913,spherical,Fair,28.880043182682357,299.17250565124573,33.724787179908816,217.65816973035425
1517.5835883704076,132.70126369691332,Cuboid,Passable,35.19156511725763,117.26228783306581,42.346784983069675,71.46775806924722
118.0,141.84897056637686,Cuboid,Poor,54.31456769031034,218.39461894322233,56.1708814182338,184.75063784013415
118.0,60.282604558652395,Irregular ,Excellent,38.36896090850916,125.94688614711093,45.573337745877936,113.33503799492813
118.0,24.334921837922316,Semirounded,Very Very Poor,29.941239011935217,567.3509712834555,38.68339928146698,430.2694032359466
916.4006498234753,101.60759671295632,Semirounded,Poor,27.863515282095257,227.68101434458714,37.50554078479406,142.7813582516817
1053.4320538173185,33.584508815473065,Irregular ,Very Very Poor,21.87964548459368,442.99987557612565,37.08372636047124,294.7788994049359
923.1605540813899,434.2205207096758,angular,Fair,38.91382296631665,181.269165996161,45.074088334070574,140.84986803812095
975.9901855597863,600.0,Cystalline,Very Very Poor,55.0,315.2639042592921,65.0,239.95142413412626
677.1811944272214,17.829828218622584,Elomgated,Fair,26.082490603216666,259.5243963438836,34.376385560196745,199.814628768295
1619.1733814791182,78.71988874310962,Semirounded,Fair,21.791752919571525,60.37487188381303,27.958988354933837,40.0
625.8397290163117,10.659971351550762,Cystalline,Excellent,34.524281418615764,65.70728424245269,43.99621304910627,62.71504266623616
382.44117148456263,116.6752897724894,Oval,Very Very Poor,43.46028052139253,472.3137185333026,51.71245354131395,321.8967428806729
398.3045220418794,133.65215056634975,Elomgated,Very Poor,39.45322137004399,605.8790344391018,45.90768330516357,435.5478636676645
723.64677855548,87.38009800248514,spherical,Very Poor,24.47131095023843,427.72081008286636,29.657318785291118,296.09373717434806
773.9600276483379,56.446721133474185,Elomgated,Excellent,30.357192370033143,59.57465715474412,33.503928811868064,49.79914385515145
1106.75347868668,19.140198826693748,Elomgated,Very Very Poor,30.811249437604793,551.555389942653,35.566174224293796,463.46634171401496
213.42144389008752,95.48176648263284,Semirounded,Poor,37.635929401684116,365.36608709620975,45.78119640838656,226.03618749125826
932.5572702892995,144.18677087446474,lens shaped,Fair,39.773359218322035,156.60499525343607,48.52117505331873,115.92110988969128
118.0,94.72810020791191,Irregular ,Very Poor,48.07376261827628,528.2729051315639,56.094713225579824,326.6294168931495
938.950239503243,177.6276603580225,Irregular and angular,Passable,26.58412573142568,186.33930145713705,34.3594060842812,132.45895744089157
1439.3152373267199,76.62004660432453,angular,Fair,27.579465565591182,98.15380163703506,37.0038092914224,62.502304254042215
1338.9744304752926,55.82258374877785,lens shaped,Very Very Poor,34.99456116314017,203.2028966979034,43.28884834064924,140.6868704392747
912.4039233987074,11.352950140219773,Semirounded,Very Very Poor,26.747854278119373,447.16497312073426,34.25761230899163,285.3472207347152
716.7548455481041,236.81084867500672,Elomgated,Fair,37.98898361540434,291.4958895018947,49.32786702471305,166.7882412049482
863.7402283770109,210.31670886580264,Elomgated,Poor,39.72400811386357,252.526478892393,44.66985714195265,220.04579465468237
1608.167414535796,31.52466617745001,Elomgated,Passable,29.01388275325936,77.89801400814184,36.011026643379836,54.08358448676007
270.64893410494665,33.40852200969684,Cuboid,Very Poor,28.521588323426357,656.8288601611241,34.77503005972602,481.6631319231831
798.068584091795,89.37611230386963,Irregular and angular,Very Poor,30.220929312889247,434.81433250487123,35.18765664739753,326.84663216227085
1062.2872869006821,229.69265174911598,spherical,Very Very Poor,25.545172545000064,365.6572299679408,39.17256627993224,244.62088808299248
910.3541631657906,227.61300095231115,angular,Poor,36.6783626552607,213.50995433586093,43.119214017862575,115.58145041843312
415.25028053939064,61.284618952864726,spherical,Very Very Poor,22.776821767645806,494.6829284037762,30.592028961972456,372.55081736701254
1999.6021699756186,61.73411187419362,Elomgated,Excellent,28.140446654495918,40.0,32.981079642261285,40.0
847.1369588486668,210.4016183605411,Oval,Passable,52.44883178928015,196.74013415518877,61.45927803306508,149.02906888353877
866.5092934935058,106.17745634622726,Cuboid,Passable,26.003641267407303,188.7167917175024,30.388979336209047,115.70041875447431
1044.4598489381367,47.818487536207115,Oval,Poor,39.03916166354113,120.56698191517594,47.94232873869028,92.40062641890538
838.8096044389446,50.32789028212218,Cuboid,Passable,28.945964210256584,267.162301248574,35.50083152301344,168.7749492214234
118.0,143.0528595116702,Cystalline,Very Poor,55.0,402.68012048394087,65.0,250.1397507494817
716.804793612228,24.73856652212068,Semirounded,Very Poor,26.83122887364501,542.91594372301,32.75181093639458,410.5493532095452
1548.387209406571,74.38871739229464,Oval,Very Very Poor,36.11324570199421,221.6354698437664,48.75561153525591,176.41917866804573
1280.8290772206567,242.83479440225364,lens shaped,Poor,46.49439062010608,59.10557117901625,53.93380345577147,42.69630862482614
852.9257629881143,64.8568747862134,Oval,Passable,38.53058678620069,214.36199331912286,47.036103420062005,137.7179395877277
428.78509149181673,54.95138666120699,Irregular and angular,Excellent,28.167285797482403,158.84502162307473,39.44103033336491,120.69841689245473
828.5623434184822,110.40976317956148,angular,Very Poor,29.83315139988384,551.3385759097497,39.27810592064551,398.17165293816186
932.5700764898157,83.26002020945042,spherical,Very Very Poor,24.88553421115323,442.5252445006247,31.457340128219307,366.3783201238748
1131.7710178510924,190.1106716434481,Elomgated,Excellent,32.75848574879057,40.0,40.39751661511727,40.0
118.0,89.50723735225812,Semirounded,Very Poor,51.49246384952113,559.3253438334011,53.51173242813039,362.94489824987795
118.0,27.09308667149758,Elomgated,Poor,27.791086708747557,409.10558207001606,39.29809939040416,286.10157165259074
945.0769759665736,53.3889995238692,Elomgated,Fair,21.45638440077382,222.9137431332244,30.852787408944568,116.60931213498789
158.11386719825987,136.55148795465033,Elomgated,Very Very Poor,44.9627085057948,514.754770781734,47.64393339014784,338.44714194602994
411.34876813448153,126.0347423619058,Irregular and angular,Very Poor,34.82602111507335,492.42150786063274,40.05285730948653,336.9088218905448
715.3649797227727,170.16217877317558,angular,Passable,25.45565153226088,242.82986440836453,33.44689227181281,178.01837460582124
658.674070447577,176.6670817503187,spherical,Excellent,30.09316399347059,40.0,40.22555501596139,40.0
965.5587371063199,346.34648539431976,Cuboid,Very Very Poor,35.64419036597215,381.21689858307127,45.09473934264535,273.3175488595029
913.0993233861933,246.18917242271385,Irregular ,Very Very Poor,39.43032754513304,593.743517417484,44.47080063360503,466.3703846270216
118.0,212.22539355806433,Elomgated,Fair,55.0,165.03891183498905,65.0,95.2238906618009
483.8759735212179,57.681339869875025,angular,Poor,23.482416325303625,305.7035944214482,29.943743389979222,196.42215956550092
579.3628298282499,113.16368137847539,angular,Poor,36.62764427584665,351.8806389698336,42.32114821340877,264.4791308307834
1112.5700807755386,164.8198706409383,lens shaped,Poor,45.82104118451154,128.36147076076597,55.943186811638185,105.94299800085334
509.86962412294577,135.2771217301375,Cuboid,Very Very Poor,41.549728661862886,669.4335815257533,45.7768970130597,427.14267317656396
396.30970374340353,92.7856212157993,Cuboid,Passable,29.095140562608435,317.1338224277669,40.177322118361865,250.1817777613801
923.5844003688264,234.52503055652733,spherical,Very Very Poor,27.122056184594975,339.7635327387866,34.87025252498706,242.66495527857444
438.757620910676,125.60916504402068,Oval,Very Very Poor,39.55291703107827,379.021204328987,47.797513207993354,248.0199560998135
585.7450865661076,20.017573515140253,Irregular ,Very Very Poor,26.869967546806787,512.4910356460665,34.06705062433005,310.0515224252432
743.2551919083809,86.7824112770227,Elomgated,Very Very Poor,28.250451990666377,503.01436191528177,34.10959440143744,292.1972571763168
1476.1601260669563,86.74479093762069,Cystalline,Excellent,42.10275713302642,40.0,47.012139966305945,40.0
118.0,27.239022471417798,Irregular ,Very Poor,27.6153946328896,596.0697175131139,35.92683643473818,464.4975987373496
735.7115794750063,102.24474876967871,Irregular ,Fair,31.541650457204433,248.45057556370875,39.15680267461161,216.02058009627092
1752.5209117221427,49.09647334706775,angular,Very Very Poor,28.548324393263364,295.2170641095705,35.60504633071871,171.53542313417103
248.02602838861708,37.886025180578656,Cystalline,Poor,39.26198086107636,337.03279988754304,49.18469988522992,257.75201207260227
958.5886759661416,205.47859399699112,Irregular ,Passable,33.234006271613836,212.1973568028094,39.469884816064045,150.73653061629324
118.0,6.45211231657648,Elomgated,Very Poor,26.97312480994679,617.8862579192344,35.650219377632,408.4111619765404
382.20011068854177,45.74986799635681,Semirounded,Very Poor,25.779286386132767,504.75271833939104,35.88483117875245,334.1548406554449
205.19795027939938,55.73375224826193,Cuboid,Poor,29.457465668541435,351.7594255008149,37.68749169033199,202.16910762426738
955.6016357269065,136.52536467675776,lens shaped,Passable,39.18168527009971,116.43459900913632,43.5537151336825,98.81672885461066
803.3668439700288,61.878901093901,spherical,Excellent,22.93576237537057,111.19549851886582,32.614855111521265,93.93472869140943
866.1062476133498,85.00101877696488,Semirounded,Passable,29.191541791467493,283.66428315122243,33.50868749908945,167.75684324026128
707.8182531515657,136.55682798801413,Cystalline,Poor,41.96155630858478,197.80318338138161,52.63381981873881,144.31199201397877
511.8905799410462,434.98128431018796,Cuboid,Excellent,51.47699736331942,59.311169759455,57.29860467510428,54.47025098930258
457.6346279987201,106.90165091445944,spherical,Poor,30.05674932739053,325.0124696091492,35.554745059004844,251.21034372441352
444.5869630542367,9.604533695931234,Irregular and angular,Very Poor,25.671279627031765,724.992839431236,38.51399260216725,557.9699717545321
1114.0871391897485,142.27246909313354,Oval,Very Poor,47.830471675344214,330.80261560412026,55.57605271393114,231.33833007414202
926.3773362858012,61.52086754093045,Cystalline,Very Poor,40.59306868557241,439.8173536351202,49.413009728119654,342.52412112779854
938.0793277225287,40.18509584100179,Elomgated,Passable,24.857249242015296,199.62013565474112,31.529624930441315,129.23566538661348
1004.7856456670004,118.53845201258635,Semirounded,Very Very Poor,28.99698393544098,471.55358490089566,34.969685366190575,330.74965789700263
993.9542422740856,58.49501716074426,Elomgated,Very Very Poor,32.66807330224333,502.9549839516522,39.17640258193412,384.30262774313826
118.0,59.35222556446129,Irregular and angular,Very Poor,40.77556318601515,648.5698973979643,50.22716751659879,504.20750112391397
354.143602616299,371.171424361337,Irregular ,Fair,54.6645001716889,214.9549849011585,65.0,147.13677409971646
912.7251445710156,193.12511700151796,Irregular ,Passable,32.434507420169616,215.02406855379425,41.49479000191787,150.12884694110443
245.3698835057694,31.228056153297757,Cystalline,Very Poor,40.58947178117299,567.528815309339,45.19324663111608,431.9921026879588
118.0,169.43859202620504,Oval,Passable,55.0,178.22032085824944,65.0,116.80239735024415
223.17805690332693,11.427124564687759,Cystalline,Very Poor,36.30988901090513,630.9433719857217,43.838100446778085,510.3028100655026
1455.0566807591815,30.68464441903628,Cuboid,Excellent,24.48884562599852,40.0,30.454682571072546,40.0
1275.9092816817897,69.99151905971668,Cuboid,Passable,27.367422673437737,153.7520249186838,36.56963904468423,88.62149316523178
264.05939148168653,302.7421578261977,Cystalline,Very Poor,55.0,413.29397736408976,65.0,279.38097042539164
974.2958292613155,81.12868934219162,Irregular ,Passable,22.175644129440336,195.59349245228552,32.548837054155236,151.41401686898914
393.015057201358,218.8216582692067,Cystalline,Very Poor,53.58510761275968,449.2178749594296,62.45857550571985,324.39279421115816
400.10897502604314,185.6412639642077,lens shaped,Excellent,53.45171320309663,71.67090783286987,59.181830539741235,56.75103725839564
641.0682222409557,60.83277369159367,Irregular ,Very Very Poor,29.225575594408188,585.7233830682362,40.023059563646356,434.322829404693
508.4816196779368,62.65073971813381,lens shaped,Very Poor,39.2552566367184,369.8462127512325,43.175777522450154,262.34429307696445
845.2721505896791,12.454535296204503,Cuboid,Very Poor,26.017174988053412,433.4960618612801,33.31009658926279,292.77209331912104
272.88732178666606,115.8500162520851,Irregular and angular,Excellent,40.32067423106058,208.41757318215167,44.617955540274025,144.54892617856714
1721.9985303119838,168.33337544741707,Irregular ,Very Poor,29.701199906817134,280.61432064660994,40.80441651928661,187.5400214588087
1030.7985401882327,93.51784173523218,Semirounded,Excellent,27.34642912905081,47.84942183650095,38.218651572514595,40.0
118.0,81.83062756981691,angular,Passable,47.14562459512208,345.7530295226951,54.43115151307564,268.6923459906625
1132.4521222964643,315.51693079634833,Cystalline,Passable,35.671151608448966,81.13896312425577,47.882702517404624,62.28036489913355
474.4779946823506,196.031472563398,Irregular ,Very Poor,38.00500307294703,498.2511736921417,45.93121269096231,308.3298521128323
973.2725839541665,78.00222291590906,Elomgated,Excellent,30.794622229170336,40.0,35.6874293405876,40.0
969.4166444801278,166.196582587045,Irregular and angular,Very Very Poor,26.323816412119,517.4091718895779,39.98243012905234,310.9424766275476
405.3665283555363,146.67296409338988,Cystalline,Poor,47.98645958383048,269.17227376247877,53.78408725801988,184.4234540380004
347.1712286947639,48.9069086800668,angular,Poor,23.268756039854807,345.3390912020377,33.488452300447854,218.33355878787862
645.0161576617153,99.30484915425349,angular,Very Very Poor,36.97417006096649,578.8172440214645,44.47939735353164,404.5277996674291
1412.6623913527853,73.03762717725712,Semirounded,Poor,29.65342332822089,94.04851314765543,34.37261130399183,81.14803503648879
524.900590210367,24.6647425295411,angular,Fair,24.709893579038035,274.5960394669121,32.138315421502426,199.244425774557
1447.7290810799245,180.2640722415761,Elomgated,Fair,27.867908293396766,97.21865598188208,39.65750745221609,58.22819252016295
643.7345128684087,36.66143685459329,Semirounded,Poor,35.01265294377849,327.01140566930906,37.60781576212139,247.99410556178094
1637.3738793487046,71.21571897076053,lens shaped,Fair,33.126209563497184,40.0,41.79186070646104,40.0
322.95480676172576,50.12693017607987,Irregular and angular,Very Poor,31.17502055299585,631.6824856019311,37.63692671626522,415.41611705098813
682.0938133853224,223.94814314463963,Elomgated,Fair,28.504266984092943,223.72041422221898,36.1328130496035,157.87638864422678
118.0,61.13708691264308,Semirounded,Fair,31.23665329025808,330.3807391471454,42.00802841833751,199.4582244657182
133.02314089260415,135.21049887172754,spherical,Excellent,49.58244717559497,135.00088264074103,60.18802269711782,93.15001129175265
1661.823555373508,105.77409927083845,Irregular ,Very Poor,28.555555225292416,301.92810890947044,33.95815318171869,183.74933377718403
118.0,170.29577750237476,Cuboid,Fair,55.0,240.42308535199487,65.0,130.28714511316966
1129.1632112706752,79.63483564139808,Cuboid,Fair,28.431699362938215,156.39019746910702,36.34579435358016,119.68022803772568
1372.5445517583664,159.49092990233464,Cystalline,Poor,46.3031376796077,40.0,60.281030164105296,52.369842988979165
968.1642698098724,181.15734304457666,Cuboid,Very Very Poor,27.30188759542775,387.923153522483,34.711252957275896,253.16089424994112
1435.9499541426571,341.66371688518547,lens shaped,Poor,47.79697627058681,40.0,52.633392856517276,40.0
730.3774347078136,87.1203475518049,angular,Passable,30.465365401766654,279.8075624923698,40.38474753575009,196.55503662098468
845.8484574974616,544.0367921540228,Oval,Excellent,55.0,40.0,65.0,40.0
189.87750002929033,46.898396881420204,spherical,Excellent,28.4522647664787,150.43978532707447,35.001097361133766,136.23007968916602
118.0,69.83944367879737,Oval,Excellent,55.0,49.610003377319146,63.164787862394576,41.906644540411136
1293.4265347930098,43.3984311318456,angular,Poor,25.17378599988483,149.29662680064482,35.49958722807217,100.99459081784623
596.9459158519928,42.88266586948573,Semirounded,Excellent,24.526485554181534,117.21316666024217,33.6811398384702,90.87190603711122
1476.7161037336023,142.97279060321176,Irregular and angular,Passable,32.84311840405466,110.91493506581092,42.414324162490544,91.5227094255895
579.2715747274029,37.06673844365657,Irregular ,Very Very Poor,25.698910516025972,549.0332243663453,34.44750509780282,362.5620993119386
1259.600330455116,63.346728236360924,spherical,Passable,21.675094277600778,151.00528626317413,31.24690720468593,109.54649489163401
1017.8834832851219,30.79646972355131,Cuboid,Fair,22.669780432661796,183.49065364462058,29.095856605803654,135.4906546750933
1171.558058496439,117.4912484442631,angular,Passable,34.03854749473787,203.46523665084896,40.18939558869033,136.55685658913495
872.5065804620278,46.852748608309,Oval,Passable,38.32415218068277,187.19407010585437,49.19831532599032,126.33974219755234
891.7190422925948,181.7011951084002,Semirounded,Very Very Poor,36.363962024846394,493.2151549622781,43.12813290681217,307.7288313450154
1225.3697986321035,73.95308134471414,Semirounded,Passable,27.903440906717456,154.30082820515173,33.96242405371837,116.77621458211837
234.42929640716727,113.06606772345516,Semirounded,Fair,39.271511433991876,351.49148600530594,45.68628490779463,242.62684661617678
669.1803105377867,81.11409688154367,spherical,Very Very Poor,20.82107437588903,493.0665992623186,26.983924822443374,380.04428608217097
663.3418765971326,100.52803129683566,Cystalline,Fair,44.06892006693285,220.55745191492355,49.0649070698064,156.46747672716282
232.56739521032307,39.28853950236451,Cystalline,Excellent,42.74220057831002,104.61281916519003,50.608610347357974,72.39548144246528
1247.2542114640264,94.76574870864664,Irregular ,Poor,28.482633962591756,154.37497467833754,35.87207743493952,99.29930681279053
2053.8784254892926,17.087406949539336,Cuboid,Very Poor,28.62356439688665,180.82019886267773,32.53467495351864,144.6358094339135
118.0,82.00022257609338,Cuboid,Excellent,44.97365149555247,161.1580405417589,54.2269105722466,102.53238487768905
528.0439834150645,284.76078053339006,Irregular ,Fair,44.4742272375687,245.30947793216356,49.11334936459803,195.23156530501097
455.7494267474609,163.45721638601984,Cystalline,Very Poor,51.03522077231698,506.0830101685897,54.09571351066819,376.2742490551779
1449.2091327078379,59.977806488102864,lens shaped,Very Poor,43.71454130914805,305.599332587173,52.5139141836063,231.35835780237844
946.8008884798196,11.465763321829439,Cuboid,Passable,28.048595279693867,222.44090757314237,34.32696462035701,167.6019476924588
1313.2667687010303,77.31593913809772,Irregular and angular,Excellent,33.67809788833572,40.0,37.45913201996619,40.0
1113.4273540976205,30.95182317942324,Irregular and angular,Fair,27.482272082958747,184.79958428117257,36.065362669758805,155.72398261418013
894.2428879933359,285.27903229127486,Cystalline,Passable,45.97693268662069,115.91474968582372,51.793559621195904,77.78454848698873
1267.5829561260248,42.28031042114794,Cuboid,Very Very Poor,28.095252220403903,424.8222629644817,35.34091495930149,277.90122111286826
1299.2643107837375,91.38951479323214,Cystalline,Poor,36.87280814218412,76.01375568338001,50.18875036040033,56.47368760177296
1310.2297634110346,201.51289488618272,spherical,Very Very Poor,27.38019845655627,419.52801846400905,32.557646512487665,257.677939559988
1243.6480423933442,238.54536599778726,Oval,Excellent,40.07648888022601,40.0,42.59743623792466,40.0
1585.6922267923114,123.86668183714508,Oval,Passable,36.923320982093564,40.0,46.97863964549188,40.0
1310.6028445069505,81.04514802090112,Irregular and angular,Very Very Poor,24.447183372287572,335.3971815381966,32.4678772791339,208.99100102550892
728.4257238897029,51.53425911677569,Elomgated,Poor,36.83853232727212,334.81914170918157,37.10820133857733,233.86302441255492
242.40812177798682,87.24202602836093,Oval,Fair,37.38962571404037,256.06985016440075,50.27426865832177,210.10482398201387
1075.8913048507293,20.041242403428303,Oval,Very Very Poor,40.184229969390124,316.7868145871427,43.96296467390843,253.62710050086227
481.35142579546687,57.26014194415915,Elomgated,Fair,23.706870407305395,311.54503250568087,30.447156417404212,245.48531736283888
1397.108162551388,30.215527863395568,Cuboid,Excellent,21.876827160252763,40.0,28.699881643226764,40.0
1416.0636932966218,32.505121163389845,Semirounded,Passable,24.280677682542702,110.97089234843857,35.04409019529982,82.27073663295549
1185.2850761794505,78.37712004890068,Oval,Excellent,43.019961218489655,40.0,48.36950405309823,40.0
839.2032326990437,600.0,spherical,Fair,46.270321679448834,189.12644049563679,52.869614371159145,118.28096651259153
812.9672569396552,41.51711728246393,Elomgated,Very Poor,25.812258503501244,520.734253314201,34.183732259109924,354.3806281033145
823.1885478122704,35.075093744078785,Cystalline,Very Very Poor,31.68881625598894,332.0055529849352,40.86229136815914,198.09660925997335
1572.6758945276242,59.20935803907843,Semirounded,Very Poor,30.08558062136399,358.7130867438377,35.618806579921625,248.87502945688703
1054.2751218047792,59.52348913604996,Oval,Excellent,42.23899283876764,40.0,44.17529811746388,40.0
1889.6412899666211,25.594933215856233,Cystalline,Excellent,37.43361597922778,40.0,48.24563003624419,40.0
590.4410869595073,76.52964094115312,spherical,Fair,30.087805917335935,403.7914113495655,35.67858961419867,244.9868580945066
428.6082216983379,54.655300008227215,lens shaped,Very Poor,41.13561581657611,525.5523724378613,48.50554302291685,405.9291279804599
403.9764049658112,51.41176724599786,Elomgated,Very Very Poor,29.660861131408264,530.9206569080162,36.71038153122157,377.92386136993645
763.2359890723321,6.030748423668297,Cuboid,Very Poor,28.278890122432667,454.74323379239047,31.892997822660288,306.3394534899512
1026.3516894739882,97.1483935120055,angular,Fair,35.70560913610127,248.0763942560293,41.86984823260184,171.23181484699293
541.8089440496167,79.58285601091677,Semirounded,Poor,24.98705021479711,285.15295585264187,32.22946583082393,197.10636004422233
382.1309588793643,162.97739556599637,Elomgated,Excellent,37.658506774837164,140.2155614779097,47.2898417831116,78.1762537353967
899.0327443154824,370.5987145677873,Cuboid,Passable,44.36444919180986,230.96485694284058,52.179203915712826,159.17293714501554
722.2626836712265,358.04862238883493,Elomgated,Excellent,33.91047261143447,40.0,44.065146734975855,40.0
856.4800056191975,194.19334376108716,angular,Poor,25.52323748375784,168.73221536355942,32.95464561388133,128.0048687272722
1178.543755079595,33.95154462724638,Irregular and angular,Very Poor,20.506946999003787,383.7108036289134,32.13599204797027,296.4398896124712
118.0,42.200585754952776,spherical,Passable,35.16126633430837,447.9976281460375,42.10808361816327,325.6138883115471
985.8283145636237,86.90741474873052,Irregular and angular,Poor,27.7321889463326,199.68415697174177,36.486202303285616,150.903458409393
1434.3343906161933,61.100231733190725,lens shaped,Very Poor,44.30749537211562,279.3522036648576,52.78041549532863,205.2824829958233
328.96895383236483,65.3051602174107,spherical,Fair,24.078095985793166,380.04386442237507,35.16314225473609,219.4169469960425
1354.683106436496,113.41443955947422,Oval,Very Very Poor,38.319044788839754,239.63601385365584,47.901972782377925,144.76821243404453
827.6446542918289,98.24610413122046,Cystalline,Fair,48.09024577817001,218.30808312483063,54.00587274912187,161.3099609068507
548.6398388944954,285.9077337349422,lens shaped,Very Very Poor,55.0,445.43261240645717,62.10348372145935,323.46501460953596
655.6097564752351,39.92373269822048,lens shaped,Fair,35.56350680351996,212.04476744496168,41.27568972062141,164.55711553704373
579.9199037550388,64.64368347716022,Semirounded,Very Poor,27.28840250154345,566.5573340564532,34.687366908913646,407.60468272338903
744.1589235685643,77.21767494785239,Elomgated,Passable,29.038977362995873,280.1123646080176,33.76037651097864,198.59313830720984
804.2099357447538,159.76357928540867,lens shaped,Very Very Poor,47.57701829359816,405.41838571086777,53.40805058094898,298.11187703000394
118.0,106.49652348729751,spherical,Passable,39.788731428382626,306.7883523036504,44.707636791822274,211.15923086579687
118.0,88.82807693793787,Cuboid,Very Poor,37.96647014486362,512.5953632700863,45.87014441641633,319.22363476606296
1741.3631071323089,232.07514893589595,Cuboid,Poor,29.433474239982548,40.0,39.634719584944634,40.0
221.92203387229586,63.5633240454586,angular,Very Poor,31.246320037465047,488.8943387553586,34.69353304210055,365.69599553502457
383.48191423532296,23.424854234741368,lens shaped,Very Poor,38.80115128676155,584.9031443921909,48.4988358766818,415.360927426562
1371.809850445512,29.69250114463993,Semirounded,Very Very Poor,31.53909292492566,384.10668123310705,32.53111348689759,302.8706791989949
118.0,69.55913047510255,Oval,Poor,46.00607739057417,252.90281006098758,56.01895468065631,208.5637578138423
838.8905111499917,47.62001919958663,Elomgated,Poor,23.463775937494805,231.3968029358734,32.752323898557755,156.1247075330664
564.4793919491718,122.73720436660145,Cuboid,Passable,39.62204918961075,372.2296775804812,46.155821553911444,270.5547709963081
770.1921940903105,51.497423361966966,spherical,Excellent,24.273036660700093,88.10226589238158,31.876907935607516,69.75448669161449
118.0,115.72278370004054,Semirounded,Passable,55.0,339.4175318345429,65.0,261.61925037715946
1318.256034964333,66.64775331747148,Irregular ,Excellent,27.491239393668284,40.0,36.95584834343754,40.0
1175.0995767670777,39.2635120275508,Semirounded,Passable,27.134475105607443,203.10138559673953,35.49770509003271,98.43557184328543
485.64076434131084,35.22038822679985,angular,Very Very Poor,26.65101845211771,595.8648020671452,33.530366508794195,423.57191917831625
1075.8221379720685,82.32228968398125,Irregular ,Fair,24.337617176606376,180.22080277122905,33.43440881914739,142.05870530367898
209.7101546745862,154.72059799852892,Irregular and angular,Very Poor,45.56863188109893,503.03792219086927,51.32057589489046,316.12930902422886
454.16126046904577,294.3924940544642,lens shaped,Excellent,54.855348818742655,40.0,65.0,40.0
571.6546588177595,130.34774034164118,Irregular and angular,Very Very Poor,38.02688864144933,611.4985865049913,46.33793320780714,368.97973717853733
504.9276123369478,62.09941418567885,spherical,Fair,21.494455497440637,318.34563408591526,28.392994655933983,240.55166825804392
416.1298125158809,13.436361725425055,angular,Poor,29.010467525091126,386.65840600662153,34.73957278293571,253.61646357008695
630.2762590248714,42.33681783162606,angular,Very Very Poor,26.163294834909035,564.4235177647467,38.1381144331612,437.1617227715989
738.6970779239794,43.91938283250713,Oval,Poor,37.042965347215244,219.80502259885708,49.45354959127811,115.9017262536037
751.9858827943469,208.79322579567344,angular,Fair,36.024193709621805,259.9925692819961,40.88394267765133,146.80271552841575
557.0342265696123,134.70933455174767,Oval,Passable,46.07562430932426,243.63013752113176,52.066486965585206,164.5528335939807
846.7843968873034,30.270088574715725,Irregular and angular,Fair,28.428666952697014,258.0358123817819,35.812133612829086,200.2809010286429
230.13584684161458,60.28607382300782,Oval,Excellent,43.61398314860741,155.02045012149154,56.99274942617373,118.15126286376467
672.6027220387263,51.03447350712967,spherical,Very Poor,21.370628841864836,522.4802923190072,31.200896095135175,314.3683562271626
400.134833241177,83.87906940263764,Irregular ,Passable,30.913871815029303,351.42564704455623,39.046680764747535,262.6683961846366
206.3220173066643,38.60023254702497,Cystalline,Excellent,44.06683368350686,159.09781954480434,49.04763107894955,115.14872160853847
452.7193020123763,219.27521520571221,angular,Passable,47.31538326436443,369.6286165356642,55.38558637085402,215.07560037056936
1216.561408360078,181.40965370774174,angular,Passable,31.20362781562977,140.6180124902314,37.310905449767624,116.90657790336294
839.7697123054279,209.5460892409375,lens shaped,Very Very Poor,47.33590890822432,324.73439333765333,51.02314823021897,245.76987098905732
152.74767224361915,43.28934374059364,Irregular ,Very Poor,38.147261517464536,722.2925583306085,48.563503559994054,481.76515917417555
1721.0294497173413,254.28891584265617,Elomgated,Fair,30.14808972870943,40.0,39.839103369426255,40.0
973.0787578504601,55.90445954530327,spherical,Very Very Poor,16.310015074595768,383.31510351387976,27.350823594961334,311.1352236489511
520.4504416953782,85.86655505492794,Oval,Fair,43.94212061936778,223.31625604023372,50.91041308024005,182.06423268652995
1386.0026526327879,69.2443449614632,lens shaped,Very Very Poor,39.952587545747505,257.67950441591097,47.13512490426016,153.5048342680062
957.3722632084604,55.0904939068439,Semirounded,Passable,28.7122290366585,210.1445860239195,33.38180264700642,137.58732546314445
782.8360513341397,70.41915109103408,Irregular ,Excellent,29.803230125805214,64.92787802212527,38.13768212760256,57.19186822086861
465.6322056288093,21.22822366198785,Elomgated,Fair,27.254035048871085,364.33497362203855,36.43353253831634,219.77791453163744
1069.8877949068642,51.41999953343008,angular,Passable,25.83639483179364,207.05708975709138,35.645109163749325,127.15383399685807
877.8643076197101,184.8759698643242,spherical,Very Very Poor,31.252079924198814,463.92118731786616,34.71241035554494,353.5990187171767
964.5498166078625,48.73293416445901,Elomgated,Poor,33.81886336068918,256.2657660232407,39.604915353819706,186.03466482211675
1344.6042828796292,113.86156790211206,Irregular ,Passable,28.197863525876105,123.40362470772095,37.169704297311675,82.67084690954374
165.49752285661282,76.0164062458667,spherical,Fair,31.550101052428534,339.9245193517253,34.91606508857164,232.65605173294065
1092.817870694504,65.45684745700875,angular,Fair,21.851862079097483,156.11821868455823,29.977536048241532,132.99901231280305
928.2078667080716,101.90189638782775,Semirounded,Fair,30.089039261126878,217.257843968783,37.15898555242233,166.2456916200226
388.8434315750563,86.54313566220937,Cystalline,Very Very Poor,52.875339564838576,589.2652008085402,59.85351863323081,351.90180932672786
1136.7456777428397,118.84012004625599,Cystalline,Very Poor,41.736645361605646,343.0714433856676,45.537984443977905,201.0342681169302
118.0,92.15783408136598,Irregular ,Very Very Poor,46.865102327910094,532.8897183060833,56.171748305398374,395.43855839441136
1227.1996943656627,109.43227646154222,Oval,Poor,39.82520230973748,61.6948969410281,46.782023908563204,71.3129159567872
1251.3632148662446,163.31544412648128,spherical,Fair,25.713656825622735,144.85198270933307,34.0689566853814,75.6332336333549
1079.638610318746,58.54416357140507,spherical,Passable,23.270819458953465,232.11748917204199,31.135831675235753,149.38024684800214
1115.8928360129312,36.98343843741627,angular,Very Very Poor,21.430542697058385,344.906375630459,32.93394434369294,262.39305594996097
908.9846969145707,142.7330067582644,Elomgated,Very Poor,37.78199346386941,479.08137646001984,43.57197202838046,305.25996948472243
381.1098088511835,31.994566286184728,Irregular ,Passable,30.027409271287407,358.70922890442216,37.65403984785022,253.6917397869224
999.597500272541,507.9499081679766,Cuboid,Very Very Poor,38.67587166806737,387.0617545818637,46.56949305231276,335.5298348220834
783.2470330396775,70.16588637304525,spherical,Excellent,19.152044605704038,72.0416676356008,30.128194999772756,40.0
991.683445155562,139.6487392951246,Semirounded,Excellent,25.038002541866174,40.0,33.665486576164966,40.0
709.4119146475318,73.03330931162341,Irregular ,Poor,35.86924351572978,344.94342683124256,38.977466557273,245.28088159414887
935.4543228030853,53.29171858017697,spherical,Passable,19.88882098319387,250.21279319451764,28.4671850568566,140.67930895208252
383.23409869699435,151.19259543072545,Irregular and angular,Fair,38.02748783035902,316.31509146116605,44.859931407942355,217.15696908799455
134.58975340461018,214.84693827852362,Oval,Excellent,55.0,40.0,65.0,40.0
1928.0197750870318,99.26577844501408,Cystalline,Very Poor,40.19861386126102,80.84851573272735,50.124324882224215,75.57874594090394
518.4814155761084,184.3577770355929,lens shaped,Passable,40.68520634797394,202.27930780994245,49.6413276115208,118.46245497099504
433.6184971059079,159.3201884821708,Cystalline,Poor,42.56598697310226,210.40862976410264,48.59131366029827,149.7953388263965
633.2625092525158,77.60990465839349,Semirounded,Excellent,21.94818194315747,122.27743505103803,32.36874287747267,71.62103315251167
876.499499079204,50.43572487119006,Cystalline,Fair,46.44958550490069,238.8468821883498,56.842376727498866,176.65002683768776
118.0,89.97137139563337,lens shaped,Fair,55.0,283.3362950065913,64.38940336101895,204.04407373955493
488.27816207477935,55.30070168457605,lens shaped,Fair,45.03120737612439,286.357730876936,46.927729842171296,184.4867394179045
868.6576784979363,98.23593956292929,Irregular and angular,Very Poor,24.06108837564676,460.05336584293144,32.77185667930724,352.14466406638195
756.3752571643519,82.06828652125921,Cuboid,Excellent,23.258845944972382,74.83959729338575,32.542048941202516,51.44614743837504
769.8379715574498,346.3599538188039,Semirounded,Poor,41.12521770423828,187.60597459235035,49.5997106878024,163.3099395475947
363.1704423583465,52.020005266347695,spherical,Poor,30.416617245368506,389.6733811794482,31.86291735456027,259.80683754309666
1455.6213543873787,67.29610165722849,spherical,Passable,22.112743424533562,103.60453309915232,28.023597864266712,92.11623809660479
1285.6415820114175,134.31933312431494,Oval,Excellent,50.3606898440941,40.0,52.93661059543981,40.0
944.8696830268016,149.96310716410426,Irregular and angular,Fair,32.14261490847614,182.20688658110754,38.05324697188969,154.9251682033532
764.0580782682321,166.57472269033894,Irregular and angular,Fair,34.09135619574241,254.68630120926724,39.23628547440569,164.29576665066497
737.2193471113117,17.260408017310652,spherical,Very Poor,20.381299786137863,444.164507716809,24.764755543910198,290.2727992020071
118.0,23.752597488965478,spherical,Excellent,28.21848301141529,282.6857534511376,35.1799184927916,201.9029512166065
633.727632037371,45.17196018336337,Irregular ,Fair,28.44980977351306,378.1595485485842,42.756058459915494,244.19617806141838
991.1984074921916,52.945579305226175,angular,Very Very Poor,25.676400254542756,375.08394882061395,36.251968182571744,272.3229286904697
1066.4968642150336,213.18424766266924,lens shaped,Passable,46.59197179701128,131.9509127650476,50.83089095537497,88.73691533259444
709.3609395106836,182.04910700806948,angular,Very Poor,26.668629887966368,497.4657889339142,34.061550095237706,347.27225566588663
648.8233683984183,55.9267704047111,Cystalline,Passable,39.730830577174345,251.55091141138928,47.74374339678047,157.97246700882175
1207.3900557934571,259.02428949923956,lens shaped,Excellent,40.619941860477084,40.0,51.93319134450084,40.0
823.8351648776026,54.52247357128241,lens shaped,Fair,41.12703875877187,192.73157809734536,46.07938443958709,135.37328974593578
918.8607767695531,273.02653873221783,Cystalline,Very Very Poor,54.79963630986856,394.2535109059199,59.08638389829528,238.6352062295911
555.1564351229013,69.3804423735485,Irregular and angular,Excellent,29.922077326176083,96.54428535520603,36.56271463750202,67.9467697315386
118.0,41.655523970928996,Elomgated,Very Very Poor,33.00276559702958,567.9038193676012,36.89617197595987,337.4569354202022
1239.1331250647902,50.1229030319139,Cystalline,Very Poor,40.077694077465466,287.93465613656065,45.67374718074259,172.45788334606655
1073.8003122440334,145.06057791273375,Semirounded,Fair,33.65279955095991,216.3413297772243,40.04751211804832,167.46870024122245
1093.0333265221568,42.21479841209396,Semirounded,Very Very Poor,30.974495118282732,473.71989624080203,37.149445017962016,351.7374331642047
1529.5079461061555,62.37187307707515,angular,Passable,33.68333847687149,74.22668385555681,38.12121735077482,60.040246680392436
1757.0955743516204,23.18108043636256,Elomgated,Very Very Poor,26.52522511089206,242.04019946654077,34.85612333589333,134.82150343428722
559.6205346316896,134.89743491185595,Oval,Very Very Poor,55.0,553.8770959083107,56.955784992904334,349.39782837789267
1684.2505354790865,600.0,lens shaped,Excellent,47.814698034620584,40.0,56.20053536811042,40.0
1100.5466300698197,113.8173101184565,Cystalline,Poor,46.06904072750858,136.96926206225208,48.4404552907131,77.2477046210321
118.0,60.05829934717259,Elomgated,Poor,39.07396981062318,365.90224485173997,49.03611254742878,254.39380912615286
593.8685822469157,102.88911570775795,Cystalline,Fair,37.221929913439524,205.5025729925435,41.58971103165346,150.39465746210985
550.6811711771168,329.0481011136148,Oval,Excellent,55.0,40.0,65.0,40.0
1745.046052664833,180.10474751849387,lens shaped,Fair,37.15026244467036,40.0,41.225707348521425,40.0
166.17439873103945,98.10765324344243,lens shaped,Very Poor,55.0,656.2204603718055,65.0,479.30146460198216
291.9667166417345,58.852422181152754,lens shaped,Very Poor,52.13870099065324,690.8065214197048,57.7743357438425,466.82437120523815
721.3101336932378,69.80204412977237,Cystalline,Fair,33.89992317400255,195.59345974334065,41.58950651857309,123.8863860938862
705.1533516260781,107.45459224775122,Irregular and angular,Very Poor,29.725943101189316,450.76263015027484,37.30676353442152,378.5297118773823
844.2813178038086,70.57338113170816,Irregular and angular,Very Poor,25.87609424201365,438.6200247605803,35.12942193844919,297.7038957046685
1317.5135178433281,28.97251665594097,Irregular ,Very Poor,25.19366559861664,303.0290389797482,37.00897174960631,215.417487081306
1411.8773291922719,128.0444465602932,lens shaped,Fair,36.786639174647874,46.94320074389435,48.9355622382054,40.0
1197.7041049976665,72.54503684526401,spherical,Very Very Poor,25.765401810164263,351.4708442222917,31.89801725275356,220.9179030537136
805.6522156505198,35.02495160449362,Irregular and angular,Passable,29.741862875797715,326.0402717239834,39.69331980953942,229.30944965898962
778.0361360744602,118.11351035166304,Elomgated,Very Poor,31.79194110358733,445.1430316923734,39.22550953275107,283.63337761721533
829.1145512659859,31.039769674024573,Irregular and angular,Passable,26.10976946622953,250.99129448468864,34.97177889246206,190.75156057337975
118.0,144.370055233613,Cuboid,Very Very Poor,55.0,425.0496899929766,65.0,293.38843355606406
1410.6273865254639,149.46937103969378,Elomgated,Very Poor,34.27989591718569,420.41079970879844,44.78838985146636,299.4628685566065
562.7198798151096,186.22018265140633,Cuboid,Poor,42.15385277166896,358.7550516419212,49.33363252716877,235.23131538415737
552.3190405213907,50.68208978894717,Oval,Poor,39.657953979428655,274.7507356199739,49.75374393849293,163.00867642175373
313.03967618286157,68.78612328060335,spherical,Poor,30.564919555318014,369.4759983589416,37.24232451348075,288.51475229705267
812.8011000654227,33.09721973666668,Oval,Fair,40.11764298871175,215.42340713515853,47.930436650151165,148.13931722852865
1263.2319248048898,400.82907787820466,Irregular and angular,Fair,36.40494392754616,100.47778761041289,40.48730153356129,60.676905975713446
2028.154659521915,29.43987668462312,Elomgated,Very Poor,27.620000999196275,167.79209881606585,36.101932862964844,83.75353294258169
799.0882115144568,386.83044858269994,Cuboid,Fair,40.92810991039193,202.74156803594974,47.018450421196384,137.66785685856493
261.50355077445215,100.75017074253469,spherical,Poor,39.6603364988232,425.94141863658695,45.71269083096142,305.62034891797975
1255.633173920598,86.40502623355373,Cuboid,Very Poor,23.745228594123287,355.18077100626857,32.32545444485216,272.39762837585954
1421.6947062816994,89.12151622798338,Irregular and angular,Excellent,29.428929874390793,40.0,41.651275289404694,40.0
478.2671114030131,43.07025566956472,angular,Passable,25.5850871030493,319.1904702320588,32.99353070652763,199.06091235317334
885.4207498696555,98.890093499404,Irregular ,Passable,32.61498627299927,243.48496741960707,35.837827009247114,152.25746911305882
1222.082393374514,52.53017044716446,lens shaped,Very Very Poor,36.54132271613125,270.29304296655323,48.961862161140274,210.95985173598908
118.0,45.74822586964044,Irregular ,Very Very Poor,37.17148865079524,585.3469161715329,44.1501991190667,395.9915497811912
637.4608849771971,29.799698094899657,Semirounded,Excellent,25.473967136118514,129.69639185809515,35.69812911289437,68.79041869250143
708.9462053075226,148.44614252750577,Elomgated,Passable,35.91752922440656,314.4747064582804,42.75591195434328,243.69766907533187
1047.2969647910222,62.00384813482658,spherical,Excellent,25.80789549897834,66.18145998231702,32.032976952382256,49.26701414171123
659.5451613074642,89.658593644533,Cystalline,Fair,34.65349278690204,216.01973546696823,41.34792349256817,159.7683911219337
118.0,444.4149445377131,Irregular ,Fair,55.0,40.0,65.0,40.0
118.0,76.56349759659288,Irregular and angular,Passable,50.799278163439375,437.67497591054735,58.35436821967764,307.4450743058418
750.9229590069359,132.91442463845598,Irregular ,Excellent,27.976868894126795,41.77240258304672,38.533948077281984,40.0
918.1304245596282,90.41539891664794,angular,Very Very Poor,26.29003494371369,410.4261174347147,33.25284572702479,268.1709399066111
829.8879192015821,51.34740962758928,lens shaped,Passable,40.79571800347461,213.62935379976838,49.04159259951042,133.1272065275662
490.5378326504199,9.64662255201119,angular,Poor,28.331128277219737,335.6841421892065,35.54491062944434,235.67843719088333
118.0,65.57431108403331,angular,Passable,41.46746567909387,407.53104709626933,46.67287803516553,275.3546935333105
688.8423904959376,20.998470486709145,spherical,Very Very Poor,24.974945590173512,490.8384391126488,25.80096051339022,396.7421024575769
204.53097957747013,220.22353577057763,angular,Poor,53.36435249175021,273.13609239516074,64.28427994268175,191.4084181284834
118.0,118.43161004692561,Semirounded,Poor,50.63314271872926,301.2329304896757,54.0638505503216,183.8595396093961
688.5320671439376,56.69680599662483,Irregular ,Excellent,30.02715574458032,99.31176332726453,36.73646235267201,47.06017162036997
757.8542145862946,333.42361696810127,angular,Excellent,41.524861714967656,40.0,43.3096906781266,40.0
333.41607984738096,172.93958492502034,lens shaped,Excellent,54.05022663311853,86.78489237266866,60.238242493172216,61.08332321792723
118.0,27.812066279095735,angular,Poor,39.84678038465743,498.6632565418129,44.39613488021754,350.9936038396388
480.5443358334501,113.81174544627594,Semirounded,Fair,36.36773815301524,343.87699267297904,40.92743441151305,250.04519527414246
164.29211280519212,391.04499387086975,Irregular and angular,Fair,55.0,109.3500452242249,65.0,72.07793449621559
882.8329124282029,75.28197648494259,angular,Passable,36.1587058229824,278.0528467147866,39.42419321062243,209.41911126131598
1125.9455878880988,19.503592481186807,Oval,Excellent,36.87405511638762,40.0,44.914808954966624,40.0
1656.1968231772917,209.87526463449862,Cystalline,Excellent,43.08369724974234,40.0,47.50291632897873,40.0
1132.150530489126,116.36976870597016,angular,Fair,25.68013776133787,149.7943623013186,32.393993425541225,103.26369371620828
1766.277688246072,21.843885424662528,Cuboid,Very Poor,28.667547937059364,248.31351974146293,31.774232428070107,140.0449099720309
1092.4162536037732,23.320712372809474,Cuboid,Very Poor,28.174038786801503,413.93012731731994,37.447159521383156,313.88893343336514
1175.3657540954969,50.90281588492161,lens shaped,Excellent,45.027009916787314,40.0,51.403211886214116,40.0
1365.3778712933956,39.93220037442161,Cystalline,Fair,37.71734600255231,71.5665128384106,46.53643656961514,42.73896931192884
914.7924528322076,57.33710739901427,lens shaped,Very Poor,33.31141419332671,350.72116565051135,38.92643522348872,208.19113832789233
339.19851601552034,72.80376052554051,lens shaped,Very Poor,51.527466712972284,597.7640789071716,53.94741958378432,378.2004537745746
632.2893063875393,39.49405131570472,angular,Very Poor,22.313899635219844,506.24427406482585,31.945649167912297,342.92994850599246
698.8704987739808,14.008099966726583,Cystalline,Fair,39.413019607182505,224.4394424544818,46.40380954336755,172.1087261807493
1579.5410523877467,65.00220275428546,spherical,Poor,19.54609462117966,78.9027183227163,30.17054236913443,76.59926826476008
1199.2581491468409,57.00147145582702,angular,Fair,19.74613355286634,138.63812713893026,30.6458970644223,101.0247535928225
825.2658235422734,269.90047915536894,Cuboid,Excellent,27.839433884385052,40.0,36.610343489322965,40.0
981.4214194921493,103.98562636107877,Semirounded,Poor,28.873132818750882,194.87635752191238,37.91034796052196,130.26981040476915
524.131582052433,90.88016912167284,Semirounded,Very Poor,29.40224438991277,458.2216145911936,39.78131634308026,335.8047773742454
1113.7119327714913,164.62255048874468,Semirounded,Poor,28.832518198745294,156.40094911902108,36.9227389818904,124.7600998835628
920.1165358148706,46.71753410214535,Irregular and angular,Poor,24.16847374740615,220.8916013853464,33.0509740875104,167.15718210858114
893.7842385835859,96.22111056245937,spherical,Excellent,29.414732806022307,40.0,36.70038206825449,40.0
1916.2589908794837,35.31537801927283,Semirounded,Passable,30.906536567441034,40.0,37.38422607281559,40.0
704.7335331150289,73.77733157021278,Oval,Excellent,43.37665939151654,40.0,45.82708069797856,40.0
118.0,32.77347695430951,Cystalline,Passable,44.9840348365764,335.52627886982214,51.95417170723856,271.3605536691512
449.03742856342194,138.86163032560353,lens shaped,Passable,50.973116721124335,292.0077390040083,62.0020940677118,172.87514420872768
540.0242106659043,39.73762016531241,Cuboid,Very Poor,28.678905077136708,601.6455205403013,33.52738945622748,367.4034972214344
833.6238619101994,88.32749545136288,Cystalline,Poor,39.45503634082023,196.78117949622225,48.26708097738577,112.10125635176011
864.5425611235278,75.39381756831617,Cystalline,Very Poor,38.78582559238827,380.03572920876434,47.038951721320764,239.15638779178576
118.0,56.019551206917654,Semirounded,Excellent,39.249746740385724,195.56472652083835,46.77587093030398,137.57747983938947
707.7181946513062,168.44291847308742,angular,Very Very Poor,32.80129862973156,547.6179724908804,38.97421841521972,420.99129165582923
1215.5805054746006,269.90596600635905,spherical,Very Poor,23.950581049529404,261.9308660107192,29.396575276796163,215.08039458419003
1675.7993010611663,62.23429819185555,Cystalline,Excellent,39.85447155980804,40.0,46.07010582831947,40.0
1404.612546221535,21.83958433423192,Cystalline,Very Very Poor,43.64712830475185,397.59073381105577,51.111859732142726,281.9891231493494
864.479572593611,290.1094454059147,angular,Fair,37.344645921367956,189.32991386002715,44.48007011082036,154.27844708781384
1356.1918595938557,17.68204191305834,spherical,Very Very Poor,23.783251989433445,324.8890639659776,32.35548969015602,178.4648124364383
516.18260308209,78.94385175777371,lens shaped,Very Very Poor,40.83178061951423,466.1339464680479,49.10005413027024,336.91672624259184
278.04841457318776,67.96348969348148,Oval,Very Very Poor,44.84482520916932,474.0278248257606,52.267760794472785,290.55137797974675
118.0,342.2219860302968,Irregular and angular,Very Very Poor,55.0,156.26773281018993,65.0,141.98241842723286
246.49436600990555,31.98702380243173,Oval,Passable,33.60932628311245,306.2612610448341,41.15657332883937,235.86553922453825
346.13500312992744,151.91454581484575,lens shaped,Excellent,55.0,111.74295334247586,65.0,40.0
602.3201475215172,73.17826251921429,Cuboid,Very Poor,30.079868167152988,569.5354093026855,36.84722146852992,397.8486080036967
1578.0913941850736,58.4846767784741,Cuboid,Poor,25.15701051160876,72.29397918180891,32.08829889976536,48.73863107030025
1244.1664818452357,55.65773016204877,angular,Very Very Poor,31.127084778110802,390.30169420091477,42.547790278550856,304.4616713282157
1038.162339233535,49.6516565463055,Cystalline,Very Poor,46.86709205748465,388.58036010293614,53.10552657811569,267.5286329132092
1081.8316010192734,61.53017619448455,Oval,Passable,41.6039782281968,120.06946505652797,46.901929519856864,85.28864926275344
565.0461343710658,30.215014985766068,Semirounded,Very Very Poor,25.73124950224731,494.88398093712004,31.520507524228208,288.63952340452363
1008.3730278929195,63.681407149787916,angular,Fair,26.60923505489011,210.1186082326483,34.72595089830472,159.48748242519105
1321.429743284299,454.4473280280274,Oval,Poor,55.0,40.0,61.74756187203554,40.0
1250.4391688363935,36.618671825288104,Cuboid,Poor,23.762156560195695,127.81192725140134,28.743000230335824,89.28511233180433
804.7237339813962,99.78195174681511,spherical,Fair,24.919207113218828,237.7628993084222,31.976342818000617,151.31240382707142
440.19760984302184,147.9665824696644,Oval,Fair,55.0,290.67544199587905,62.598922185922916,191.27358215632054
118.0,111.94743492417716,Elomgated,Poor,43.884678240625846,243.10040498771284,54.175078929163476,201.10597578997783
900.9541984130944,80.88073699832974,Irregular ,Passable,25.95850703121162,213.77373114570455,30.50905608553211,176.6148813997271
814.4818551295543,56.85588139246977,Cystalline,Very Poor,48.0878181630054,476.0865963707373,53.7260788892752,321.0073387760182
118.0,133.78702607270446,angular,Excellent,51.05468076585025,58.4204747370041,61.042388294908186,40.0
1120.7109750467548,207.79359976280497,Irregular ,Fair,30.641475562506706,161.72141777488926,38.909723192943424,102.29783813039225
118.0,209.95962421479766,lens shaped,Passable,55.0,104.28865993094448,65.0,95.09153767474515
1088.8892959105135,201.7222072476001,lens shaped,Very Very Poor,42.12470135999364,309.1123262187468,50.409389603757546,242.0107084948537
118.0,49.54326871297221,Cuboid,Passable,32.6899123960462,352.54702424700366,37.438178060443065,275.76850613144427
920.7176067689471,162.98865143919662,lens shaped,Excellent,50.217026553347274,40.0,56.19898129413519,40.0
444.7074676270946,165.551167344094,Elomgated,Fair,42.44862727005269,360.67563827744294,45.76154487692713,285.7186263756907
1169.5470314757868,52.77503405565564,Cuboid,Passable,27.528170127961584,159.0161711758564,37.371912562941134,118.62235749910421
1386.0424325445756,136.17609382343457,angular,Excellent,30.494669760591982,40.0,39.898372308166486,40.0
654.5559725385323,85.9091609933118,Semirounded,Passable,29.588839561136208,280.03182697461773,35.57884450008814,220.96060747827835
1145.378888033986,46.753033796117954,Irregular and angular,Passable,32.70341995980978,239.64265195646982,40.53117946550149,145.67278342362184
658.831066217449,20.548629150373642,Semirounded,Very Very Poor,27.490960669777365,588.9350542504523,38.15638677915718,462.7782141554488
350.0354058049644,139.26749749258585,lens shaped,Excellent,41.36603822028556,40.0,45.931475044700484,60.5637678496157
764.5411223358606,15.321553122816642,Elomgated,Very Poor,22.185676752537105,471.3694710922457,32.312383216008705,331.9593768811643
749.2895466769394,33.829965928876895,Irregular and angular,Very Very Poor,20.686184258636374,473.1731491488667,31.08773091079152,287.86797117504614
118.0,113.53345586097123,spherical,Excellent,38.36085894589469,110.42879557454144,51.7196997441957,70.28255088928583
801.0248279988502,22.506441876192476,Oval,Excellent,37.25099354977858,40.0,43.14987329881447,40.0
738.8872406165356,159.0168591313147,Semirounded,Passable,23.244751288520686,231.5708028058705,36.22430370584908,159.54321529369432
118.0,123.05748321680014,Cystalline,Passable,55.0,225.83395041074039,65.0,195.9385119990436
1220.4291048626037,87.44202282437759,Oval,Passable,50.367560235864914,121.77899774369902,54.690236238221864,76.73540995369146
778.7679433300237,95.5918525510776,lens shaped,Passable,39.50530291624743,199.80249518552856,49.0774782787736,150.1124684742118
522.3458751301441,14.767515529460113,Cystalline,Passable,41.366714601126176,269.5602648884537,47.35772116195625,222.03319321371237
1640.4713560622363,328.7893459974852,spherical,Very Very Poor,28.66301329385703,284.45897471373695,35.18168559341108,168.62534961996596
189.88525871013132,55.21590394307881,spherical,Fair,30.43532967683294,354.338664578534,38.33568350063774,245.9584395310026
1404.5582751728853,65.94880450125882,angular,Fair,30.348142803060068,119.18758503746645,35.09821699438036,54.593516830130426
1461.3161341557632,45.54310777684284,angular,Excellent,22.83118525623206,40.0,28.85241681899587,40.0
863.6898459048729,79.59993549503285,lens shaped,Very Poor,41.717104352376694,431.66237769499634,47.1082182352516,338.173250196581
287.81924308505063,82.15089284119387,Irregular and angular,Poor,34.54820542562255,343.63047437342067,44.37337613009867,239.99540867633866
916.2448547463264,57.294197616352555,spherical,Very Poor,19.004155384081336,411.2726215940104,25.578805445215487,279.1412010297872
348.1141164637712,126.6545821420442,Semirounded,Very Poor,39.86057926963626,721.1385701575704,51.96732555338952,523.8764092822801
931.4104759316917,51.071015865420556,spherical,Poor,27.066278372009194,266.8242791325507,33.086600314654774,192.45416166748737
863.5513505654174,124.59932278548328,angular,Fair,24.22043956111547,191.92992918710522,31.622638145818062,153.6248941508419
898.9138411387995,64.18984353271883,Irregular and angular,Very Very Poor,22.72827915931574,473.29046568701267,35.45787580892272,293.18325574704033
986.6016329141585,40.99753926106779,Cuboid,Poor,25.18659603899212,223.40580172098743,34.65945618801941,137.82812439078702
118.0,105.0068883716238,Cuboid,Passable,55.0,353.06693452781514,65.0,236.52503311591036
910.5730020199464,5.648629134588314,Cuboid,Excellent,23.603082339686615,40.0,35.25061748012324,40.0
137.08070037791094,116.0640404683563,Semirounded,Very Very Poor,54.37676557203777,567.1950900907375,62.73921845485498,410.09893272775685
493.1616797925046,70.59934554861663,Elomgated,Very Very Poor,26.81881986445028,600.8410744136615,38.189917811164385,444.2865692344408
652.1159452136427,99.72036000735304,angular,Poor,32.448036154750454,276.50875765331057,36.7090724437128,181.25213618465224
460.12208070120175,39.39430396722272,Cystalline,Excellent,47.771279257583515,155.84473706829277,56.03245016111006,86.904363463727
1299.5107518932205,196.3018146362318,spherical,Very Poor,32.32053584727246,363.37358303303176,36.83110040507655,239.9485174677648
1243.740930054594,40.224367470204996,Cystalline,Very Poor,37.4992328592604,373.73845680637817,48.00180088358339,238.90965882556307
1109.7330674190725,48.2703817262591,Elomgated,Very Very Poor,27.972541469847457,435.07744826666607,34.64304105893642,284.8320005507052
1464.0749945346051,55.379887503153164,Cuboid,Fair,23.10503445687256,78.98313232669715,28.783037666368138,46.59710268279709
866.8756069389447,96.27799699450806,Elomgated,Very Very Poor,27.248192716215875,493.87596538845054,34.839115500053055,266.5694351266868
133.94609380778377,27.31641444276911,Irregular ,Passable,35.33027083957011,483.82183371744713,43.49309352689531,378.62080351446656
891.6096268513185,134.34411687115818,Cystalline,Excellent,36.32902484228972,40.0,47.21203051793858,40.0
480.8355984741542,92.93441381953444,Irregular and angular,Fair,24.550405258945975,297.3252069314506,34.22833145928349,228.3005390053267
900.63004207543,34.61469403230005,Irregular ,Excellent,27.889356708990572,48.083752952337484,37.589292808144364,40.0
865.7237041551496,163.87666630686817,Irregular and angular,Poor,29.119977396444206,205.1179825973508,32.91509594806302,148.1248624601783
984.5993179863759,337.4460422673314,Semirounded,Passable,41.25397037379396,173.6671276118181,44.26077867894826,125.02064642967558
518.7105675110129,76.90808082065715,Irregular ,Poor,31.108552476079417,314.8656481440404,34.75865139484143,249.5828828528231
1008.3785557173676,39.30491811384072,angular,Very Very Poor,24.425624338982082,423.2791769727376,34.08700564169683,322.4304674405493
385.8477673110094,121.04426159284496,lens shaped,Excellent,44.72397234427124,40.0,49.68391718561013,40.0
668.3032238061495,136.0982407683693,Semirounded,Very Very Poor,32.81908139474709,415.4804807630669,41.47500963308021,286.4280809462796
1251.2085660546122,45.93897318119548,Cystalline,Passable,35.74703439637524,81.10857566910651,38.65658325065298,65.16789148227402
915.8331463187544,49.592749172467386,lens shaped,Poor,45.9843887748183,191.30604343754723,53.66848236088973,135.6525481956775
1128.7465831672764,166.63189244477846,Cuboid,Fair,23.003489726786537,145.2416322037096,30.672007598450744,102.63781134517303
118.0,73.75221251356152,Cuboid,Very Poor,43.608378864497766,520.1926666923332,52.32358728052406,367.33653117930214
1193.4895697192997,202.6455261612903,Elomgated,Poor,31.77422550522304,131.01363498897948,41.20160856932731,97.50774078648325
1413.1234053771273,200.11620932636208,lens shaped,Poor,37.68098055347029,56.613031697261775,43.11709048153046,40.0
632.2512015132834,26.232986390509698,Cuboid,Very Very Poor,31.272372979818947,681.4571816254318,37.973233029396916,435.4532826478038
597.3983364645226,178.52003993055766,lens shaped,Very Very Poor,40.44529084094391,411.63393735226646,46.952843997066914,249.34154788332557
279.09227723847164,600.0,lens shaped,Poor,55.0,40.0,65.0,40.0
1315.833856058443,95.30521899809843,Cystalline,Fair,44.552561116148084,75.89160184702065,50.06358571257235,53.35984396689215
482.69024935185024,121.07532222065478,Irregular ,Excellent,34.96106573886051,84.94131827321587,42.009569008513296,78.5687603841635
690.4099113850648,82.68446255153677,Irregular ,Very Very Poor,29.877114233391584,484.9400610383189,34.24587614195869,371.30901358243625
556.8115388597259,39.8820413727964,Semirounded,Excellent,26.55582974911833,128.31175498107152,30.582006018080186,64.5970411265913
165.2090097945287,93.49685428039325,lens shaped,Very Very Poor,54.10337996016103,561.146921695094,62.716039958933386,401.49787840668654
1106.623809334564,133.5381371796149,lens shaped,Very Poor,40.149416089982296,419.67927645433997,50.520382227985976,329.9626715752671
475.65675818848507,338.44652654157784,angular,Excellent,52.524214561989965,109.49254392133943,62.40338316106538,91.22032015490427
654.1604303250208,111.38018588016268,Cystalline,Passable,51.44175302402879,270.98362798139533,55.69233639682658,186.53042598416081
1131.3906603480086,84.33266093324289,angular,Fair,30.248986170667536,165.13878061654384,34.94349526287196,107.06840713420942
118.0,80.35043729198635,Irregular ,Passable,39.772842424068074,339.676999077243,46.24621299859549,199.95068344341044
118.0,402.1474826027092,Oval,Poor,55.0,40.0,65.0,40.0
842.9208551693864,151.94055172094795,Cystalline,Passable,41.089838036419636,183.6940549921417,48.41130156186874,115.98443149307413
257.55961729751704,88.6737615111441,Irregular ,Excellent,34.392762322250256,89.13639114648925,42.813791048675796,87.31565132010084
175.33874224879276,55.43846286174884,spherical,Excellent,27.171383377037213,130.381688269837,40.49271211571786,119.01291485531654
1382.3246619207298,117.1492020403481,Cystalline,Very Poor,36.68565945604037,205.88591218577665,41.819873079040335,146.77505353344313
1298.5092171611705,35.79331498748996,Oval,Poor,34.119784130848664,77.2839538363908,36.97892863645806,44.14353768529252
700.3940125283361,66.58565480882314,lens shaped,Very Very Poor,47.91624070341372,465.38978652083074,55.413159156106104,307.4835071852175
897.3992622329929,40.05433942973127,Irregular ,Fair,24.925466151610788,249.85735506979026,35.21705941563557,148.45568151425965
1042.5256572550743,41.316690436401956,angular,Excellent,31.817823028964742,40.0,38.97337468569385,40.0
593.4242279025872,142.26627812616982,Elomgated,Fair,28.984926855390402,269.3126542634632,33.70061180911184,172.6882270677534
691.7966044234794,83.05997038898407,spherical,Fair,27.603500492222746,304.92543151132145,35.05235256249788,184.71383071947406
118.0,63.2485988385971,Elomgated,Excellent,40.854979842365104,178.3160813646478,49.38884473973103,109.95696115399497
534.3728365120415,15.668056253979987,Oval,Fair,30.039479476488815,247.6464302989584,40.78804836204497,205.34910928416076
1249.954445106823,83.83156737421395,Cystalline,Passable,38.21262736609435,96.41993600192275,47.77167201950401,75.16136690543249
1498.3247901162526,62.710284855418784,Cystalline,Fair,39.19852016917828,40.0,48.0264705279767,40.0
1092.8305172674936,67.67002580338033,Oval,Poor,39.202703940184705,132.13391013618116,48.176241253720114,90.24683032756481
1111.618213573615,34.46900848747601,Oval,Fair,34.70319723365587,121.73264177696412,39.44176141789727,83.42098653833845
1003.3554908749381,216.55900617236284,Cystalline,Very Poor,45.60517205037695,398.36729330966995,50.36457140115574,255.7416014623411
1491.2204742174576,339.27239490150674,Irregular and angular,Very Very Poor,30.02056982907385,339.1387343134616,38.28931360441278,227.28982434548078
1116.031582244914,119.91677495629722,Irregular and angular,Poor,28.96260221371555,144.29393517694496,36.422962951918535,122.17616020377484
788.6249962071402,121.71043954015936,Cystalline,Fair,36.70323625409399,178.89500750413902,48.60571119564775,127.71023520808498
322.7892632664259,174.64836637780948,angular,Excellent,39.875720232079644,77.59880345896701,49.273635762451235,40.0
1327.114267813145,40.32483526077361,lens shaped,Excellent,44.15525744446938,40.0,53.01273885827178,40.0
1866.4699584507691,127.87177212241369,Oval,Very Poor,42.66350303492188,155.87423332135376,49.55654678985195,132.70157055604483
663.6590543073603,158.57173282860145,Irregular ,Very Poor,30.810784375702603,396.36810160064874,35.46590325618746,249.70327807554114
881.256150152336,77.3439341174814,lens shaped,Very Very Poor,37.35617984903401,461.1761577448827,45.9321746085592,284.7649160007208
659.3993176123237,114.06437222747465,angular,Excellent,33.726816242191155,161.83145457983153,42.15621892004036,105.45604683850762
1246.1829687763304,55.94205258293106,Cuboid,Passable,28.543744421354596,141.02172277452283,37.76286828567857,139.43796873211954
1022.6796993468452,73.59792615952753,Elomgated,Fair,24.270626987209525,188.16403588212924,34.702813528195975,131.72671923240463
564.1569547341672,131.3020293834756,angular,Very Very Poor,36.70172621404317,577.2445055711677,46.59929322327429,382.44396232961344
472.97040410377946,27.12995611880324,Elomgated,Poor,24.175893442457202,341.31555767443456,28.38103574815841,247.30211507805785
456.23164453211984,112.05149795012629,lens shaped,Poor,53.56361595452835,298.07574120381327,61.981565362772045,237.2015939536055
942.1759269210891,65.6739839869695,spherical,Excellent,19.834616064317494,40.0,32.25721279949925,40.0
692.5740256135974,55.45179549208418,Elomgated,Very Poor,30.73497009533857,519.7347101575183,36.26655850473905,423.37539675321364
595.6540647675441,338.43627857328056,angular,Very Very Poor,43.158180055401765,549.982898344937,51.918835863134625,335.18351118097945
656.1941615059781,54.7390480551231,angular,Excellent,30.640842573112337,112.15037564647879,34.31613528755679,59.24208760039567
1134.7251460419475,112.0999544558269,lens shaped,Excellent,32.672369638511405,40.0,44.42615196804,40.0
225.94098886029542,20.358231241393074,Oval,Excellent,40.484963926909714,137.7550655742183,47.22671448874533,77.10728014747093
505.8211174584352,62.983355358132776,lens shaped,Fair,36.972476492089584,252.45419535561362,40.26979821325922,182.3162332809705
465.8990017698068,368.18647607222374,Cuboid,Excellent,49.89668213254299,46.65086445799075,56.69594282120433,40.0
311.62980768875616,45.48125795551034,Irregular and angular,Fair,26.227547466277045,326.8615469561693,32.52273253628834,226.98695353508242
497.0086821373665,65.59616905404987,Semirounded,Poor,26.67198731474316,306.73086540034706,32.76412900034152,233.10823200027275
515.4936027482279,214.76036235405175,Cuboid,Very Very Poor,36.56528298815265,497.7902964895153,43.842158167450776,349.1583984232074
1036.8877288116173,72.17102397588921,Cystalline,Fair,40.48290617426359,132.27229616703596,48.02169035815451,111.03152793213812
463.303289748918,44.261593769543005,Irregular ,Excellent,26.136015256444043,78.99473078384216,35.27560215861643,64.25699608276547
1005.6001195196982,50.85947965967828,Cuboid,Fair,27.10285163729084,204.05699699540514,32.02350511692754,135.18122631747306
576.2627825601087,47.61805901167253,Irregular ,Fair,28.410466726099248,287.285441685963,36.09068397769384,228.66457246872906
692.3718552820592,21.265535911264045,spherical,Excellent,19.429383105613685,143.33282809229868,25.632378852314712,85.34558916056966
950.5641637932656,160.73959531730816,Irregular ,Very Poor,31.452320423347206,418.53463173718524,37.28812939309349,251.34424020170667
144.1763186738284,138.6488501737593,Cuboid,Very Very Poor,50.189293631460636,565.2457024020508,62.17138696042225,421.834605275789
1260.4776180200538,82.99782463270644,Oval,Excellent,46.34646496930675,40.0,50.552006391263774,40.0
118.0,102.07018848157192,Cystalline,Very Poor,51.564744749254075,488.9754306227973,59.49080322293175,382.4361648770641
848.645327123816,139.0505587482799,Elomgated,Very Poor,31.402636924500065,516.5791317505,37.57025562280953,410.4865107541569
945.2326917884244,98.68150745800735,lens shaped,Very Poor,49.10455030708317,500.98799415558847,55.258137651730785,399.6581908652533
1353.1521349232005,70.57211130852538,Cuboid,Fair,27.663665798197872,127.67277405415294,37.51400480770731,85.54757463898635
523.6366242739706,80.31809849385519,Oval,Very Very Poor,36.91286208728655,377.18136634294603,41.95233060664957,259.60694022224664
646.9504866446955,88.37768895441025,Irregular ,Very Poor,29.93898570918855,447.06145778579554,36.87980436028379,358.6939525323444
1167.0567791884223,81.85871197518243,angular,Fair,31.257678142023714,205.0418804274895,37.088285712623225,120.20451187507261
904.3530638636743,76.94663936585945,Cystalline,Very Poor,41.98646851265875,363.40229836341376,50.39280818906688,256.40102332548116
1058.6595969801606,28.172891903586674,Cystalline,Fair,30.759946097752113,123.76947111803193,41.612720877272395,107.0170676073552
677.8465194796635,47.324580000761536,Elomgated,Excellent,21.729286972964164,71.67891331351841,31.367457042853978,48.787464712988495
488.9185793352247,39.248769545393316,Elomgated,Very Poor,28.52436508890905,627.2067919055613,32.20580372243094,479.7465724522832
1040.059798448539,61.230558760673574,Oval,Poor,38.45275912250266,151.70556293109502,47.95477837977799,99.65079787697029
1266.0006746722743,32.72122948454865,angular,Poor,25.435852390710693,128.22864661478536,35.043450410447214,69.78398646060765
847.4311572679956,14.558700299033365,spherical,Very Very Poor,23.890951817277553,487.2595819995115,27.622549517487784,338.95911156956385
234.54391117955777,14.56071179523067,Semirounded,Poor,25.72018994988906,405.3952964732629,34.2252783450526,293.00081580895716
1051.4404497625799,23.127032763137812,Cystalline,Excellent,38.713033473588595,40.0,44.94026971419271,40.0
118.0,117.12960041616371,Cystalline,Very Very Poor,55.0,510.78060615538664,65.0,347.6327677569559
118.0,54.844085430385846,Elomgated,Excellent,42.31115503790929,198.04535969834473,55.58726950008089,150.85308587317476
1650.0807809709893,65.52995890506182,Irregular ,Very Poor,24.58005260974185,306.2698498509119,33.34026603632261,201.75914119820123
1409.7443232726282,62.80618464626211,Cystalline,Excellent,42.71988190150877,40.0,55.103758864528906,40.0
1385.4123073262554,181.7577615438013,Irregular and angular,Poor,31.49027726917861,112.92433066925035,38.735060489291804,75.37551063057875
963.3181939845464,44.50720366203715,angular,Passable,19.237772627001117,202.83347780756156,29.144814956274825,155.1115853311761
210.91168189405766,242.64245065375454,Elomgated,Passable,55.0,298.45914935166195,65.0,154.21416917338584
1441.1853894531168,136.18990067856322,Oval,Passable,40.13409719968379,40.0,51.504292908178876,40.0
1262.8728015356735,156.1851480875058,Irregular ,Poor,27.41951166921419,134.44973929005812,35.43942748200211,109.75535483606478
146.5681550630004,51.703940088037626,Oval,Passable,51.47323744078721,372.26600268471805,60.91962601904612,230.72638388888006
838.5854613026273,203.76651790317254,lens shaped,Fair,47.17057994577686,175.18370605941368,52.2133070050873,110.53561858469381
862.9489315061912,23.126808828978998,Irregular ,Very Very Poor,28.506719302990653,443.4420386020103,36.81297460658274,350.47936837341973
847.0382528906108,38.433380217883574,angular,Excellent,25.089487470424952,72.55684505881823,31.33540487582764,40.0
123.46129621625607,130.15506371688807,Cystalline,Excellent,55.0,40.0,65.0,40.0
1914.0833987380443,28.727270544029807,Cystalline,Fair,39.96237628900886,40.0,47.27181011778553,40.0
1166.9973276269197,155.44679404426356,spherical,Poor,27.584335772067888,179.49296057424655,35.38300862453062,124.15919664195823
1371.3650248190052,121.35137814991243,spherical,Excellent,24.479198270762488,40.0,34.940647793595865,40.0
807.143010013925,55.03825946813127,Oval,Passable,48.159436914370964,204.55957933957353,53.480542264372566,172.7361608309294
625.7034067866988,50.44849932524852,Cuboid,Passable,29.652381967713083,284.860977339489,36.930946494119546,258.4695221518864
1125.6543151060225,20.532008657476236,lens shaped,Very Poor,35.60988791655293,342.5673183907389,40.37991758541345,236.27174902444955
790.5531669890265,112.52909668723385,angular,Fair,27.426418799935295,258.91407399006044,37.46169603184449,170.40944902459898
275.8922021916017,96.02131069061919,Irregular ,Passable,40.50654375388614,410.26385576389566,51.240613322596865,295.7885618546389
631.8967114112861,146.52216786809632,lens shaped,Excellent,43.967534317139396,40.0,52.22282332376187,40.0
821.1483894849846,132.84513239826268,Elomgated,Very Poor,35.52698366891123,637.8624094390559,41.32606944682299,364.9226365133103
118.0,166.75318882197487,Irregular ,Fair,55.0,215.0717657491388,65.0,171.8797329271477
607.9202047379246,51.75552803030141,angular,Excellent,26.420821541937165,128.84482797094216,32.722106284484774,105.52924014673772
1104.5319027259552,151.84949953946162,Irregular ,Fair,29.45876368984487,163.13519364166547,34.65845031942058,108.37848492856637
680.1855618591555,28.977171286500585,Elomgated,Very Very Poor,28.047516111583384,543.0042562652433,35.4742872392729,423.1296947388934
1082.8046036018568,29.86221502393292,spherical,Very Very Poor,20.744660923435223,341.2988017577462,25.502676898218834,207.4261906575181
950.5573279768546,140.49000795110217,angular,Very Poor,37.096085909820076,550.3749001509212,42.78546614787538,341.3336366236468
686.4542576907984,99.93099826454366,Elomgated,Poor,31.14765413639585,247.39837627988723,38.9852432493328,192.15475189122523
716.2640498587214,30.55283062577492,Irregular and angular,Passable,20.925374941391425,283.65145481667224,30.923205506226253,202.74872284170593
651.9114669469582,116.48529958046903,angular,Fair,22.474535165828073,250.93501837837385,33.41099603055158,185.92432293527563
1291.27413335193,34.87790134933992,spherical,Very Poor,24.093496534745316,433.0894045624511,33.54182080452862,320.17071017414645
286.4620921175066,34.925119445001286,angular,Very Very Poor,25.668593582833577,622.17703972608,36.36673989261484,424.1400089495335
1088.8081707132858,25.583750476394826,Cuboid,Passable,23.75183872387548,202.09201763441894,33.186179956023985,122.34462418546963
504.72756984096355,37.22714019977443,Cuboid,Poor,28.827217995063805,319.0306638694651,35.74915623766144,224.44196472898292
630.458370159758,50.162721491491894,Cystalline,Very Very Poor,41.454491616076965,443.59048118268436,50.18183969568244,341.29435422242204
1006.0624607129321,31.602008473410116,Irregular ,Poor,23.013536701663067,179.54509444819817,35.03643247804284,113.75577504053385
874.556349171075,158.6878107791533,angular,Very Very Poor,35.488058842688474,552.3477524217752,42.232204092706915,350.4438586704033
753.9869119653325,85.83075447135249,Irregular ,Fair,31.2045444921887,281.8006039552813,37.67310935027765,190.41784760104264
647.756495323258,88.99675827202519,Irregular and angular,Passable,28.612004027935168,288.9562558942591,36.82301590997887,216.86367957729564
712.6523618185718,57.45633967979267,spherical,Excellent,21.070324999817117,153.22310046813595,30.711790366150424,99.01702724142167
118.0,221.97527541595608,Irregular and angular,Very Poor,55.0,381.91182686803484,65.0,281.28866265127215
816.456797074217,146.56053581356556,lens shaped,Excellent,40.82192678580484,40.0,51.371375987446875,40.0
933.8409388877104,247.29058761235683,Cuboid,Excellent,32.200016108619735,40.0,45.111640164584,40.0
391.1868269435432,225.4487977353406,angular,Poor,36.65939814230041,273.0744787914971,46.4300502527628,179.96650924556258
636.2848600563148,192.88330764544466,Cuboid,Very Poor,32.27696457318849,482.65262619992046,37.18254465020896,387.6642176850074
383.55873515967653,35.609748959144646,Oval,Excellent,41.84580467735099,112.18369728300223,47.60470358667121,79.12705527389012
1697.4255911932805,336.68940219246673,Cuboid,Passable,31.034265676872366,40.0,40.82445817965516,40.0
652.9940058506876,32.63088589212014,Cuboid,Poor,29.000683475119317,301.1075043943443,36.1851190541177,192.36826762948638
158.7346252263634,78.4064689895286,Cystalline,Poor,54.42201311939238,313.8387942135665,61.646388379665005,207.96776982939036
118.0,18.59788999431173,Cystalline,Passable,34.72091658981872,313.4812530567536,41.120754599292994,271.4024639026016
1229.6653381912972,140.45975904334728,Cuboid,Poor,36.53995209059205,182.91550937241513,37.98872282737628,133.71578547573816
271.4058804126158,89.59257913578845,Cystalline,Passable,41.49377261084949,286.18089458613116,47.016254044758234,211.9113322389917
990.1313134046966,138.17692507227085,Cuboid,Passable,37.16004735823848,246.25392852017407,43.883175346076115,154.5540738084117
473.0961769046195,40.53174593826628,Elomgated,Passable,29.907562975011245,344.81699678291227,35.01008976929386,222.93527174367253
692.7201043864552,73.78879791334077,lens shaped,Excellent,46.191499796084166,40.0,53.77825056381101,40.0
954.219880373141,61.469742673460324,lens shaped,Fair,38.75348025376201,147.45626585603287,50.039473869300956,135.2832529979127
1566.2618149936643,41.45412993962651,Irregular ,Excellent,28.793428537086385,40.0,35.25495026883218,40.0
1385.7055216706224,73.25262476155433,Irregular and angular,Excellent,32.91359592549567,40.0,37.67522041984898,40.0
118.0,37.07174540489502,angular,Very Poor,37.59668548167532,789.9843726514863,44.66893045346247,531.201961764403
1374.8028331099167,415.4891510392041,Irregular and angular,Fair,37.918164483354694,98.33439173750257,46.8265266243405,70.38798458039328
522.316041011175,145.8021976885151,Cuboid,Passable,25.165773759089056,256.0913114508539,33.36073671009941,207.89233129964845
1390.5514214770828,86.9234693474347,Semirounded,Poor,23.97254038059994,90.97927574528167,30.227260741770124,68.63074851219704
122.13935392302903,243.1264740990386,Irregular ,Fair,55.0,131.487600190039,65.0,102.39448656928984
1059.3460285464666,35.79565105146867,Elomgated,Very Poor,31.468327934472246,450.8169767403543,37.90097193723543,337.88157649532747
344.0192924721832,44.45400441665815,Irregular ,Very Poor,39.41558702903328,791.3704337287655,43.50999600083299,611.7039217667207
1070.2500275127843,66.01956940905013,Semirounded,Fair,28.706372126740337,209.04656695525654,35.36891919595009,151.16536967650637
1341.3926716503497,112.90057861579687,Cystalline,Poor,44.2171607804662,83.03499955130438,56.632266625161144,48.164385479561794
1604.248946616839,43.78758062514843,Cuboid,Very Poor,22.736729855806704,295.95633272075446,30.252595520069274,184.66687548830174
1182.712671768771,61.37757830351328,Semirounded,Passable,26.259715852419568,184.74337272627636,37.340129814797635,128.9889069478201
1360.7630968263848,27.850571759075557,Irregular ,Poor,25.123677815199567,141.2941006224422,35.43166744620494,93.25178030086883
910.4679140302078,136.39767561142563,Semirounded,Very Very Poor,34.43156815058176,401.81508572356057,38.731477563990765,293.3106423790607
897.572926210714,40.295836254169146,Semirounded,Very Very Poor,28.342948474488995,431.19792940673585,37.93714286136282,343.17218333883267
330.19476607987855,25.25868475231471,Irregular ,Very Very Poor,28.5488902567466,511.59232454606234,35.83204865273008,414.7769488494696
1461.6549944142234,58.77351918713112,Cystalline,Excellent,41.650006862797355,40.0,43.8687676587625,40.0
340.66538430950095,105.43526561043701,Irregular ,Very Poor,35.68578273063874,527.5849908163714,40.4835923428395,402.0484086622783
579.8687036299024,85.38285176093396,Irregular ,Very Poor,28.148661976164576,514.5193804572059,36.25647870751513,306.872475569389
711.8475028163131,156.39656535524,Semirounded,Excellent,32.8472251974493,40.0,40.55379581147993,40.0
769.5207215567422,77.07381268459639,angular,Excellent,20.73840536119925,40.0,30.980051155477284,40.0
592.7950803802514,600.0,Irregular ,Very Poor,55.0,343.71987393545913,65.0,211.99826467026958
1222.6663646322972,62.94220790873813,Elomgated,Very Very Poor,29.15510042058429,441.76092897827425,32.9542037223983,331.4922696917867
118.0,47.62628000941951,angular,Fair,36.43619281296091,396.793970603755,43.82455126207248,227.1295992576828
666.123470561615,132.30138113756107,Irregular ,Passable,26.010231877369364,257.9335797885455,36.65887396499839,202.20982328091526
1435.3758561871387,217.4308706100547,Oval,Poor,38.79351883255993,40.0,41.87742046258356,40.0
118.0,46.581014302850214,Irregular ,Fair,37.831709169479055,381.8976143633891,45.25393801356534,241.16305543859536
905.675601861394,75.30769259083202,Oval,Fair,45.35922595590158,169.17365964596695,49.83500711433355,110.41424529380295
1563.4497088183916,31.627131589008098,Elomgated,Passable,29.44402258933399,68.52894726586186,37.43251943591245,53.475193910413964
394.74688009164197,64.21048524271748,angular,Very Poor,27.17806967500418,505.02420355377916,36.0604951158873,400.16653857281347
426.0436523359742,395.59228606531366,Cystalline,Very Poor,55.0,428.7289740695471,65.0,292.97384603401025
529.8726535260517,224.57195990305377,Irregular ,Fair,44.740135268576275,344.80742910214855,50.84612223738292,259.7029383444079
733.1073202664959,63.01940760731206,Elomgated,Poor,31.352088246370137,283.1302262075185,36.998280454296626,215.71654728657904
531.1026950570096,50.48952468856413,Cuboid,Excellent,22.693270560951934,135.89398447645414,28.93104824770317,78.09669013165468
626.7804863730635,44.299872647456105,Semirounded,Passable,22.51656569973301,293.5706989665484,30.483717219536423,175.56440226446165
439.4473312586422,70.13747737874476,lens shaped,Very Very Poor,42.45190723350245,585.9605849186411,49.26855253708189,433.5160279222559
118.0,124.01935336259848,Irregular and angular,Very Poor,55.0,578.292687158147,64.71434759524604,369.3403787777468
1064.136926281737,131.83347997303767,Oval,Very Very Poor,36.983137532818695,277.8710051975319,41.90706789079156,227.27268490843355
653.0737691232163,67.29018851021935,Cystalline,Poor,49.04464727583314,271.93668831491703,51.917892495312074,209.2844872622786
118.0,212.15906961694603,Semirounded,Fair,55.0,199.4333160453657,65.0,133.06340282485274
269.6733802780742,203.9115571088996,angular,Excellent,45.84642360941086,101.8283146699286,55.01375744617965,67.63528269304938
1686.315034285419,50.222802540002995,Semirounded,Passable,33.444436461030456,52.576948116323585,39.27602069414777,40.0
1169.7058573531317,36.80734540123461,Cuboid,Passable,26.54191184780689,164.08151666035337,36.92500629068457,124.50401588128258
118.0,109.24954988469302,Semirounded,Very Poor,53.289031973222606,480.4326226079528,61.05659020113626,343.8521785220978
1185.6025080340576,60.251250832893874,spherical,Very Poor,24.125527523320297,415.5615018493265,28.91048101195423,324.8095961088657
694.1821044148583,51.964783624209,Irregular and angular,Excellent,26.42983773114182,72.44930006526674,37.31202260425675,49.16612684916528
465.87254155195865,61.480819351576685,spherical,Excellent,25.002915449781643,163.508575552023,34.1726715869512,111.26283372652357
901.0950139572499,60.54906408315878,angular,Fair,20.500157874926266,266.0063270276621,26.98699224187416,132.7097150666276
991.0173611514354,134.55415237816797,Cuboid,Very Poor,26.094595653106527,362.900702505516,33.99371567517196,270.1881935903035
118.0,32.26098613756311,Elomgated,Poor,35.442095201143246,493.82853382350595,46.07857706962686,337.0255680181935
873.7120758163974,48.10473205794473,Elomgated,Passable,31.88494563273371,275.56250165745087,40.8695988841638,208.74482841610813
243.98849786538244,145.4051947038909,angular,Fair,41.5991977984991,300.941468855953,40.091848085152776,229.06859987495824
1136.7774570026095,28.044205245842072,Semirounded,Passable,31.377644318259126,214.12126997764298,37.93968221363887,171.80587921221414
649.7866807568354,257.2921814355084,Irregular ,Very Poor,41.18225065454266,427.25242184839874,46.091384463544635,308.82228815096414
1507.5371629856718,168.22265133822012,Irregular ,Very Poor,31.459536933814945,311.7679004716456,36.666188494894165,185.70119491572626
513.4278787474109,93.19637409842517,Elomgated,Passable,30.054506404265222,308.17330656941783,41.56844008211026,220.69303777064513
555.5195819788273,60.868935601715364,Cuboid,Fair,29.191476383736752,328.9154874620747,33.489806265049815,204.31103739898512
1312.6948235005962,152.05720045085755,angular,Passable,29.077639061661486,133.19191524577818,38.664814155456476,66.75192337980965
297.15697492880616,14.235344489180884,lens shaped,Very Very Poor,38.9944534373407,500.8076255080014,46.30989947839945,368.67379405867166
1114.5021268751639,36.883910114436915,spherical,Very Very Poor,25.70999261885662,519.0873734879466,32.17064212420456,377.3392712418627
363.44958379266467,41.78392616602252,Oval,Excellent,45.74021650774456,120.21671670400691,55.734094496927995,79.22901282832146
1176.8238070242792,291.96527692458346,Oval,Poor,45.41148988622409,91.88716841319253,52.4571323668102,67.35156310658621
792.0212780725019,68.1482922554902,Cystalline,Excellent,41.33159137933387,40.0,48.69231877816835,40.0
118.0,67.68991344163055,spherical,Excellent,41.9512400368567,125.78372679451579,45.057136365204364,91.7967864827693
1898.8010031814604,600.0,Irregular ,Passable,39.0743646443232,40.0,49.29896188238361,40.0
162.740075473341,47.575134980802645,angular,Passable,27.54668360358847,369.0186559378003,33.95221513190135,215.0876080645863
502.9357339136723,148.20596972473223,spherical,Poor,28.261002701483754,287.14715700689965,31.39498643612,223.18146875340798
458.4057372939395,116.46354378719448,lens shaped,Very Very Poor,36.43080466160446,407.0559652105703,47.792973769743696,284.3772343654768
815.3183718690676,203.2043733357724,spherical,Poor,25.593560071707685,206.4838683672303,30.621237947983666,170.95919875368023
1246.647725735345,46.768002008045585,Irregular ,Fair,27.91774647699148,174.74250114061988,36.062212294873675,98.91689462834883
513.1145390404341,64.23281466875456,Irregular ,Very Very Poor,31.275309682874582,490.76913764143376,36.10947470051192,301.5818173192376
475.79200128125217,141.53804156637042,lens shaped,Poor,41.51678504982806,208.48687448951273,48.80786076864893,161.32768760327394
1265.2259564734234,61.47658234982251,lens shaped,Very Very Poor,37.38710044741595,353.9706098293953,47.54756775697735,254.54865423169062
118.0,73.93647777467311,Elomgated,Passable,42.59672321027483,317.5770846302841,44.47881892332665,256.49010059862735
375.2080529563401,80.01554175449476,Irregular and angular,Very Very Poor,29.95013374155192,631.891291675876,40.57928287434063,491.85624870716947
357.0845415911391,167.23916058212,Irregular ,Excellent,46.48873566494076,137.50768186616133,54.937625126744855,88.89831467785618
1295.068089196372,56.50876480756487,Semirounded,Excellent,33.071601724548216,40.0,41.35934587313734,40.0
703.1461876322142,54.50905412911422,angular,Very Poor,28.037631974404594,576.657201899623,37.42084332625307,377.84629747578407
134.69679028645464,35.5747388143155,Irregular and angular,Excellent,31.183090013721955,179.33755241616825,44.24443534227625,115.93103401161201
219.9054587653825,7.225037100440962,Cystalline,Fair,34.23012224638542,320.2942028326925,36.575738210565625,235.6400635716462
303.89251931392363,54.85363927230421,spherical,Excellent,24.18619051724394,250.76718322895206,32.78106400426816,172.57068888684415
1276.2443045384157,34.65657031433062,Irregular ,Very Poor,32.009689314069085,399.11891999647344,40.47424144242269,281.8822288215056
871.4743874652138,259.65040944515135,Cystalline,Very Poor,38.8935086188667,381.6034712569668,50.08518229796272,261.4703533423774
1134.0455013854119,77.90577906983206,Cystalline,Fair,42.64301268753627,86.41889201533759,48.66788815830455,73.97041078346435
1016.0729039691007,42.73455615920435,Cuboid,Excellent,28.442801157938902,40.0,35.867591485164475,40.0
709.8037905955499,137.403449782146,Semirounded,Poor,38.20680912174776,317.79580839012766,41.587853034037664,209.2944388622966
505.0939338428389,235.79210792241622,Irregular and angular,Fair,33.03911319620575,241.74829756332153,38.95275254252527,186.9213060900972
847.108656324542,129.08648973473188,Oval,Excellent,51.83588517059829,40.0,58.529856839364655,40.0
221.8191878964193,561.892430052236,Irregular and angular,Passable,55.0,40.0,65.0,40.0
663.4056336021324,33.90242921383548,spherical,Poor,24.423412452696635,315.7638432407881,28.482037804279045,203.01261100730878
411.8014798315014,75.04294748052592,Semirounded,Very Very Poor,37.17058305320309,761.3740843390574,40.75429853039827,557.1786917230484
795.6634097366028,30.876833255913287,Irregular and angular,Very Poor,27.834235555540037,433.4170968154562,33.561772271735414,277.56718300115375
542.8153174247744,25.03803316042298,spherical,Passable,23.88867623250502,362.5220787535216,31.827566327390855,286.24880497360823
118.0,49.85590029977666,angular,Passable,43.73552392767746,492.1260892238902,54.200798189710625,354.1083357390643
118.0,30.833638689518658,Semirounded,Very Very Poor,32.070215476080875,640.0055207403633,38.97273339678624,396.380671592014
325.83707618797536,106.29949928200114,Oval,Very Very Poor,52.90981747748361,549.8016409039832,58.69613173483344,375.73632094841383
437.36808873562154,45.746836107480846,Cuboid,Passable,28.15973534511147,344.8733669969823,35.079463397558854,232.43340679503416
607.7661228342171,64.01771291975153,Elomgated,Poor,29.553932810644923,299.85606304449226,39.68069876550456,197.33169873327853
559.5312695930029,397.1216704614844,Semirounded,Very Poor,44.59219381749335,383.4201998024701,54.08367843538944,284.3671781437847
324.33758333790394,45.7930876732351,Cuboid,Excellent,33.7227237497887,177.07716276810103,42.42897731877098,121.75108720845967
118.0,31.358808613226437,Irregular and angular,Fair,32.4302752394751,336.86990840141397,37.035601645322586,256.1607365438425
1010.2851281567857,108.57715534304569,Irregular ,Passable,27.899336766922275,196.2893387279555,37.06988456376975,129.42454799651057
684.4313306439705,70.40338095707662,Irregular and angular,Very Poor,24.912361247026862,533.5462392416158,32.59324357086807,382.0728445278975
692.2802247243593,24.96368081305919,spherical,Poor,18.82363818364455,269.8111874983204,25.57890698359895,189.48761600811864
1164.3645803440054,20.37563675034942,Elomgated,Excellent,27.0971068497459,40.0,33.2135212042601,40.0
1317.0921497580587,38.25387045350293,Irregular and angular,Poor,26.91233107595459,132.50066983133223,35.89832396996741,103.76833627861596
764.0192661168688,130.04830603115892,Irregular ,Passable,33.57049635723065,297.77199590417166,46.91329802367968,219.368956388403
1418.6094529638722,151.2623350159577,angular,Fair,32.33036646342792,92.91780000534483,36.638722934902916,45.33450703502871
1071.6677331650167,116.04177744663733,Irregular and angular,Very Poor,29.08838410481606,425.92448476884704,36.31131039982512,285.13762845989623
118.0,224.47765581757332,Irregular and angular,Very Very Poor,55.0,330.8348875486968,65.0,230.82149665957684
323.1188250762392,54.52221423767912,Semirounded,Very Very Poor,31.748684784860604,539.7904106055367,36.72695147242065,405.46899597935203
173.76606404929782,33.877350175568104,lens shaped,Fair,52.159791301589344,412.76573600267415,60.05164536761411,280.54008295891265
1115.2707365502422,81.88924203031162,lens shaped,Poor,40.93846455318893,126.28983427556247,45.26555290861485,82.99830596799303
1077.931480210517,83.30857240031291,Oval,Very Very Poor,46.179553565400795,353.32235761761854,54.23329389394825,237.10770792626104
241.4821822022069,66.41254054486144,spherical,Very Very Poor,29.88047220388278,648.5545466862077,35.98185939359697,482.26168426860306
311.13754784589827,37.95662812084937,Semirounded,Very Poor,28.39437984088747,560.1716635197272,34.4401782647811,436.5737154681092
118.0,46.54141223733194,Oval,Very Poor,45.78126173571087,580.1312802564233,56.80155130042967,399.5078745481123
1070.9778164736451,63.461428080838296,lens shaped,Fair,41.852711021971345,96.53093871317253,49.580558903371625,91.25756579119209
118.0,52.97129693891237,lens shaped,Excellent,47.599861048442335,128.0803773317303,60.87767028405227,87.15218329417917
1340.0403425444379,22.133412758302743,Irregular and angular,Fair,29.082845919872074,129.80721285594404,35.897203079658226,89.09540169894953
905.9742732192752,15.478365336747913,lens shaped,Very Poor,45.27311731746787,546.7163201712297,50.48274641416794,351.9442514855613
1049.7349412478861,66.66734046654099,Irregular and angular,Fair,33.069345766737136,246.6795983319889,40.785099473302175,157.77434177990222
1078.298050715135,58.92439440321573,Elomgated,Fair,29.24697307910292,208.65939731869,33.84105272916413,141.85565399869853
309.0857569968444,52.958173630504795,spherical,Fair,21.33164362796136,336.70491028945526,30.502485488392736,223.25654623640196
1651.7836909704956,88.19225307487267,spherical,Very Poor,19.58647794341166,242.7321991953995,31.217254448278226,152.91896898351513
855.3078574598107,84.66259780869575,spherical,Fair,24.525216901970612,291.5574414279445,31.517573426545734,187.94699502454313
589.2818543666768,128.55556687631707,angular,Poor,32.99068439457189,268.9816272476446,39.712676310339425,214.64489547508566
533.5704667755247,19.593490574096183,Cystalline,Very Poor,36.61533330198709,516.4149273139548,46.815139991921114,329.7105681823694
118.0,60.070253503097184,Semirounded,Fair,46.40892697959058,436.2410106747977,54.73944122015128,361.6367899763646
1025.1526318766964,104.55891558173134,angular,Passable,32.051524634267665,220.6426518985554,36.72208700206782,133.3735462869119
667.9587128425167,187.45059742103703,angular,Very Very Poor,33.21686831270879,525.8057674325975,40.52917642636228,346.65730051390983
906.0694433841378,48.02841919494804,spherical,Excellent,26.42130116661872,40.0,33.66491721040504,40.0
1088.3058707677144,34.04571212327616,Cystalline,Poor,37.756020546538686,150.55320179100434,49.315613722830875,99.03860619844383
1508.1025691943914,142.42307491284348,Elomgated,Very Very Poor,34.60960960579839,424.06901499446155,40.561796023497166,274.26593389530154
601.7978320207287,56.330247195454135,Elomgated,Fair,26.22142674345301,295.23661667081365,37.29895530039036,207.01300396893285
815.9403933669956,23.09172317995659,Semirounded,Fair,29.688040633470035,340.84718732307675,39.93242820900537,200.21357672073404
118.0,47.03139013625828,Cuboid,Very Very Poor,42.42633680923404,700.9787796059629,51.362618972217504,416.7201633361517
787.9344949591535,60.93388373227026,spherical,Very Very Poor,20.865869716771424,449.81677861072217,33.39437008181358,301.86422220333526
653.1858765249681,110.4230087641668,Oval,Passable,40.946846123533795,222.52294334373232,52.82329297095146,158.50753173987493
690.5676153882276,412.9360677629567,Irregular ,Poor,39.65218420660044,222.35554229375967,52.345239215866116,156.06263432730543
118.0,600.0,Cystalline,Fair,55.0,40.0,65.0,40.0
964.3577556967248,53.47501777244734,lens shaped,Very Poor,41.13326228094529,399.8278093927127,47.87811556596708,283.87132913404974
851.2711252945005,239.35894481290376,Elomgated,Poor,30.536747571521012,202.41245855253018,38.16210808026836,154.90888005708973
906.8052841748503,71.67706171660676,spherical,Excellent,24.72384445421972,51.167773965572934,30.13579872001704,43.43369763333689
1107.025141197575,63.45255289181848,angular,Fair,27.228683156534615,164.6860765402287,35.001518848324814,131.30130539112605
118.0,141.62914404969484,Irregular and angular,Very Poor,55.0,536.602183177488,65.0,392.41885267773534
424.92251363101866,40.77517365852582,Oval,Very Poor,41.60388792288624,546.0483723138912,45.56410527594088,434.8359690384645
520.1620121651201,91.38220818917571,Elomgated,Passable,31.32632345723005,318.24301762265986,37.808734643029396,187.14487084515085
1041.3397640800904,67.7718505643701,Oval,Excellent,39.03878407461535,40.0,47.71273960005913,40.0
338.1028278208184,58.377070667631635,spherical,Poor,31.53458645236087,474.2449659593173,39.27439242884785,318.86888223781045
791.3240197794834,144.57114292211475,Irregular ,Very Poor,28.385640138379078,416.49259842825177,38.12801841749652,330.115183738837
1202.6938978457513,50.339869526150856,spherical,Fair,25.9272657554649,198.45291695542176,32.68472150023082,119.5988381207947
1004.5466529219783,128.6692661287716,Elomgated,Poor,27.108850330022353,188.1154365062064,38.80522645114655,157.78133117453413
889.8777728702979,126.7879621967533,Elomgated,Passable,32.05397414483292,222.33694390340966,37.4325193719092,162.52995971477742
185.01697891047525,165.2231037299665,Cystalline,Excellent,55.0,40.0,65.0,40.0
746.0792960442905,522.388666257234,spherical,Excellent,41.82924605182835,40.0,48.68136578654569,40.0
186.0987503503851,31.977177533445577,Irregular and angular,Fair,31.874672552026517,405.14039408144436,37.97572455905258,338.0276390645664
398.8090982344294,53.86692296465036,Irregular ,Fair,27.630566641741595,375.3927785190201,38.76271801293668,221.50861617333462
187.16710560965578,50.01095583829999,Semirounded,Fair,32.51291489514396,413.1964985119679,38.83531333744806,290.49381714165185
493.42818474138545,80.29686628253442,Irregular ,Fair,24.610121435162004,313.0515483150588,36.21035380884167,186.19005700631513
534.7153602493263,133.57078500999654,Irregular and angular,Excellent,40.41379024921195,171.33157799237182,46.00519863347844,93.61530266007958
594.7781210268872,291.29657464817427,Semirounded,Passable,45.4624428336419,322.3164817466017,52.494180001686466,237.0629289114716
263.80109430120893,59.50690866426848,Cystalline,Very Very Poor,49.2726595550946,582.3511003463707,56.88806184449701,474.25030359336773
812.0467376684174,95.61188412570534,Irregular ,Fair,30.46287786867149,291.7847591590535,43.028858114602855,194.86294041409909
1175.6619003705846,99.15811211430827,Semirounded,Very Very Poor,28.984546444948073,311.47304325030433,30.17172516781407,224.25813811536813
1292.2664863931623,93.71336459337975,lens shaped,Very Very Poor,38.44878799156537,300.0219088128827,44.67076571992479,233.78755183489807
238.32028871292118,62.51485291934813,Cuboid,Poor,28.689130625093608,345.5539069084186,37.23914176262316,222.9290518502696
693.4825068545903,22.50045001254817,Elomgated,Passable,35.124169275544276,347.5278318224359,38.27970667614215,266.85331803787335
1038.5715571728795,243.5966560282455,Oval,Fair,46.69730985941291,134.13162792178323,54.503973415582486,94.62806171167503
877.0939992817536,18.098759889151722,angular,Excellent,30.50124887892833,96.0349933444268,33.21988081314929,74.34838534272153
256.1498170374243,168.04627759449238,Elomgated,Fair,37.59327499693829,294.09122271566486,46.61289154427846,185.06873295839182
701.9434823223892,153.45715439740155,lens shaped,Poor,54.70617763873258,250.16865603998767,60.20420237304177,184.9526810660508
1508.6315727748179,80.1189713914268,angular,Very Very Poor,28.263767581505903,361.69439474064677,37.31827552783024,261.06458331771535
148.7312169591911,152.98532290089537,Irregular and angular,Passable,55.0,263.9221922312679,64.43383040488258,202.57663153986402
989.8466466334543,44.65452447781676,Cuboid,Poor,29.435635532189877,216.39043941789865,36.212287094325,138.4700602588885
1079.8709422187264,383.15112474122554,angular,Excellent,38.05112662070614,40.0,44.411712893130606,40.0
118.0,148.79707586555213,Cuboid,Very Poor,55.0,508.0855725166262,65.0,361.27884658552443
963.0469782729002,40.76690340135393,Cystalline,Very Very Poor,36.442794136931255,352.5829900376393,42.751756085941125,239.99403622586527
1303.344937515835,105.52458261772888,Cuboid,Fair,32.33567930417241,158.26722993062938,40.525815664408626,120.7111769827703
300.98872608681137,125.32598909077456,lens shaped,Passable,55.0,330.89956263774707,64.09990660525375,239.76210313068984
1081.7509269329942,137.89259214544674,Cuboid,Fair,29.355453692222795,183.99164673302053,38.04343135611624,122.53054846771353
364.71565892521306,141.12077925835908,Cuboid,Very Very Poor,42.92507647791916,657.6698115682354,48.66780732639028,390.04946783600013
579.1018880268738,147.0437012698986,Cuboid,Passable,33.02050597902308,313.5162499764099,42.19317077802217,210.0580835914801
935.0365354892484,425.16274076449713,Cuboid,Passable,40.50630729819881,177.35851977395183,49.224189630627066,119.29837941107162
872.6218580184295,24.289491070031815,Cuboid,Passable,25.25355140172777,243.79019516424256,33.17568293203099,166.12653951052414
860.7637426087458,25.26642928034857,angular,Very Poor,32.232307330340106,474.69735212703443,36.316400433562436,359.4193376385754
628.8828818471378,160.55116866632625,Elomgated,Passable,27.39081929574056,258.5304004091114,37.55579119395101,150.9763003630505
1796.4408358031183,218.3801467343868,lens shaped,Poor,47.7807240860538,40.0,57.270233214274604,40.0
821.8473566634304,150.10225816797256,Cuboid,Fair,36.44494668811769,263.9782764489763,43.44620470556329,189.54800452608345
760.1812205268033,87.03896645819495,Cystalline,Passable,37.47704118398479,192.65306171599272,45.305415899729624,152.57495408614656
753.9430359559432,121.10194016882042,Elomgated,Passable,35.589555596924285,323.93041842978664,42.37346640749345,194.8316639368719
1890.4851032692775,92.90668754817071,lens shaped,Fair,40.29272073787444,40.0,47.678072916802435,40.0
118.0,23.727720267674368,Cuboid,Passable,27.08510252487114,389.1419636569695,33.72180879187734,245.85617796379043
1406.032506332751,124.38646384422876,Oval,Excellent,33.80763811134054,40.0,44.54714878954546,40.0
1496.659084877786,132.50788277616442,Semirounded,Passable,28.27627687417235,56.35743443190559,37.7371635665909,55.2398477377963
583.6328834275533,148.78605315539517,Irregular and angular,Poor,26.163135914346135,280.62568277356263,38.105816574075824,170.8486202200176
673.7205172936058,23.64156738359856,Semirounded,Very Very Poor,27.516380740987657,459.5193344593412,32.366533253910724,271.8465170075222
626.2799847665802,121.70948082384052,Irregular ,Fair,30.72876034829485,276.8520281617599,41.937703944756386,229.25154409211345
965.8434015064494,68.56487963707822,Irregular ,Passable,31.229233079718817,279.97452290921893,40.1066192221845,168.8341945376171
1296.5939778916281,29.798365242715093,spherical,Very Poor,22.789061694335686,357.8125328267838,28.08429832005749,253.74380095169894
1285.0708140871484,34.78990845000883,Irregular ,Fair,25.85240070167068,153.46934069943757,35.91318997904829,113.51615251595123
867.3712657245136,39.172466951442836,Elomgated,Excellent,26.373608568044922,40.0,36.209310885328385,40.0
428.5397107215772,75.61527375590126,Cystalline,Fair,41.87646303893931,289.1683452252073,50.46594498003143,203.51792501823394
928.3961760645218,116.74166361384314,Irregular and angular,Very Poor,24.015806604584206,373.67074491977337,31.861165635822623,244.20271174079335
354.18069251107306,126.5258501548781,lens shaped,Passable,47.51673860767553,296.693866791955,56.80630911642334,186.58340431849385
410.6439780348954,112.08724464541353,Cuboid,Fair,40.757591524205296,422.2606319886544,47.050354172993885,253.0713127192541
963.8732707603768,308.36726950052065,spherical,Passable,39.306530592568464,232.14743954497482,42.16953558344119,162.6907314033051
1418.7482902709398,88.00298554491428,Oval,Fair,40.69267414247696,53.42901274820404,51.08280927061408,40.0
565.9767683852941,105.22289379742882,Semirounded,Excellent,31.084270659884726,130.23223424228047,40.34084009169075,84.2284326445589
756.3729466535924,148.90033923303056,Cuboid,Fair,30.560046714873256,273.10133216935304,40.311325341185956,161.59497174234966
695.6092389705459,126.60001965681256,Oval,Passable,40.43574006070092,169.89752224945124,47.520289715689934,129.50368827077867
1421.555645274376,68.67708280264048,angular,Passable,26.173359555650872,101.78359934555702,35.512289862251194,64.20784508864918
210.9014153568097,94.3170527757709,Irregular ,Very Poor,32.22038333071707,472.91847972308705,42.48664328122569,378.1791314748292
118.0,44.61367826223358,spherical,Fair,39.83289725405834,479.66390960639296,44.541287399854056,321.1634175917987
311.025374108142,45.535156315165565,Irregular ,Fair,33.12176717543988,458.9282935577415,42.253706006804045,271.565241392339
779.80440678448,97.47174795055443,Irregular and angular,Poor,28.63287553521376,236.22624435810502,38.38817470934768,172.93467670718024
1075.0679711937241,60.694288739275365,Elomgated,Fair,28.695570876098362,157.862160853483,36.73966462430196,148.1371545176802
715.2459005303999,90.58565872157679,lens shaped,Very Poor,35.09996221797617,419.17844036605317,40.24935154778424,325.6302909226312
834.7018879275681,21.49681271694882,spherical,Very Very Poor,18.31213862755572,456.0287377109319,24.754248176510018,331.6403678721806
913.7950633527212,138.21904600074257,lens shaped,Very Very Poor,36.24110943554018,360.50539783832005,42.862628317383304,249.9119301106081
118.0,127.71415552944778,Elomgated,Passable,55.0,285.53611446454005,65.0,216.72447237844654
935.793324308474,29.682147680598156,Cuboid,Poor,19.350838958536553,210.00373438020478,31.129079060109536,134.2482212992403
1329.0226932773185,67.75201081133106,Cystalline,Very Very Poor,32.72408967173351,312.7531060266922,41.06727274525239,219.52396285334726
855.0396534574854,125.02362820907305,Oval,Excellent,41.24334561446385,40.0,50.26176335446109,40.0
614.2017063190708,105.91895476168546,Irregular and angular,Fair,28.46074217275479,318.67109919488803,39.94093326922504,205.25460144160235
863.1717816528809,143.3673077069749,angular,Very Poor,28.573979655236155,431.35064861398047,38.94149308312931,276.01111037933026
678.8402750243318,82.27330373261289,Elomgated,Excellent,26.592866106213645,58.4681585854014,28.97501154093842,40.0
994.9552252824951,25.494317688220644,Oval,Excellent,44.15516939520769,40.0,52.58683685855276,40.0
895.4158925139668,24.02797641548422,Semirounded,Very Very Poor,28.904925545826863,500.82305423246873,31.889084588378676,352.02694516156686
1133.716047383124,196.59700308696497,Cystalline,Poor,43.70799784532052,114.67626894753316,52.875586157677624,72.80397663739686
894.9522893248316,130.59416335092388,Irregular and angular,Poor,35.69835123095588,272.68943404902205,42.403241657942,183.88399205560717
716.6984631525064,219.7239448262436,lens shaped,Very Poor,48.848532160312544,342.2388406286046,52.58680693200909,256.3883718472031
384.63205407437016,38.22175176313493,Irregular and angular,Passable,33.02432094446529,445.1642015489726,41.17351714980272,262.93936998372953
118.0,173.08852955971113,Irregular and angular,Excellent,55.0,48.52767111257897,65.0,54.081483408283624
982.4136970109229,44.319923002242,spherical,Very Very Poor,24.04371888563706,495.60364849905716,30.560485194034666,325.1727320248445
118.0,236.12681489144026,Oval,Very Very Poor,55.0,310.59608066118756,65.0,198.2006475048777
679.6201040117963,173.3334884061283,lens shaped,Fair,54.450534750244415,219.54644475756484,55.885715982029126,157.73730164983058
118.0,43.337542661473975,Irregular and angular,Very Poor,40.20920200917717,729.5266805189552,51.779048851707216,558.7156141647546
593.4514365804434,44.335107593244246,Irregular ,Fair,30.477028819239923,301.32390948387945,33.45502643796972,186.6238548456334
1367.0260349216628,114.37907902340228,Elomgated,Fair,34.41101650017355,144.85291972254922,39.71248396779848,70.53686392755466
506.3969498344428,13.83933640162906,Oval,Very Poor,44.008307129662306,547.2063606738045,52.86609278542979,380.63394883270536
576.2029121552641,157.22338178565533,Semirounded,Excellent,36.12067331001621,113.43961946895045,43.45200734192203,67.35767813752112
473.37180485088356,29.211797697374354,Irregular and angular,Fair,29.012402561573786,376.4496751205738,40.18976902685627,287.05211040937496
918.1395537867986,29.79799585147781,angular,Fair,24.41569780591068,222.95752718713013,35.82097688788757,162.69104707640435
1002.050581110129,99.5671513391833,Semirounded,Excellent,29.65142514876485,40.0,35.163410413094745,40.0
890.0499141423261,52.434948648797175,Semirounded,Passable,28.875755307740974,232.666193832374,36.770185364280955,129.37030695605995
710.1396734206357,37.27827042280277,Irregular and angular,Excellent,27.21330088808988,132.64207294566995,34.845579323667195,97.33706923567766
269.4918402530332,234.89555101292044,lens shaped,Very Very Poor,55.0,427.5543830696961,65.0,272.70818080930775
542.8429447017521,493.86571672307525,Elomgated,Very Poor,52.90488710360968,519.1588587882245,58.99777038284311,357.61391854900717
728.3844188092786,163.31410132912563,Irregular and angular,Poor,30.998500865154032,255.51128201255142,36.88945431667434,180.40862675842766
179.37393308264814,68.26395566565522,lens shaped,Very Very Poor,41.216232660867185,467.09658542459897,50.36227837213417,354.03277940910505
265.7217701076912,39.112004704191456,Oval,Passable,40.41093799595374,325.74757058779943,47.83621321789006,209.4269808517897
1499.8258460259653,207.34827610156395,Oval,Passable,42.59809734659687,40.0,49.10983013904124,40.0
618.3579169900013,67.31169598919912,Irregular and angular,Very Poor,28.339858851577365,572.5440016133354,35.353443093239406,408.37748002483283
1189.737276046736,600.0,Semirounded,Excellent,37.79100637058291,40.0,52.349043339252525,40.0
721.5516575497729,377.23443776937324,Irregular ,Fair,40.165785121076304,220.99000685501727,49.0004220772582,157.16857304642815
1526.9525506023328,76.51333646409259,Cuboid,Passable,34.721844657104505,107.75215186448317,36.48195626234061,78.80375268838286
290.8558809287101,75.79076487436903,Elomgated,Excellent,32.47762551682225,97.22583888497287,43.406133862200946,79.41549104005412
761.798547861449,26.651608949066592,angular,Poor,25.083050269918015,282.56623165243576,36.28033001904753,177.43691127198184
633.2988000357575,159.61430939579387,Irregular ,Poor,33.5235625154057,291.6370363948838,43.21010439295033,172.00794432616198
1219.1905637144014,21.376194241343576,Cystalline,Poor,31.800019656459423,108.58580199229746,40.02786283155839,72.7164539536526
992.18002441775,116.11889734375985,lens shaped,Very Very Poor,39.689499574565346,430.07632977236847,46.520117731282724,304.8736240820913
1049.7130399937737,86.9831257898461,Oval,Passable,36.53412795201503,120.19685168337706,39.13321564324737,94.63132336879025
125.07317506331958,114.06804867548102,Irregular ,Very Poor,52.87469905189762,505.9254814292193,58.54930863766443,309.47825361296475
1414.5322700044744,27.05833211664816,spherical,Excellent,23.871544747479724,40.0,29.88549990892448,40.0
1023.3694790075115,40.466286140863986,Cystalline,Fair,43.19064159267894,150.79850921321173,47.357060441007924,92.44683087798663
686.2198613816944,143.3859778819704,Semirounded,Poor,40.88471522586836,315.59605615829787,47.062841719643274,209.2860636519604
1499.7036806466763,177.53083940507025,Oval,Passable,49.17445011705496,40.0,55.33186649260346,40.0
818.350305577849,87.58920002558402,Semirounded,Fair,35.26423565941056,302.98553959651287,40.59903741087337,225.8169565832094
1030.7767354347648,55.0688025039082,Cystalline,Passable,38.579763856563495,117.79611982474468,45.9876879677535,128.47690504664402
568.620997388846,42.46112139666662,Oval,Poor,48.78833463198529,330.67988092322446,50.21715850656034,184.36331448302388
1098.4762178554824,62.95711686253738,spherical,Poor,18.39673578133313,185.99998178338308,28.35761644479866,89.34224080763448
339.1808940051853,32.88770997736809,Semirounded,Very Very Poor,28.109908422122754,687.6574954553436,36.414796941283754,408.3857565205393
1185.5830069902913,43.84335956805202,Irregular and angular,Excellent,32.23489158692239,40.0,36.96058898605845,40.0
118.0,92.40344900850003,Irregular and angular,Very Very Poor,47.84304884829999,530.1571449301183,55.19720280715766,353.743604583667
966.7668424057644,114.12769631588715,spherical,Excellent,27.12695396840593,57.50780248277295,37.36911128223936,64.99029699959863
118.0,164.7204609434118,angular,Fair,55.0,210.73261709155858,65.0,140.25913634944564
664.9666637267076,30.137258941885875,Cuboid,Fair,20.97337837170879,298.7879270039065,31.97755583544453,181.32290500665547
696.157908732145,111.25316115806794,Oval,Fair,41.705089437971324,250.07498702485296,50.2456211201864,158.035132780604
293.57029938736866,34.16081529737924,Irregular ,Very Poor,31.12012515404628,691.4299445009258,38.94326283186995,465.17026608956377
787.3118049244727,131.74745549432927,Irregular and angular,Poor,34.87369487197797,241.8026984122653,38.26964678208109,200.28784292972028
545.9126247254758,208.6434646959833,Semirounded,Very Poor,41.63155061272413,612.5081815501409,48.26556181270644,379.76188739484525
773.065670261326,38.40133766902843,Irregular and angular,Excellent,27.83194902507385,111.70314468444333,35.705996366677795,84.61457715660715
118.0,35.29887382032467,Cuboid,Very Very Poor,33.66610045542036,662.4327185938602,42.775997310775715,455.3668192707622
943.073833559309,64.6374650906033,Cystalline,Passable,33.215045681295344,154.8700124245962,43.517847198976796,127.11199517942447
990.0366466881438,202.18475619836616,Cystalline,Poor,42.46720676448021,130.01264995879032,51.88327538285486,91.3206157795159
671.3922832456369,43.1215357884244,Elomgated,Very Poor,27.153795384634318,509.8250328567659,32.78502345578893,344.5409977826849
133.6688175710466,86.07963268030852,lens shaped,Very Very Poor,55.0,480.6200390320557,65.0,376.3905142168802
215.37103748288723,109.95231480803608,Cystalline,Very Very Poor,46.2946983023289,430.2351864416142,52.17018675873176,271.5538110182569
1091.5141381621183,53.941445615404916,Oval,Very Very Poor,48.2731535061297,354.11998813086586,53.45207318095672,246.50607621334171
388.85789652862564,334.52017816170724,angular,Fair,51.066417867093676,231.1616195862705,57.811743482375235,186.435229898484
833.810695164164,51.248419821243445,Oval,Very Very Poor,46.18599441461313,561.9310346583588,49.30506281621207,413.02671797541274
1143.4311821501838,268.2493472967575,angular,Passable,25.732979826044204,142.0088911288383,34.48970675332283,89.44938474435709
672.6829455127144,59.7021368885182,Cystalline,Very Poor,40.14673632942159,516.7591001065813,47.322170274564996,384.51150165442044
1703.5598239904184,280.6269706382337,Irregular and angular,Poor,34.75112003066387,40.0,43.67745093593032,40.0
941.5028782429599,145.24302964808822,Semirounded,Passable,37.8231867412281,260.6441891304921,39.90004454726421,147.4680404197995
354.9298327789655,63.479372924970136,Oval,Very Very Poor,40.36974032857079,493.37656809384214,49.66906425169938,375.9765855990769
1079.8622392946593,167.28885338076546,Irregular and angular,Very Very Poor,30.37557492717325,358.2299058331645,39.59033510394678,240.49012058714194
471.2341636644063,213.75208272593764,Cuboid,Passable,46.43324674413958,327.1344542995512,53.12978087724334,257.9925239904498
1133.8022683991308,35.293650424125964,Cuboid,Very Poor,21.755900019437505,337.13099163158546,30.7035064397654,194.02693353567858
651.7475370111756,173.4405351510402,Irregular ,Passable,29.33914261882128,252.05096147538737,34.47621968102205,180.75784606325263
1189.2812836177816,45.355675601645636,angular,Excellent,29.570388020454043,40.0,38.159615664691984,40.0
456.33793955845226,12.92722920939277,angular,Very Poor,25.392919117459066,567.7003492173128,34.572037257913635,422.07008128201625
544.5627842160386,60.02046080783273,Semirounded,Very Very Poor,19.005526556276102,548.7927285083441,34.27585979176753,331.1511875675231
164.24337973716945,220.04130286362945,Cystalline,Excellent,55.0,40.0,65.0,40.0
451.1023290764539,123.51239563907856,Cystalline,Fair,44.26784178717206,246.25527389342443,51.10842269109669,191.0584223785849
118.0,51.25268949755926,lens shaped,Fair,47.70870635295882,295.90004210267193,57.520680448672735,211.6750127377089
1232.3133612227653,68.58305728838218,spherical,Fair,25.583531909095388,186.47151540538357,35.26491659035041,129.0254269099724
1030.5570723205358,411.7508130967529,Elomgated,Poor,36.85257824445563,153.42751099521735,44.633540736476036,105.13616170740809
305.3587950833485,253.54825102529466,Oval,Very Poor,50.39531526947034,327.23314187260377,62.128084012336814,276.8738970798629
1125.8758864051433,222.0200505071105,lens shaped,Excellent,49.857629011836515,40.0,58.27077563079091,40.0
118.0,70.18429492739797,Irregular ,Poor,43.00269950255141,352.6391856477865,52.94906114638177,231.17201474089777
707.7309973824033,202.67205277146556,Elomgated,Very Very Poor,32.20612825944665,448.7648844137501,38.31068145355005,305.1935191222137
763.233122269685,225.420448722032,spherical,Very Poor,34.548020007565306,423.99289667882687,37.32831096858856,282.27914471584796
1278.423642552605,11.991389782200589,Oval,Fair,45.49702002598043,110.30957644398198,54.168636441699675,77.45268627745813
935.0072673223422,71.33275821937065,spherical,Poor,28.65731223031243,310.49758482604653,34.33533542642714,181.12333381868024
118.0,138.0412589475152,Irregular and angular,Passable,55.0,273.7370217863204,65.0,216.4877604887932
464.73892996729194,20.454677623173826,lens shaped,Poor,33.44454205699354,280.73304705942155,39.174954327218074,180.27389790232067
190.61412349910063,122.9296252192772,Semirounded,Very Very Poor,46.144399966799405,612.8785378954393,52.581423733597696,465.21651999495026
1202.1696976873313,35.7961725712014,Semirounded,Excellent,26.390641593821094,40.0,32.50584230322575,40.0
825.3769659401651,600.0,Oval,Poor,55.0,127.58162318439652,65.0,40.0
210.96296104323142,93.30777924417222,Oval,Very Poor,41.771475270370814,444.89557561001715,54.698170680090335,341.07646378300495
162.33664661114506,108.6776123379547,Irregular ,Fair,43.4221553148007,309.7360861253269,50.266973231123124,221.66710006765888
1384.7290786520275,32.510817701910156,Cystalline,Very Poor,38.441462515603064,261.9316419331903,45.168531030252794,179.18209332376784
658.9507700439954,51.53554932631404,Semirounded,Poor,29.11368135563013,355.6541733648384,39.30634557443287,259.51831151333954
491.5370246520561,123.51696494954219,Semirounded,Fair,27.43046092092539,299.3457499043202,34.30227879581582,199.90805432025084
579.7662934906997,201.0734512666829,spherical,Fair,31.189419408862364,300.2132751872999,40.759660018528,170.15149013650887
1330.2194024117457,39.360236112464605,Cuboid,Fair,29.593718312860737,146.68270672521996,40.28260511342699,101.90232652167678
1924.8435688169059,147.92972058327572,Oval,Fair,40.7688099996239,40.0,46.07282536219444,40.0
208.61000791680829,23.94408264198871,Elomgated,Excellent,24.844970253571447,198.9164009135259,31.498169529557675,145.60299553614232
818.5129527254359,19.92230433432516,Semirounded,Fair,26.944101903065576,258.0109652390086,35.53433087665634,193.97121454123695
1135.116224587784,46.97996102428691,Elomgated,Poor,27.007886910672376,192.318744249583,33.97391353259635,116.09467490141826
1051.4961824858626,56.734282805080696,angular,Poor,24.80931959336549,164.57734206872604,26.178594945646882,107.82648408631425
393.08050499712414,168.52734097627282,Semirounded,Very Very Poor,38.855820341238456,464.49135450561937,45.611603234187264,328.29181500053807
763.1318199689147,59.0534472477656,angular,Very Very Poor,27.285877363423257,549.4197264176568,37.32313680878731,377.41260867154557
983.9560634072573,204.4298878959985,Cystalline,Very Poor,44.280447068026476,316.3423347879208,52.06328915175846,209.96267806640742
236.0180273986407,406.28481858943326,Oval,Fair,55.0,105.66059138309772,65.0,47.81267400887543
901.6880926695733,93.835356265683,Irregular and angular,Fair,30.677239944541707,233.1139553540524,35.798856688496286,139.78613213577952
386.9719401281402,17.029707443076337,Elomgated,Fair,34.17795690004027,439.357953574702,39.4060360789397,274.28569552550226
881.4334792060579,38.407468221110996,angular,Fair,29.33286632101624,226.88690731302822,32.55199280647951,144.91069781879935
782.4670628273672,170.37721506758194,Elomgated,Very Poor,32.74000167843896,482.23465265371203,40.58967026954838,308.9157483741252
118.0,137.23930607011772,Irregular and angular,Very Poor,55.0,521.3822483515611,65.0,366.8985013915845
966.3314917568057,403.9864992463936,Semirounded,Poor,43.891083074397955,199.80758990694775,51.5698747184627,150.35857523866247
1408.2109621176778,508.3444215864991,spherical,Passable,33.8009844126244,70.35381766432334,42.22445774130133,59.90968972689285
378.5560572644031,110.08027467169002,Oval,Very Poor,51.033776309732694,522.9308692580673,58.68665882795634,336.1132559037879
1238.359982005438,31.558555103538026,Irregular ,Very Very Poor,29.946261638190897,476.73742399567794,36.43015090204712,306.65744004242094
1354.1797367756883,103.147922237877,spherical,Very Poor,19.46527749266082,371.2499006570088,31.0546249795642,231.69814364342554
1102.1407095046598,58.24459077815048,Irregular and angular,Passable,31.50746246240089,259.48726018164666,42.36144737585444,140.22401133962586
1069.2916509674487,145.71145513996407,Elomgated,Excellent,25.557586485677998,40.0,32.72834523100192,40.0
450.603418445124,42.1983289823095,Cystalline,Very Poor,38.59623997623309,441.31790300915077,48.04209293890614,338.0117570005473
673.1289806099285,73.14517364636531,Oval,Very Very Poor,37.91650137626879,446.1106402531428,45.38442913340965,342.9244945883145
855.8440256642314,94.86944075054768,Semirounded,Very Poor,30.787114741915854,479.7622315670741,34.56797902549249,332.960400874867
940.9683260379463,203.0519235917471,Semirounded,Excellent,32.06145560032849,41.90582100101041,41.705870545348986,40.0
533.5789753203719,37.98817148126418,lens shaped,Passable,33.83735909341536,290.5359859496055,45.83365376515936,187.89819750808036
773.4464467995145,125.56807971330397,Oval,Poor,43.10695460647117,197.95885801172886,51.200687370948515,129.86487563540572
1404.725349428546,56.695096905867416,Elomgated,Poor,27.894146339448366,116.84271152292797,33.717316950561084,57.189331577549694
1234.4434794241604,24.899226894784135,Semirounded,Passable,28.89471138116916,150.91579672086465,35.02316441676317,124.53950841450173
1153.2041444271229,40.962949594999785,spherical,Fair,24.149196298729684,184.32813417834754,32.23070387907129,151.3083355644053
609.9693975009706,23.378618100281297,Cuboid,Very Very Poor,25.744157181592012,524.7026190508313,30.79168041002444,395.12267769695063
794.303970789334,55.98468665807112,Cystalline,Excellent,34.246802047163044,40.0,45.510225986820416,40.0
670.5198398988493,76.31061518326469,Cuboid,Very Poor,32.59579928287523,472.8066081102949,34.43895698582466,356.6083610758049
568.7161092192897,267.89862057569803,Elomgated,Fair,40.542081613471,246.6323209177866,46.35253958385626,171.9397226452871
1204.454354832134,146.84754319003503,lens shaped,Very Very Poor,40.318013093012006,389.3320616606871,48.576052996749134,249.81793078187553
682.7010028703386,78.83997249669426,Irregular ,Passable,29.89657081647447,299.12126371805863,32.289895364361236,256.84495042106903
737.0356425859658,45.33823859323089,angular,Poor,23.559781732261357,235.21986084965138,28.717766486372625,179.81946336182102
158.70552008790253,69.33279050121035,Elomgated,Excellent,35.480102317764356,119.68722316792957,40.03988636480544,93.54465823668419
118.0,56.90225177473347,lens shaped,Fair,53.71344549493083,302.2370658202236,58.05308364765967,219.72952394866985
1017.0746963172305,204.17887383916826,Irregular and angular,Passable,26.32362141093165,145.82593216221258,32.596075046528725,133.10510006880756
444.7699388477998,55.28390445929047,Cystalline,Poor,43.96103443788525,295.31599432200494,50.10859047605677,213.62399351597972
388.30767685997415,44.713156017168465,Irregular and angular,Poor,27.052479494153864,340.0535318025423,35.724910518709,289.18183533471785
811.9720006848266,44.24277129958585,angular,Very Very Poor,28.597470152699714,553.6880942567434,36.23647381761616,371.09710781638944
2015.252611369753,124.10092722832398,Irregular ,Very Poor,27.319383266950656,157.63315080839462,35.26674679113128,114.83402402591206
673.9793658828463,111.5565903290128,Elomgated,Poor,31.224184870490106,274.3881530409304,36.755918903267556,196.78852424683868
118.0,43.510127846261895,spherical,Excellent,36.82800886296149,241.29831326401188,45.409019064036336,157.60797981348304
588.5780808016226,69.9893053076217,Cystalline,Excellent,40.29319107673849,70.01282188870506,50.919083166585864,69.50872466209202
1067.7703149336912,46.87996426953741,Elomgated,Excellent,27.490001933647267,40.0,32.923409501530735,40.0
763.253585222865,81.03692762827903,Oval,Passable,46.50844143568354,257.96365811893935,56.62261390705199,202.0548909899145
922.5240930275902,113.69065790207462,Cystalline,Passable,40.8592124782435,151.9960152187515,46.829600405558445,88.87354938119799
261.38968992430966,89.80190173064543,Cuboid,Excellent,37.59108509576354,152.29677892420779,42.110976215783765,111.84183017920512
1230.4838018201394,125.6333054299725,Cuboid,Very Very Poor,28.358126676399976,342.5635672837958,36.26896023119619,229.25134240667694
135.79816882137834,66.49481172313149,Irregular ,Poor,34.97427729116737,338.24786294638216,42.305054618002565,228.19207982895335
132.4885944646362,68.05960855636029,Cystalline,Very Very Poor,51.30562567934679,534.2649205966212,61.15462666004395,407.61699280867117
783.925270412494,11.481762169743794,Elomgated,Fair,26.6535146464806,228.40323297522792,29.79613744061961,176.40358830992878
700.7460584605726,36.67337088934176,lens shaped,Fair,40.41291034972709,218.11357628360247,45.976826964356995,150.821752881917
455.4405823199289,103.89036076235561,lens shaped,Very Poor,49.57143791585515,655.7119738425978,59.32139451938473,443.90408214445813
149.6868753911906,86.44842342725255,angular,Poor,50.83865787596357,418.4426605880427,56.4465999444029,275.1707575192697
1061.6546149505823,29.73812546906632,Cuboid,Poor,32.9132941505881,266.3278851135613,40.50683164087159,172.74031568527602
573.6395159048739,40.522397050077785,Irregular and angular,Passable,28.0976769450057,315.2927882029307,34.411277011093674,217.85316002647065
1353.53140246965,19.961186736904935,Oval,Very Poor,42.77278207446932,305.3910923905523,50.63581983311313,227.8567023308214
1495.2885918086972,78.83263922670355,Cystalline,Very Very Poor,40.48997553353671,334.24531234258035,50.03179278238875,194.14176780778848
271.35275586482123,58.804196870790506,Cystalline,Very Very Poor,43.229913977344914,607.8151957826595,53.004657988902906,424.55743147492757
136.59643906997724,75.7630747490287,Oval,Poor,52.77174608746856,323.9294371700471,62.14117758230008,227.57074826647448
757.6685823469726,74.82824024984536,Irregular ,Poor,30.623777272257705,265.9506166119696,33.519716143466646,176.15000411086066
256.14638902515367,79.06662867771279,Irregular and angular,Excellent,35.79713156419017,141.7563500675667,42.25479281596428,87.75200105973539
977.8176167810782,54.20648460102265,Cystalline,Fair,47.16012974725334,164.89434636692602,51.71202815716926,119.91642055988135
981.6123534707657,46.07596857311149,Cystalline,Poor,31.662066431225497,140.08817974990544,39.9218500559745,65.62210813340762
883.9102522253454,40.759692628841584,Cuboid,Fair,24.164797206251087,263.1167813000678,32.8388463222639,206.67873700504356
877.094621626937,230.5142389169182,Cystalline,Very Poor,44.9930060239514,303.522812776587,54.22536299865313,214.3177743909118
1229.7310049655493,78.30805180772998,Oval,Fair,40.42382850269618,85.66914330231253,49.66638944015847,46.62656137247381
418.4676045869702,79.87269909495973,lens shaped,Passable,43.46502811094261,284.58104327609044,48.80030085167462,187.8046234843565
887.3879176259315,89.3080158341531,Semirounded,Excellent,27.39780568123832,40.0,30.84287718861044,40.0
778.1087211608552,113.83123967487965,Cystalline,Fair,38.82343671035929,185.2072745193974,51.03825482294772,146.89838782663165
118.0,69.54498039555317,Semirounded,Poor,39.3156603374645,370.2534364524908,51.63163265081736,239.0707118266039
359.1744258358073,136.6421468096673,Irregular ,Very Very Poor,37.58374947698283,534.3706951035201,45.86722458165431,357.9286792084693
527.4224129531982,173.77485213122458,lens shaped,Passable,46.03903032179848,212.61929200641262,57.709478811989065,172.2546913146895
1817.2432009520219,40.801118073969064,lens shaped,Fair,42.39707058967002,40.0,48.060376868023525,40.0
165.5916836719582,100.89066083891424,Irregular and angular,Very Very Poor,45.825640129141604,547.6003435039463,49.961880556966065,357.35055386703453
181.28397091160025,198.7821044621161,Semirounded,Very Very Poor,55.0,398.4281845495722,65.0,336.8557694386868
1016.9862183556628,302.71092644491057,Semirounded,Passable,31.136863533415507,157.34437646083987,42.04772318340072,119.74943626127487
118.0,27.48351876588548,Irregular and angular,Excellent,31.46312150996955,172.58606086270262,35.87769073584368,127.87575251072145
455.9868582846466,39.56985978579461,angular,Poor,30.745365113397234,421.6942512186551,42.88219566627495,322.47897620748154
924.8699396384102,71.44379953659535,Semirounded,Fair,26.465082217370668,214.32369076452449,36.929408609835896,185.26257296067826
1112.7978882375978,188.87465371085497,angular,Fair,34.7508492745949,179.48525121320463,43.1001737105717,129.4337285505236
1028.284187754019,79.72678041470519,Irregular ,Very Very Poor,31.21883325415716,418.53442018535725,42.99440424174979,333.46503083802196
1063.5332918334132,144.14300859774457,Cystalline,Very Very Poor,36.94925038440071,333.4705643083946,43.1383141426813,194.92642236027615
1105.1017551818338,79.39612227818824,angular,Excellent,29.21881482498584,40.0,36.11498895280372,40.0
1008.6513245835582,69.26932492228448,Oval,Very Poor,41.24793299054528,388.66230161710524,48.2513973559604,287.02128815841843
731.6696465013547,34.20325584779471,spherical,Very Very Poor,22.4943717473508,464.9758173273189,30.073180145828154,345.23290511890224
179.83684888891923,72.76799962505198,Irregular ,Very Very Poor,39.23529620295032,651.1159079733434,45.455082775961834,381.8104436264423
642.978060165788,119.25199617001867,Elomgated,Poor,35.53132474305348,340.25042696362505,45.452917126870915,261.17401029330875
854.3890930735419,51.45223526609942,Cuboid,Very Poor,27.311097350819082,489.15104270070265,34.25535339827622,347.92249872527816
933.469012201845,206.67951951146512,angular,Fair,26.75415022637198,184.08070328567746,33.47505355843869,136.80414012154884
537.7028513798767,35.77426547368407,Semirounded,Poor,25.313648741008958,327.0842282889508,33.71861086029101,245.41480576406076
451.06272462261506,201.60216381624318,Irregular ,Passable,36.22262614452975,310.8194584733471,46.58329253493069,199.7945770186852
1394.278062038913,42.1185726542056,Elomgated,Poor,27.25643527973115,109.77388948934907,31.820932087155544,65.21155153924401
1030.4198401877286,30.683791004969,Elomgated,Very Poor,26.457702082204882,462.63426012977857,32.20427455505432,332.52021534593155
1246.5239878433931,60.4634334483158,angular,Fair,26.11317561204121,136.06669567281128,31.673161110587426,85.81251426665955
118.0,12.831115241560028,Semirounded,Fair,24.68658355256445,370.55809457752525,32.41300144438552,256.9517938191888
1369.3248361875,56.84818414842937,spherical,Very Very Poor,19.355336333825615,410.3244220930061,26.11810679357648,277.5020982662817
840.1637942793461,74.88272013176979,Semirounded,Very Very Poor,34.5342338017652,633.1547440548991,36.85360958785057,457.46501529053444
1210.1767189562206,21.473055053364114,Cystalline,Fair,35.21688898606311,117.67409948080913,45.55400709173282,75.61887843032548
832.4462261000898,68.97556292179753,Cystalline,Fair,40.14700496197449,185.7530177463096,47.50942106664517,137.1406870847887
201.66640217023485,39.31700673669395,spherical,Very Very Poor,29.578973378798512,765.0276202398825,41.794654262932994,593.619106637455
668.0718572834785,54.816676765814115,Cystalline,Poor,43.936752273532534,247.45273980939947,51.538978223282335,189.5542420308248
1562.2463509413847,69.24808173464847,Semirounded,Very Very Poor,35.29749096937239,331.0355639477013,37.44524041011138,194.44745977908494
955.1971502550925,236.24700530167433,Semirounded,Very Very Poor,33.01878281326267,461.62788532131094,40.40620700917694,268.9674754910217
118.0,47.460801683292736,Semirounded,Very Very Poor,28.5294342884921,599.325037922947,37.91509331427687,382.1104161520257
118.0,32.470407093010856,spherical,Excellent,30.593427818980285,284.2803876734124,36.99225276088962,206.4573580265355
1110.6912938778223,66.2707386338986,Oval,Poor,39.50591409079699,140.8079612164628,49.77533112931105,75.68430287826757
875.1274939104467,118.40154968133017,angular,Excellent,28.918572853145573,40.0,37.0801232658343,40.0
1379.745617897469,33.324134753945884,Irregular and angular,Poor,25.69807243853881,97.06019699916156,29.558148756480733,70.10179745167858
646.222589714759,28.254666987572623,Cuboid,Excellent,26.742252933150912,82.52089775625373,33.26602436141864,77.06743331824539
818.4664690386065,100.421570508004,Irregular and angular,Fair,23.18492510672068,196.46182933511568,31.794985616379964,152.85249171322175
847.9320649634594,99.9831379645454,Cystalline,Poor,42.24215847294938,182.07541012557348,49.84624716603222,138.12920744323924
137.0392459380089,52.16959332104927,Semirounded,Very Very Poor,33.53738377356851,539.967618791654,34.52337135489053,355.7853594230765
1330.7294410083582,124.043004206486,Cuboid,Very Poor,25.465685964849396,309.12442387384874,36.35691837737386,192.75681101149922
201.07988529680813,274.6362801578644,Cystalline,Fair,55.0,178.94871162125344,65.0,125.59943664142662
958.5110417577927,55.71064357485947,Irregular and angular,Fair,30.97848039466598,249.2463693133606,36.29947450939146,159.94425994721288
934.8975045336201,21.03010218502386,Semirounded,Very Poor,22.84110060511037,480.61134830531444,28.946182381011447,282.5137513127651
713.1913638691667,46.30174356497297,Cystalline,Very Poor,42.853112799787226,486.5621624177769,51.478167361363106,365.6663827544315
608.149417945603,51.144668665292095,Irregular and angular,Very Very Poor,30.006528804107703,475.74380225129545,37.74497691407649,316.2536569950154
1110.4371042535008,103.40229819137909,Semirounded,Passable,20.828777609326547,141.19221735140934,32.45374008398105,137.87874047496797
262.990623183056,99.04257110496793,lens shaped,Passable,45.08817567502072,256.8970435085292,58.15050076467475,181.10205067976324
477.5376030036317,142.09603596830289,Cuboid,Excellent,32.51488348970324,120.42065096326601,44.626247765512225,91.66806565230631
1631.0104018450772,27.88550215327974,Elomgated,Passable,21.103127869167547,54.423184433029924,29.33086430567171,40.748911033544125
1005.4290188816248,112.68011667925691,Semirounded,Passable,32.30858898018509,212.00777045386837,37.086661548479874,131.44985054294347
773.5780559331573,11.506181260451507,Irregular and angular,Very Poor,28.499772224817637,416.38210473506,31.65424553191225,333.7911273413855
218.83675170766423,43.98589006653683,lens shaped,Fair,42.60270672348632,343.88360145468107,52.414120536417386,212.92428971741663
1172.1616072445272,39.23386846493874,spherical,Excellent,23.9556716440009,40.0,28.606235312520734,40.0
784.9395736923867,47.683234022954515,lens shaped,Poor,37.70499029900417,192.5224441783543,47.80644646256159,152.62450428447931
739.4295799368347,51.96834062209656,lens shaped,Passable,34.92049959476996,179.2186749937386,40.82073868931657,159.83083465011947
660.3848485480814,39.040259181862005,Irregular and angular,Very Poor,21.996723393177565,478.69166170921386,30.917809078038164,373.19670564170167
317.03777326706194,49.01671699375149,Irregular ,Very Very Poor,33.29382923480819,779.3495445254858,40.32187016561567,564.0583893395525
583.0019638904475,34.54490286896883,Cystalline,Poor,37.39767736785757,272.06484950353746,45.156486161663864,175.2070932720354
302.98860219058554,28.740157784900777,Semirounded,Passable,28.789637323044357,365.59202605466874,38.82829433959044,241.97798589397388
169.5525848363036,52.94164829515722,Irregular ,Passable,37.64678173339906,384.48097414467514,40.1975771143517,290.73484435542355
618.4682585731764,275.6166943889674,spherical,Fair,30.786723908652174,249.18449862788643,34.443444492195,164.15543417508394
919.1791209516683,84.03980310698823,Oval,Very Very Poor,37.159833980784065,433.14531204549115,46.99728705401986,305.8694232219408
118.0,66.19091614486352,Elomgated,Poor,38.49459035913415,307.747034454802,40.270770733041154,209.8515831935022
267.2649118995871,46.61202855545164,Cuboid,Fair,31.25464107457404,365.1616302283519,34.63675061398409,259.82128457173127
224.0975169636206,259.0034911475114,Cuboid,Excellent,55.0,47.292756254116995,65.0,40.0
1242.945533661119,94.73069132921609,Semirounded,Passable,30.457439816489828,140.3474423746845,35.01248943976447,98.83904211332577
123.84280544063449,199.42132072948647,Oval,Very Poor,55.0,399.4091117521479,65.0,303.6086379457417
486.6437562509484,38.72959103779099,Cuboid,Fair,26.367048762763652,340.61675022727394,33.06169626888937,224.01031731707303
647.8692808354166,15.780328791362468,Cystalline,Passable,37.91619662447553,246.5592350028179,48.86348261771868,143.29034977284323
118.0,77.45876860974562,angular,Poor,44.8584192434474,358.43401668572375,53.79095192691838,234.8327586409487
559.0994531855966,201.14781451055595,Cuboid,Fair,27.56824561243283,225.4016704923962,41.28609938031791,174.09750271206113
527.1522394792992,72.48079745570466,Irregular and angular,Very Poor,30.048052392270794,536.8006559462609,35.60991759992879,430.2357966596331
118.0,67.1087829397783,Elomgated,Very Very Poor,44.65989059805266,519.9314526635873,46.99889265772356,420.85076801831264
985.2616122004587,53.402670979667725,Semirounded,Poor,25.947511748212438,237.4623475435875,36.5068095036402,149.88017683226653
415.16822286298515,24.01148013504989,Semirounded,Very Very Poor,28.389282341034757,573.6583502008818,35.1793296911403,369.9448585924784
639.7464165963289,89.25331425835105,Irregular and angular,Poor,29.782458811424007,306.14186389306116,36.419444358687485,237.6229515597264
882.6481890389717,287.76503476394345,Semirounded,Passable,37.952531007615185,221.0035099932494,45.62066483336325,125.94498519823198
118.0,81.27329129957624,Elomgated,Fair,49.72680953564487,328.72024031388327,56.99689937146699,275.9986668572826
1036.497264386147,112.2084038402843,Irregular and angular,Passable,29.463978283405982,202.75027828658136,39.16649187864244,149.8893351296038
1014.4135258951342,44.0098795821587,spherical,Very Very Poor,24.67329933864871,444.86625304133156,28.282572627004797,336.1894060023532
1465.9828860108705,97.00981152763131,angular,Passable,26.734223292969077,104.20623747953732,28.91813197371567,53.04213993789931
740.0228496250858,58.89051886663646,lens shaped,Very Poor,39.95035584416238,353.2609120852163,46.340166003548894,229.375521553561
860.3945502056201,36.89546179496808,angular,Fair,20.525124420131448,193.43736610221572,31.160359278723966,148.72464302697404
689.3884716544769,137.18057031362008,spherical,Very Poor,31.20238003778254,604.4573576924935,37.66171567774539,400.82498133314414
349.0508024396542,277.2078095528598,Cystalline,Very Poor,55.0,560.4121325167699,65.0,361.2347938214521
1810.4648772757168,27.596874793502238,lens shaped,Very Very Poor,38.73716556209074,249.35801879040963,46.04090450234332,129.16000710026438
255.9459477304838,117.92061657262695,Irregular ,Very Very Poor,49.16232513364227,662.0848255033184,55.06196577490102,393.9541077107574
1938.546032409074,161.36614429680324,Cuboid,Fair,31.548361482926225,40.0,37.521674506607425,40.0
848.1019066141206,164.00335425081994,lens shaped,Fair,42.62430766548781,152.57645557170994,48.999482362420366,101.75790005722365
711.0792208375153,79.4270329813375,Cuboid,Fair,26.060664517585252,262.3878842727756,32.30457798681702,189.05312899669906
1008.134028732554,60.399425583013695,Elomgated,Poor,27.879571036217886,194.6781145359444,32.95951688755462,171.27214920957354
275.65894794721265,92.06946987680031,Irregular ,Excellent,33.43169129528829,147.11502901527726,41.50683640815506,113.3384462092765
1886.6202073901788,81.75828825669157,angular,Very Poor,30.796138304271807,231.22051857372483,36.055780779444255,156.35678338437438
1040.9564897494836,113.05884323322816,Irregular ,Passable,28.316834292917218,189.10609820978064,35.78401937541847,105.73314894555354
784.7290306764719,257.35351829810844,Oval,Passable,47.33302002485516,160.2670386269034,53.15587558522202,106.51523201066179
1127.3242520897502,25.839633086634247,lens shaped,Excellent,38.84394583730412,40.0,47.064654416754536,40.0
1301.0019260256354,99.68044990569562,Cystalline,Fair,47.20485276093301,105.8231711353004,55.3926186285917,61.23243351515026
823.0948617207815,83.50586824856207,Oval,Very Very Poor,40.050707529439535,499.8692998736982,46.93897495187402,329.4900772410215
938.5829742470754,71.99180227354647,angular,Poor,31.350957364991434,277.71865880156275,41.72166856014261,193.24830447502183
670.333099850649,86.76760906223613,Irregular and angular,Very Poor,33.561487783282665,450.255267420694,34.63187444847087,365.0260063460834
1196.9132648319642,38.47901997436243,Irregular ,Poor,23.47750930369881,183.49447869807116,36.43011653049986,115.91042288381232
387.7775384597444,80.2114582771858,Elomgated,Passable,27.966753996365707,345.5173703945468,37.93036539845565,277.57926297848593
756.1407091330162,23.83860530837149,Oval,Excellent,39.35288505260252,40.0,45.67394465404054,40.0
749.5478969113383,310.0784553050425,Irregular ,Very Poor,44.23132518635258,471.7544946870265,52.955317787112385,310.61851768751063
823.3576112446437,47.48523323246721,Cuboid,Passable,24.121842710177276,232.460525841261,33.300818044450416,179.50120561493324
615.140944549087,20.91221983105693,Irregular ,Poor,20.576103948382976,261.5953938871987,28.517361677434366,214.8470319919418
118.0,103.68130916598804,Cystalline,Fair,55.0,264.55699948134566,65.0,221.60396239633164
1122.6040965796287,96.76107717399957,Irregular ,Poor,27.936116092006344,132.340343272209,32.008892168010746,92.60493169824107
841.5919340860077,155.35921092934265,spherical,Very Poor,28.926757552037458,473.14194602346805,34.677041493608286,312.7305787709891
959.7807725720851,215.0574148301321,Oval,Fair,48.00132583233789,149.19895395581113,56.144109804982335,99.44648538458078
959.9566324893855,34.91401396030721,Oval,Passable,42.47681990878438,145.34069241506884,48.895757657278466,105.52470210914747
889.2132743665563,121.1229567722945,Irregular ,Very Poor,21.030687245848597,490.8319014160444,34.507562805545376,258.94356888533673
481.2073834225268,84.95292592499314,Cystalline,Very Poor,41.19866628904219,557.9676400910513,51.95956507591045,357.35059395899356
1356.0522953858854,447.66522150030835,spherical,Poor,33.100726736971666,65.69155432871062,40.75953503535816,59.42756024631581
724.036921275821,108.63790889563894,spherical,Excellent,23.04485815727435,98.67691991992858,32.797456835143684,63.657489895665705
795.4726170488075,321.05632556158054,Oval,Poor,48.28546147655139,149.96979640607842,55.6338147782323,116.50087244891314
656.0354447890554,72.93079361848028,Oval,Very Poor,38.98292236016898,381.81787091366505,45.71789676128067,307.23208412113667
1430.5846088337098,133.83360192438047,Oval,Fair,41.697731721960345,61.63936831259507,51.7969720195314,40.315220565186834
1539.581785567057,174.60553975506386,angular,Fair,32.677647536610046,79.31720446535451,38.70872706214257,42.159129756270964
764.9299547089242,63.69548235930961,lens shaped,Very Very Poor,48.621201695006526,494.03296344257876,52.926791575231675,383.9625343278244
923.1484455847386,45.180259880044986,Irregular and angular,Excellent,26.2757287083663,70.91245590724587,36.21071163740971,47.972702129992314
1280.1880881018378,22.15338073988938,Cystalline,Very Very Poor,40.91575131884218,361.7281005435755,44.51009352400933,287.27132403261805
1614.1171363209407,19.335103316123153,Oval,Poor,36.09958799503665,40.0,43.936913489841984,40.0
865.6748456055707,25.380836947627007,lens shaped,Fair,39.351162838977466,200.94641788512897,46.29973477225455,118.09068647389607
193.29489777780088,50.047420820619024,lens shaped,Fair,47.883961430226606,354.5709988935576,49.65619771726198,267.55301047922035
1432.5874013849143,76.65611984395933,lens shaped,Fair,45.71581912771533,47.1794016047611,52.3702704882751,41.244390227783434
352.16788092012985,15.69259969893462,Semirounded,Excellent,25.283280236397694,240.46809000388458,36.249302738481035,130.23506800520957
496.74440435315375,53.67218206585376,spherical,Excellent,21.81506244881105,118.90328905919476,32.79901601670883,84.68826992483366
118.0,83.33471266305683,Cuboid,Very Very Poor,53.73387941214161,688.0183662515535,61.74330849045839,415.10403329964055
1108.544280164422,115.9411865348962,angular,Very Very Poor,34.358819759970785,502.133373463299,39.675472623426565,327.3507183286018
1571.1037361414255,48.369850097381445,Oval,Very Poor,32.59237420519542,163.4018074381887,39.64536392524548,110.21014015861762
865.231864292082,109.70335421129307,Cystalline,Very Very Poor,39.35177404191801,337.65050564225925,48.33378108964194,227.28094473349154
567.6165539911549,20.99813439389479,angular,Fair,21.105014500223678,328.07442426275475,33.345096117279404,254.33651801998022
1134.3482330520983,29.975644347443946,Elomgated,Fair,27.585217366899446,163.96134526052901,31.291278113930254,121.87293079082198
258.5765404819592,165.44469689988995,Cystalline,Passable,49.318634492649906,233.88049976194665,55.804080831946706,174.52459098570947
281.2166740728034,136.6931473281138,spherical,Passable,33.88456222589283,357.7249994736919,43.56800507637956,238.5302715280371
349.4203717643939,114.07964487728272,Cystalline,Excellent,47.74360338111905,51.90316893697088,52.321915658120574,54.60791004688867
245.5279048036648,64.82494713307544,Cystalline,Excellent,46.46049956258953,86.9405645626168,54.63462596610668,47.75464259245903
236.6803640132522,73.03226216142195,Irregular ,Passable,33.44484165564044,375.80692553137123,41.39866965758772,228.81349694482228
174.7095900569883,39.96233236748649,Semirounded,Very Poor,33.18054241275475,622.8718563025672,42.76979778136813,455.4315906324214
875.1216117740362,17.727715243941088,Oval,Passable,39.478794415533294,184.6896382006345,47.52700382122297,143.59548837583253
800.306139605339,64.69035072143102,Semirounded,Fair,25.750742932541417,216.72669764020054,38.69838453542458,170.80220749623282
908.3396027788946,49.341541642808636,spherical,Passable,27.143789916926007,315.4100929932371,35.56356036777988,209.33330563756837
1879.5660540102228,17.90359451415633,lens shaped,Fair,47.00534240381933,40.0,50.5341220173054,40.0
397.0714856088999,177.71004203725758,Elomgated,Poor,31.889945289246743,295.45820997237485,42.971510044656746,206.39646778293692
118.0,61.522638838499816,Semirounded,Very Very Poor,40.39038591127791,641.6358558773851,49.180378202345494,506.7781787662544
597.6478574226297,169.185285658307,Oval,Fair,46.82934281569918,253.11969367183985,53.89138969039834,176.05901744210698
322.80225493133406,36.30611944904258,Elomgated,Excellent,34.7596529434899,202.86258474296113,38.00042565739867,179.36363152992342
1196.925922533109,45.39622729631928,spherical,Very Very Poor,25.28368203720584,439.3179764482114,31.473846561490966,265.34455032310206
118.0,112.70048145026333,Oval,Passable,55.0,250.81696290697764,65.0,179.28625169205694
440.10707827268993,119.6233467087048,Irregular and angular,Passable,36.87289738256192,416.1863536010764,46.1168461795327,323.3003636544029
118.0,59.75254097320778,Oval,Passable,52.52720826385985,304.28333128981893,60.32474832818285,215.57685235488552
151.61231352212064,88.3645883690179,Oval,Very Very Poor,53.54900009513895,447.5765867447954,59.87952809211025,305.63982483542986
644.0019734635479,175.53453409778794,lens shaped,Very Poor,47.4962434451617,435.6591393512082,52.6186582628004,317.2201215423558
946.7468453028457,52.19105834624657,angular,Excellent,27.274040700038448,45.40696843099898,37.57740441255928,61.25180224751783
486.6140634999725,29.78731724332767,Elomgated,Poor,27.794004823726755,332.12277094111226,34.33789942168544,222.09108379136902
376.6038791104205,30.738795729096896,Semirounded,Passable,27.235107603952674,357.12912373739323,34.66140415376091,254.38777615797952
777.6639627823267,28.063121439241296,Irregular ,Fair,21.139439857654946,248.0952187511722,28.755547849345195,179.3616628322845
202.6962739788919,25.573697983723847,spherical,Fair,26.681535789775054,448.1390738329369,28.990215092165865,287.50224801432046
1368.6701405731874,284.7010064429133,Cuboid,Poor,34.75628322860862,127.21691487531373,45.564005614251265,96.30310140093609
774.3639502669406,24.096127096183864,Elomgated,Fair,22.338842468990407,243.19929520913902,28.791592419908124,178.3748776073298
1221.5080956622369,54.599185874933546,Semirounded,Poor,25.700954336995057,145.58384010045435,36.57765638933929,113.85430187989024
1250.081305339707,34.67788719294613,Cystalline,Fair,30.761955208310997,103.21781618053457,38.39102821868996,64.58355476108873
118.0,75.76125216473226,Semirounded,Fair,46.25866322695493,351.2889238572649,53.56474719052292,218.07708239133592
522.4351041213656,88.50777641247286,Irregular and angular,Excellent,27.73952343604444,130.01752970401128,32.42722611444504,91.08254476740575
535.6273184033051,356.9004333661904,spherical,Very Poor,41.29722341342454,530.4506563383832,49.960530033403046,394.74093830759995
1067.3120638461373,39.59474780498122,lens shaped,Excellent,32.4026122170934,40.0,41.91028190005117,40.0
1035.782699125367,38.49061649709976,lens shaped,Poor,32.489471391766195,120.6598780410895,39.19990578441379,78.03980373081133
1698.3254997872036,100.64347561707518,Semirounded,Passable,23.955132860635697,69.76963130232494,33.72558722162464,40.0
708.9381539562976,28.295820515833555,angular,Passable,25.308929235534208,264.96814112049276,31.992017674620637,182.60072825986651
842.8465099228597,30.262966204978248,Cuboid,Passable,22.955184523718994,267.34482476866845,33.685250530622,196.5764800007777
610.6540977542337,34.70177800266536,spherical,Fair,23.76807190512227,321.7056402875744,31.184385340449662,207.7244358071882
287.1625555987562,85.95612017190197,spherical,Poor,33.1091573615822,453.67654151023254,44.372008284980396,336.6140449839188
1246.6534046488214,153.7944216315785,Elomgated,Passable,36.221338696008125,163.0008219254653,43.775740496028014,117.88563162865009
1289.9164583466254,127.35592556670923,spherical,Fair,26.40565492460571,107.28166748385797,31.6553487933475,114.16349990992921
523.0023238402829,106.68185813384203,Elomgated,Poor,26.60746215990281,283.20875329114494,35.091527443520626,196.615350733869
455.00952678054915,219.32212101908144,Cystalline,Passable,53.60109268964619,243.4793930639587,59.37362462628666,179.7795483205524
140.77397646610746,600.0,Irregular ,Passable,55.0,40.0,65.0,40.0
1159.0514315177188,62.914539551059626,Elomgated,Excellent,27.98047143264718,40.0,33.60780893757747,40.0
1111.4207823270574,67.93313520036324,angular,Very Very Poor,24.172007584909753,411.7257663193249,35.51969871423344,316.2171535330321
346.5897321472606,130.29240317010124,Oval,Passable,41.06321660735779,229.39884266831524,47.53747728593297,185.50694651360257
904.3374649506047,50.98291952523362,Elomgated,Very Poor,31.203662795124114,619.5172674571219,38.31954449758716,427.2617480974716
580.6943304759086,238.05903327673082,Semirounded,Very Very Poor,31.41330051062209,468.9892173365054,40.80319899473479,293.46399517142873
678.7193294365161,164.70433162575262,spherical,Passable,29.82036258866378,276.436141973913,39.79735055271203,199.66864529811374
731.8546327322941,73.49250443588771,Semirounded,Excellent,33.280492248967704,142.08248156089533,41.736434253436876,103.00003809446048
447.98229179288404,151.20729106382245,Irregular ,Fair,33.22756753196511,316.93788325672267,40.846456550397505,178.15227869676454
513.8338548745496,67.6836714849703,Elomgated,Very Very Poor,30.058124123176757,630.56684159049,36.69547951025929,397.87008728780444
1041.4478418764595,88.57964723658162,lens shaped,Excellent,42.708326776951345,40.0,46.12396722123036,40.0
752.2845765205583,96.14221001704507,Cystalline,Very Poor,48.52661881730922,448.5004653277397,52.729719806244354,315.09393696061335
118.0,172.4092937311815,Oval,Very Poor,55.0,341.5447976605565,65.0,237.6806650635274
1096.0280892107048,16.961511743752535,lens shaped,Very Poor,37.422373374468684,306.1324918618497,45.248110096524606,212.55029676635687
516.6992695928858,139.40103733687312,Cystalline,Poor,42.32845315385599,265.1829003780381,55.69580645918567,154.64435586840972
294.6802296589583,263.8990790691311,Irregular and angular,Poor,43.74173122020382,241.44302678222616,51.683597048006,150.36336149755897
1528.7861717619453,104.4288618512655,Cystalline,Fair,44.74638125546587,40.0,50.102828647130416,40.0
783.1942181332504,48.205618436809544,Elomgated,Very Poor,27.705655087576968,554.1017520552609,35.05271863691411,355.59282918211443
1225.879725011789,120.37152456087513,Irregular ,Poor,30.49221168374939,132.47579586913574,37.50377449914944,99.95099160368524
409.86472764221367,99.14378771221278,Cystalline,Poor,46.956724996787656,272.1749988880672,48.41748475419434,171.63904839302717
411.33911800329133,63.76444964875083,Semirounded,Poor,35.22403453783245,431.30942998138613,42.68597229225097,282.06827878208014
1460.850142769487,26.065607721710034,Cystalline,Passable,31.515954267786494,40.0,42.178009784416496,40.0
711.1078109936202,100.24695490769894,spherical,Fair,19.3153482358033,271.00130937109657,32.01259211370856,215.8423665499155
1174.4293414071544,24.398152186749144,Elomgated,Poor,30.849596219929776,214.9694826652217,36.31006066005656,161.64034805567056
1216.3337106273264,93.26750206981342,Cuboid,Very Poor,33.364275285842915,503.5190335127695,43.24539555369143,415.52349366622855
1499.1053387392412,79.15293605077102,spherical,Fair,22.327263543964047,117.13069370307416,33.207725298605716,57.08952993214014
202.62739292145602,117.83978089617757,Elomgated,Very Poor,45.489388939069926,584.3960488626024,49.663317676616906,387.11187358049096
525.1305164055534,84.71842061537845,angular,Very Very Poor,31.51742095991836,552.4072466835116,40.820345185556654,403.39776362508167
848.1089213707342,80.83033447529904,Elomgated,Excellent,27.715180849908656,40.0,38.25247650990913,40.0
118.0,34.22000229466897,lens shaped,Poor,55.0,440.15709443954955,61.847313990516724,252.79145568451034
729.1110841282781,86.29456982579391,lens shaped,Passable,47.48876326583429,231.9619996652611,58.089863284765954,203.489102773404
465.3743973801659,285.5918657804539,spherical,Very Very Poor,46.65146406461598,513.7206881291443,54.355734976663,375.1003262095914
1125.124978736051,28.060529771111657,Cuboid,Fair,26.18924150745322,210.13033045585274,35.28347970079922,96.22229395738992
741.7800481909495,63.328425349587604,Elomgated,Poor,26.022947917030592,293.29198586865215,37.66338147002343,197.54727520396747
1208.1357548027177,64.4703221984877,Elomgated,Very Poor,25.780771905824857,291.91995975882924,36.62863823215041,244.50443373354418
751.4230831224743,88.47765962171862,Irregular ,Poor,31.731592014594845,265.2413224571217,35.05384236173761,176.8007292035656
118.0,44.65349477678752,Cuboid,Fair,38.29815976041672,400.09697524739954,44.578962928472144,238.60430930792012
1779.5810662455667,216.0719449089867,Irregular ,Fair,29.02352317438801,40.0,37.87492332259365,40.0
749.3173963681085,284.05329758898233,Irregular and angular,Excellent,32.234398065179306,40.0,40.69811209411061,40.0
498.7509351958447,275.02441239792296,Semirounded,Fair,42.55309066188107,287.2601753833434,51.88357462041283,185.00944850531678
127.20696886649853,65.11322895768777,Oval,Fair,52.47380289546713,350.03831346551937,61.63100471313657,245.41331638006773
683.4018973734395,299.74682644515843,spherical,Poor,31.929833184159833,233.28564752958192,39.882944175966415,177.1644991928285
1115.3053522066216,118.29886559727359,spherical,Very Poor,31.427198121824638,480.39043986922815,36.7281859717081,329.9261751009008
217.00180831882005,49.074396610903214,Cystalline,Fair,50.4986286152205,404.9589513879471,59.24266517567658,243.70389338320513
1604.637200183177,60.15122947421607,Cystalline,Fair,34.911086123234504,40.0,42.134163686274455,40.0
812.673517424079,68.68346145940878,Cuboid,Excellent,28.331260666649737,40.0,39.9099983715347,40.0
800.0312171476768,34.82321864283673,Semirounded,Poor,28.234937422861893,268.24755348769366,37.30535092366506,169.6167893143591
1273.3345280268315,109.10883304326578,Cystalline,Very Very Poor,39.07793769944573,353.96620836918987,47.455429088381074,263.87952210364716
118.0,47.5831823952344,spherical,Very Poor,28.904471644639465,507.77300241092235,37.64272891198809,343.6590361311627
763.9570504433627,46.03837340849643,Cystalline,Fair,44.34086599578876,253.82669802030853,50.85202679577771,197.33490961068532
367.37871030610114,121.25638016323518,Irregular ,Very Very Poor,35.870946090163386,616.2878952809536,43.84605379206356,427.9545268371205
812.5496864870746,242.96761039903197,Cuboid,Fair,32.21065415847644,192.94222893310692,42.44047640342533,158.89038035109502
755.4281122900416,59.24555640405004,angular,Poor,31.23737262783309,299.19092605525884,39.13992931625969,177.6824678593777
926.5387387258575,104.57964740794824,lens shaped,Excellent,36.410930633213916,40.0,42.393169023797675,40.0
422.3942867598491,96.38547778568916,angular,Excellent,34.22951100019611,119.88479610792429,38.81152069371971,88.84852917732599
925.8702096817486,187.48091843366484,Oval,Passable,37.16818468906161,134.21231425833324,47.30997794600726,86.45400955288012
1160.2400443985973,109.1084191072746,Oval,Passable,40.8781082958563,106.34660892022328,45.74582429000795,64.9431111869643
745.0754155283001,100.33584483460565,Irregular ,Poor,32.14982860521248,271.8483090743,36.042334031579145,162.91795817801486
204.02030162739186,107.71879964064534,Irregular and angular,Very Very Poor,42.124284396049056,575.5426672836608,49.88614898025779,364.8889259886352
722.613553775347,276.7576362297163,spherical,Excellent,32.12312373739754,40.0,41.59752689938813,40.0
760.3020258826464,60.22384403511268,Oval,Very Poor,41.413714825352514,501.2410901827474,51.30131418964077,372.7316408111329
256.0868271736568,73.86351803420402,Semirounded,Very Very Poor,34.19625238758044,667.9268353170402,42.03413357116495,392.6586795275495
694.0381531251267,143.5096944625343,lens shaped,Fair,43.80451622404632,209.27685448301207,50.29048680227439,127.01822792963664
1522.8147256616917,60.00583178062556,spherical,Very Poor,25.118191519124487,365.42113004591806,29.302927908876224,222.64832608956792
1327.964575089858,301.9688214965522,Cystalline,Passable,44.16409088888121,59.909532989629355,53.95036563462697,40.0
655.8536885691897,75.9220175969247,angular,Passable,31.432921678889965,336.51517705852496,40.5204995719151,220.03233817905456
1208.651652379798,191.32722678509865,Elomgated,Passable,28.131819634516166,146.38836102214665,33.909586452545135,88.8277933965181
927.175727741862,83.89504815634778,Oval,Fair,36.808272340680155,158.7378697548562,42.38509374451635,97.40566730613988
954.487227470694,228.1268888407003,Elomgated,Excellent,32.105107608269286,40.0,40.567492444427195,40.0
1126.1184039352584,69.5264519652733,angular,Very Poor,30.71037323660847,441.6786099897154,36.6552546547785,380.69795970993624
653.881660451868,59.9679158456398,angular,Very Poor,29.508428070285827,566.6235656061336,38.688215310816936,392.7223930802113
522.6583300101047,157.6746505304228,Semirounded,Very Poor,31.005774782340303,541.1139311729269,44.30094372161847,356.2870517761229
670.2582629469838,26.104440363016263,lens shaped,Excellent,42.9603020449699,40.0,43.673939274324184,40.0
648.3199399046781,57.40957685361991,Cystalline,Fair,35.094657000241995,243.65415456196052,43.073608613153304,160.31716703204617
773.8813762893917,60.28343000055199,spherical,Very Very Poor,20.371404416716704,500.11185397005494,33.629862898196045,363.0084431202491
758.180800560266,51.40039948122256,Oval,Fair,48.03620033343673,273.22611110410105,52.314648092101145,169.49141658700006
899.8899551338712,106.80629888021944,Cystalline,Poor,44.31120513482975,168.47586836858224,48.78307080437431,116.50771497328724
881.045448874307,52.624117371082725,Cuboid,Poor,26.78752520683365,223.42819377884774,29.794791517931536,151.53594905871734
977.9222645699045,48.73906331234094,Cystalline,Passable,33.98879518278124,158.4624777221039,40.63336430588852,107.94073180936765
547.7290400519137,80.39662764432032,Cuboid,Passable,27.82977307376633,294.6826908007435,40.372049596697444,233.55839812629415
118.0,74.07128525200656,Irregular and angular,Fair,40.42919199857854,355.55271947844903,47.64322884866222,267.5257356575603
694.8097046682828,250.26527036152567,Semirounded,Very Very Poor,30.000323427334266,480.95671213544995,41.501091050760095,289.1030262579284
896.209568122991,56.139711891566115,Cuboid,Passable,29.840344092398933,273.52312085815663,34.64027791834012,179.7821812000539
1407.5169337888246,33.77268517832251,Irregular ,Excellent,27.342639983160183,40.0,34.86276001734108,40.0
1257.2245100088182,70.69285323715131,Irregular ,Fair,26.39084955989846,134.8935425695703,30.29566963818306,93.32724997623023
358.9371552961508,36.25967504184333,Elomgated,Very Very Poor,27.08885708186324,612.9645193518979,36.96635331638111,349.81862161911414
1085.2717142583474,107.47569603313286,Oval,Poor,49.48508437033731,149.54985169408675,53.65546233427557,94.3602184274278
691.5284027047758,62.57675181375787,angular,Very Poor,24.85550853353557,505.72904648064133,36.063787344324616,386.5329314209063
535.2302918172718,133.25071772418949,Elomgated,Very Poor,41.34898253714297,621.8614543340622,43.79105480840457,446.4016857005998
823.7376974643716,39.67973043130394,Cystalline,Very Very Poor,38.576841711446896,374.6527743717996,49.00584164353693,313.3422249554437
322.3519211509509,295.3381672336351,Irregular ,Fair,53.17936899751042,245.16990706910505,62.13339176687174,180.17091157151188
1024.2492721981148,76.52724280269281,lens shaped,Fair,42.74120552526586,144.0913046992845,49.27586198834261,93.63533151339861
118.0,191.76244701675878,Irregular and angular,Very Poor,55.0,362.22469999275114,65.0,288.75204855431497
1601.3458842735913,104.70663100315853,lens shaped,Very Very Poor,38.25275029652412,198.00454931602943,46.355684579611946,120.22750966676664
118.0,8.367454852573102,Irregular ,Fair,22.97452049351666,415.03189250565333,28.640439785800258,294.02968590072607
1315.5606852023616,40.48296798701629,Oval,Passable,47.57995153222644,110.68050865180736,52.81439459594142,64.5686220073818
911.526134096765,234.0923401604551,Cystalline,Passable,43.57052917662145,118.65640292793253,53.089337741761454,83.34586061086566
1501.0290474383053,23.091962393142477,Elomgated,Passable,25.57811792380753,73.69350461754817,37.080099237337656,69.1741410534669
1453.5575680735826,43.618815318542154,Cystalline,Fair,34.51018147798679,40.0,40.21752431075694,40.0
536.2102296426006,47.192608696632796,Semirounded,Very Very Poor,27.237397385581158,478.1136718720133,37.12001953421874,320.2893435189487
271.0645077610709,100.55541831624966,Elomgated,Excellent,34.27551768922452,130.68177078876772,40.70795256000637,80.17473301150764
868.7808798977994,106.30381394558292,Cuboid,Excellent,28.23602306585584,40.0,38.12436648451601,40.0
1246.1558654956743,94.12975981872255,Semirounded,Passable,27.498042549744962,122.21364753556907,35.2933767192345,77.99044565043474
118.0,7.361703553603226,Irregular and angular,Passable,25.57704836584965,443.7293348410685,32.01067803288793,316.68725126899835
1618.4012339590824,67.91305742284929,Cuboid,Very Poor,26.621764926090684,261.7540660153289,35.749578213352,172.92137985176856
240.93803226444595,114.88761680980554,Cuboid,Very Poor,37.21804688348303,533.3148839545781,45.29453664092435,422.5142418360679
370.77553141233744,160.54450473746525,Irregular and angular,Excellent,36.322487734692736,153.95410346270987,47.79075758691519,85.8375834531882
264.4286618250823,96.88743457528886,Cuboid,Excellent,39.20021048747983,158.35675775027644,42.6931402700947,99.35219006596125
1081.4028531914053,117.93417430713546,angular,Passable,28.739845185070713,226.07122096662704,38.51506071200264,122.40937779862548
551.309065737498,68.23861251564003,Irregular ,Very Very Poor,26.208700765376708,530.589966979469,36.11943262016564,411.56117505089134
775.6360051967705,31.018822357948853,Cuboid,Passable,27.99955620358762,287.5067875261004,31.103076535181742,198.29101799982683
1039.773411615627,141.16561886012738,spherical,Very Poor,24.272404511625663,404.22970039520453,35.22606813571016,275.1445589257039
642.5645206166411,77.32872917806452,spherical,Poor,28.30180986492892,302.7329688199496,32.36526156208092,202.01709793236662
311.5953506693618,78.7310617382966,angular,Very Poor,35.60704241091245,509.25015264096226,38.96849914639885,351.27372896883327
1071.2106051979963,81.3029373798077,Cystalline,Very Poor,43.78051474430227,393.6136641077345,54.41730278563822,244.86788204082947
868.7881807692681,75.14754283794012,spherical,Passable,18.177894498596185,229.62692025953763,27.241382204652766,146.67696695773404
987.1843782786665,109.19525057336455,Irregular and angular,Very Poor,34.97151291070868,524.4404252061546,42.92394349529903,387.00553853553777
1178.1028556363326,70.82720883551958,Elomgated,Poor,27.57127965664518,149.77357867821198,39.01135978107625,119.94085111782589
329.61982619197494,528.0331462584048,Irregular ,Passable,55.0,114.32954515875979,65.0,86.4367175167276
1156.1910239967701,94.50721316008655,Cuboid,Fair,29.811447151545032,157.90314959443992,37.424501629134646,120.14562175888493
351.4140183926621,78.46952656000491,spherical,Excellent,30.40852037364925,148.16784255133743,39.83522356497188,94.4155569915344
634.8539241679857,185.81164264201394,angular,Very Poor,42.527712891466045,542.5880550502159,49.38541157003344,358.4925944092492
1164.6593690554266,165.06533690218677,Semirounded,Excellent,30.51160978075467,40.0,35.940601018393686,40.0
930.179402460886,79.2169317438609,lens shaped,Passable,38.969042503365685,161.88667415935097,48.608489596178096,110.5665020770235
427.8853224642045,33.45625900122891,Semirounded,Passable,26.55142155920994,349.98503518750124,32.66035384334321,285.24020291282926
268.0582199887512,229.1125030295548,lens shaped,Very Very Poor,55.0,438.7016509286819,65.0,323.4178844458332
569.1700730722346,23.56489881627913,Oval,Very Very Poor,37.37898022749569,484.3867301509886,49.709697391299486,300.8496851354317
171.799506698571,44.599348458220156,Oval,Fair,52.74554535844559,360.6531826146082,61.01991430708364,272.0997484689389
599.8877513071818,37.917987469669384,spherical,Very Poor,24.114686556832286,610.4565112973921,28.83072685347594,464.2322349511547
153.03831383121224,106.07323704074012,Semirounded,Passable,44.84345783342717,337.4991110985691,51.66495788390131,199.1228220639905
357.61477497055785,42.47053678358157,Cystalline,Poor,43.48145309730936,296.67148144906963,47.058805492988,225.51701115971883
810.7418257428584,24.2731623330223,Oval,Poor,32.12213244060381,163.97770494591177,42.28416338002265,125.90496032199154
542.2968041911404,48.26412525559406,angular,Excellent,27.325153742158374,111.56371935011734,35.17860769760131,58.49206983942719
753.9332868382769,152.35865965717852,spherical,Passable,24.719135643673688,303.5259749586537,35.20945945396887,219.29474219283108
982.5253759986475,216.90037645903908,Cuboid,Poor,24.4574508675682,162.2752140353842,35.63519442983753,127.76553259104534
1335.6832434060966,134.99303664473473,spherical,Excellent,21.257666961561945,40.0,34.47593912592289,40.0
529.1252172728255,98.89441349249168,Oval,Passable,44.52282930683807,277.31802888652635,52.61804295372739,171.45905251781724
930.5616428347228,150.45874437006154,Oval,Poor,41.84892041803832,126.36345635862041,48.16185464401426,96.9520434159602
732.7651894205973,57.254525354065045,lens shaped,Very Poor,50.19119057231708,492.97997284621914,52.060341388995816,344.7766827934915
605.863852758097,45.17079356863714,Irregular and angular,Fair,31.40374645028459,299.23920393638355,34.79504828125575,233.41545027842966
1338.0676607325786,96.89249612646695,angular,Excellent,30.91785937649972,40.0,43.22577825761965,40.0
315.36010886545046,72.74235912794128,Irregular and angular,Passable,31.622006442675616,335.933457840928,37.620593863873765,246.0399880124409
598.0199400848073,63.663303029539136,angular,Poor,29.532124623128283,288.4104860072171,35.85015621956553,184.14584356644016
1053.3182329861215,252.25119638079235,Irregular and angular,Poor,35.47784018138505,165.69682675788212,41.94229779389509,130.49724174786942
604.358795161836,30.20387862598715,Oval,Excellent,34.1549563940978,43.13767233788792,41.48309626034509,43.81347220685582
833.4459175168705,148.09422588034752,angular,Fair,33.141226749291604,247.41399817817054,37.169271526346094,168.97124021136355
118.0,210.7904185828212,Irregular ,Excellent,55.0,40.0,65.0,40.0
1307.579414943002,58.832698818161,Irregular ,Very Very Poor,29.12106069135317,290.40870908549755,33.798849610611235,223.57217007946906
300.3634633296083,48.2798572246484,Irregular and angular,Excellent,31.584069694061217,152.80015176185657,35.91341235708833,114.56753087562856
1778.2275802317818,245.22294480156947,Cystalline,Excellent,35.84215573471016,40.0,45.259778980755186,40.0
944.4690858909413,81.56075355474735,Semirounded,Fair,23.979582514742734,170.3267516097012,31.164641179633236,157.704349014909
762.4850956272273,23.260592529710266,Elomgated,Very Very Poor,22.936444901117948,520.1971788951731,33.8128495518624,306.0376356331023
118.0,114.91607208899464,lens shaped,Very Very Poor,55.0,484.65465991870275,65.0,365.37270084930907
147.771797873448,90.32778893854767,lens shaped,Fair,55.0,276.04450125257955,64.31174274946156,181.40997345570383
849.6299655752996,91.58607050541522,Semirounded,Very Poor,37.162241627982205,610.9533770287541,38.967494849426465,479.8464608566142
499.8973980075377,174.14945049738037,angular,Very Very Poor,35.87340920827434,507.66239776210034,43.75364016414228,342.213538827925
738.3579775200743,57.94743295405234,angular,Very Very Poor,32.35212889075046,586.572528177927,36.089018044266,401.1846218769099
811.5607112665006,77.02052105002679,Irregular and angular,Very Very Poor,29.766709895957803,523.6217044219039,35.17084654100967,376.4597704124205
583.1671169390576,36.49208654256472,Irregular ,Poor,28.80897100819567,322.7451485691574,36.709148096366924,220.15277588282274
1686.9792906410457,154.3179886904655,Oval,Very Poor,47.62405411732893,201.6346790044198,57.658267525577635,110.45806733666322
1231.3650127293727,43.28511076604939,Semirounded,Very Very Poor,32.167850447842994,551.774786317927,39.149145546063465,335.2129192757544
789.7619356977027,29.156403578087204,angular,Fair,25.580145342021737,239.99441072575507,37.47667471049697,221.0892923307446
1125.2274135979462,130.36399255725132,lens shaped,Very Poor,43.02054779594342,334.74014564157176,52.20368763559085,248.06315642010645
1047.4752985844011,32.38729065880898,Semirounded,Fair,27.406936763026533,192.23378899381515,31.127175653450294,147.77571790581584
609.0975358993453,30.45986984289456,spherical,Excellent,17.67609193165155,159.11762192814797,26.493571717213463,81.12815175368681
864.3804927892215,278.2499813424637,spherical,Very Very Poor,30.204515159890704,472.6168155635482,37.52206808578213,323.3487275029766
715.9057620832139,88.56985416324275,Irregular and angular,Very Very Poor,27.98209442166559,491.84954496835275,40.691139045723794,375.5092655729279
894.6653702755955,110.3023591881974,Cystalline,Fair,45.802132251595395,200.1616211325732,56.79814895535344,166.86770242429463
1405.1893934536909,275.019601701208,lens shaped,Passable,35.68652248047721,40.0,44.34676312805949,40.0
470.6931851087658,125.68956440874882,Oval,Very Poor,50.77349937012607,483.2432460860179,62.1768972042095,372.9205251371673
1392.7288766428924,322.6455901072676,Irregular and angular,Very Poor,26.450778800364276,260.0680320366344,38.35354556302935,164.70220918321604
312.9825686492772,224.56337541174204,Cuboid,Very Poor,38.299701810919466,519.9537705999786,46.543587378922915,300.5479242515739
442.99170061363594,226.05559007104506,Cuboid,Fair,38.77447685932222,279.08707692633635,48.170956737358075,178.96426162707036
1020.2949432889612,32.91523855831337,Elomgated,Very Very Poor,25.697699306971494,413.7194681773577,34.244049357010354,300.8703514023585
717.9981054055814,71.53258220092893,Elomgated,Excellent,28.165923036762432,88.36973692589021,33.474905629539705,40.0
1020.4690498261268,43.008263226217885,Semirounded,Very Poor,23.410695110160372,305.95980609647603,28.676232209470243,227.888374261242
266.62969219413014,33.11427987876432,Irregular ,Poor,30.153634772474017,388.41395593316935,35.789166960725396,252.20680437180766
337.48082486132677,212.0879031089423,Irregular and angular,Very Very Poor,47.561218342467775,557.737726890141,49.372441289380816,380.44183602241526
118.0,65.94552950652967,Elomgated,Poor,48.93063145246673,472.35313730565844,53.23431692437371,326.63771373209437
1279.0811183121627,16.548983443380397,Cystalline,Fair,35.21922820902935,79.22303238627687,47.616191936684295,41.48862901588582
324.07273896786427,62.47182393452862,Elomgated,Fair,29.89755909747607,340.42545472417794,41.16726279292813,278.7133390893455
518.4804619734402,194.91473056022474,angular,Very Poor,29.97772471124594,444.91231195203454,39.283587218664465,257.1691705006156
655.6353750273881,95.2528337389975,Semirounded,Fair,24.793688943172356,240.8332657415854,33.61123995100197,170.5276472270398
118.0,131.71323490885848,Irregular ,Very Very Poor,55.0,653.8640184832047,65.0,382.9209918612915
804.0274550554158,183.33317545117964,Oval,Fair,36.072935692815534,192.5449797933614,45.94367208963777,138.33209569672744
518.5535037593747,146.03345493262572,Cystalline,Poor,43.82294058090706,246.46660253362043,50.21720863572143,174.07522907337116
1715.9379577297761,448.6687294595961,Cuboid,Very Very Poor,32.94706026269326,243.14109289420975,41.23196930536307,134.39889768415298
1510.4815609757454,65.52329390435695,lens shaped,Passable,32.79082016758028,40.0,40.80178883278187,40.0
606.8493663357203,150.3109515723972,Cuboid,Passable,30.43015184472785,250.0435816143366,40.79015700072236,201.83705390484386
579.6026783419157,32.263038235275104,spherical,Excellent,19.467742897816514,88.78593751745633,30.53471694610512,96.98353641820728
1166.5818886993848,16.973325481573507,Elomgated,Poor,25.93170598532616,167.45826424277988,33.736319886807536,131.41638411368638
548.540414754919,81.90714025483054,spherical,Excellent,25.771562745982866,91.8195035656979,31.89039426947449,79.88863060117197
145.40080677664753,51.52193338056309,Oval,Excellent,48.6910909560976,82.55973411128987,53.917087717682705,64.01214947606728
966.1194334122803,169.5512844123549,Oval,Very Very Poor,49.09967914787883,481.8423708151011,57.89785013378085,358.60274675514813
118.0,91.37727987852234,spherical,Poor,45.17408714513078,381.2898897250918,50.334879769567365,260.9011727002975
1174.1451646334758,13.269998142749388,Semirounded,Excellent,24.723666790643282,40.0,31.205900304370925,40.0
923.0104015464161,58.42815403495126,Irregular and angular,Excellent,30.68955047904982,40.0,36.253469736948674,40.0
1005.3824126834159,399.93362981838266,Irregular ,Excellent,38.93589547238953,40.0,45.38778402568111,40.0
1616.0153469678287,89.86872411857064,Cuboid,Passable,28.38602264193285,49.525837342233714,38.33202040971704,51.53643493574902
757.2183854761539,186.1016481161602,Elomgated,Fair,41.18603277807358,304.3689304881804,43.316452700438,179.12299737346086
1144.9444337616947,600.0,spherical,Very Poor,40.35249755891056,354.13933097106695,47.336780693596374,231.4019736747812
355.0537306959922,91.16307690213638,Semirounded,Fair,30.518114578300942,336.01905243269437,40.79284129808964,273.4423679496042
1381.9492421693972,81.5296191470368,Elomgated,Excellent,27.35605310993506,40.0,36.80271822849109,40.0
891.3006890733989,68.22450074535706,Elomgated,Passable,26.784592948364196,222.62606846723236,37.8601345989137,174.36009744307844
1014.518196973596,164.72964557433707,spherical,Poor,18.86552579252714,175.16351788439275,32.363795389435076,130.23575214879182
118.0,98.63241370676364,Oval,Passable,55.0,260.06150367643573,65.0,180.81163545606626
1152.167996252646,48.25289047057128,Irregular ,Passable,25.213725263665786,184.96083804788304,36.05167120083252,130.98139968220366
755.3696574844918,31.461442086288,Cuboid,Very Very Poor,27.12411162397186,531.2496396542974,34.192580857062914,409.55134596319357
1337.9023920461668,128.2912642857024,spherical,Excellent,25.636488572297445,40.0,31.81152738138492,40.0
706.9162019212743,33.43212303350063,lens shaped,Very Very Poor,39.05323255514428,395.9826664081431,45.378173471936314,303.97913190451857
1190.9626830921893,112.24337344354537,angular,Very Very Poor,30.74394665584964,423.42992034231406,37.384599715742866,322.93734634110774
1225.9181125979144,158.45100394608326,spherical,Very Poor,25.69324032178197,334.08313728101035,33.53683006246277,248.97136655054473
999.306784207657,85.99087167242857,Cuboid,Very Poor,30.481508516686226,499.33518951417267,36.66000904296808,316.66003250786343
1501.5342622965863,468.7074604025685,Irregular and angular,Very Very Poor,36.614829763251066,299.54763627718086,43.293311476096406,217.78035661282397
1548.7740280519934,226.75280223039437,Cystalline,Passable,44.40926122347106,40.0,47.37077437555161,40.0
819.7229861882415,580.3894243550062,Irregular ,Fair,52.97193849492392,182.70642100203253,60.98340533470999,102.00044616097564
959.2408165708088,23.817262642418495,spherical,Very Very Poor,19.590028390346742,436.41732246745886,30.356935770361567,350.65230027180445
1061.5909355063532,31.801637474860055,Semirounded,Passable,28.60604920417277,238.02784876668085,40.22632020133133,147.5063580368669
829.0274572288947,48.1308595307589,Cuboid,Very Very Poor,25.706194173508706,506.1192471699134,34.416304092580646,314.83291616540095
522.607005054145,454.48132581902865,Semirounded,Poor,50.572290450112526,214.81844165674838,56.72560755862257,125.15569999792717
845.4587995411587,51.437763332589455,Cuboid,Fair,25.392828653064594,272.2704193997042,34.010235417990856,187.09722356126323
1038.0054409897243,8.097028231696113,Cystalline,Very Poor,36.53634457845207,310.0769836966422,47.166372834285184,225.13910749215927
118.0,41.30103759781221,Cuboid,Very Very Poor,30.920902458304965,628.133220155274,37.90301681644794,405.23993209277205
760.5051269393365,198.22484651390081,lens shaped,Excellent,45.83448860983068,40.0,54.84707075523806,40.0
1381.1312837811997,251.08890689672265,angular,Very Very Poor,31.50726246520202,296.2534696594145,39.458769171008214,237.9534194144282
720.3772353086947,60.01429283510798,Cystalline,Passable,39.00601464912107,230.563429846537,45.97851073676207,132.65655276117923
780.5740523320585,113.71548399862505,Cystalline,Passable,41.31314587955735,204.65190749083803,50.870633668638256,146.9054902215366
569.2559064728355,75.9948009684565,Oval,Poor,36.09565698442636,195.28294129747414,43.05583600134786,139.46535837035088
1704.7422228206315,98.15157623385637,Cuboid,Very Poor,22.597677193900108,237.81315332673384,29.550242874823038,171.0378835964647
1146.6187918491994,103.76442901995982,spherical,Excellent,18.06931922555238,40.0,26.758685241625578,40.0
298.3194967273142,66.48261315363129,Elomgated,Excellent,28.96685086867034,152.6278441698142,32.66263617918003,115.12812488240138
250.47172400135378,22.941751831874946,lens shaped,Passable,42.32540351978085,339.2372223421053,49.95411170172376,258.4822139426789
406.07920479928464,35.54475501545039,Elomgated,Excellent,26.795873087585882,164.9382670474975,36.166560535241445,101.94041459193619
2395.201239909038,57.6247587175535,Cuboid,Fair,27.14125060661596,40.0,36.7920200719811,40.0
1317.7658781325954,50.51218523031717,Cystalline,Passable,33.66991601016298,48.89962038855562,37.172110710270715,47.638317105285836
471.33667804675355,112.01082112921414,Elomgated,Very Poor,30.14282490998786,543.3907307423652,36.42563054671936,440.44188780136676
369.54318175149746,38.0281737695092,Elomgated,Excellent,33.06645493808404,177.4813467692554,39.81772142450499,113.94200027790421
721.3053998739158,27.639549386565676,spherical,Very Poor,20.980130305991107,542.4339916997116,27.925568428963565,367.3482590066222
1241.3131244231954,65.40878399819334,Irregular and angular,Excellent,27.218298722536428,40.0,35.64330078753126,40.0
1137.046755147192,117.10631786732979,lens shaped,Poor,33.56278081373331,102.57491122750797,41.66301709786953,68.62490672779747
280.1477538227667,52.69992158069355,Elomgated,Poor,30.140043577329767,370.1304295736949,36.87464863984493,307.32092369917206
118.0,22.380099776642073,Irregular ,Poor,32.00162045668464,419.9238524151453,38.47892710094259,260.96488513300346
582.8433144671726,41.71363702361213,Semirounded,Poor,24.92866427504314,262.42665090132266,34.7065274432274,190.31630994371147
1588.813427134939,112.23794503731074,Irregular ,Passable,28.512322829760972,58.39346213731573,34.40576874289959,41.05858385349768
1238.6213698613512,44.04100298540614,lens shaped,Excellent,38.314112381000555,40.0,43.80660659415492,40.0
568.739137322327,108.91229039508582,Irregular and angular,Very Very Poor,26.37282822701756,543.5152233892869,34.562216034478084,358.9667641855706
365.5460505502031,387.9485108740781,Oval,Very Very Poor,55.0,399.08903639254726,65.0,290.4406818794613
492.75502824897467,25.809003259197336,Cystalline,Passable,40.66129458628985,360.5929810358432,50.46784479127979,252.28675512001726
855.1266687136443,115.0765372141301,Cystalline,Poor,36.2423681356914,176.0411434043208,42.89887171935656,103.68254362441571
118.0,74.42542371191534,Oval,Poor,55.0,352.528065768517,65.0,241.91701486200498
275.17446905357554,379.3577567170949,Irregular ,Very Very Poor,55.0,402.69937185974146,65.0,327.1338168570813
247.31932657583275,226.23812666112963,Elomgated,Very Very Poor,55.0,581.0295616629734,65.0,395.9477458762517
1728.8218341410302,67.2438935961881,Cystalline,Passable,29.656398045021433,40.0,40.44466120516446,40.0
118.0,113.01040560450191,spherical,Poor,50.543892846620864,297.36905254358845,54.56927928315711,193.04228543770822
155.92596251076804,77.43231114977743,Cystalline,Fair,50.432969847235974,312.72451831625403,57.35063328138236,233.8888407234504
118.0,58.5541019817732,Elomgated,Poor,38.754836780480595,380.14942855080375,48.33531091322734,267.1997276759011
811.4119422390455,87.68495646404901,angular,Very Very Poor,30.053993513885874,529.6309293914597,34.86271136133261,352.7287080510452
298.9544641532391,111.29325375428857,Cystalline,Passable,38.582477663767044,280.148232881212,49.22011052907009,198.80650528053738
654.9869939234254,43.62242799629604,Oval,Excellent,34.15192146523611,40.0,39.56585797640986,40.0
1344.4070897507752,49.10550024368598,Oval,Excellent,42.069418595241885,40.0,49.077174426794436,40.0
400.20396226557415,154.30774460349093,Semirounded,Very Poor,40.46949119516256,543.9823778496234,46.408789294956286,393.57364303533683
498.43139380309407,40.600314102260626,Elomgated,Poor,30.213194564325306,321.63862901903286,36.73788194612511,196.798330690627
118.0,33.00448578847784,Oval,Passable,43.476318453033315,331.94861247858296,54.517494123032314,268.63310573813106
367.4199631644793,228.21651115493447,angular,Very Poor,45.1928547007971,546.1138848500437,49.50298388352325,404.4381710670935
184.82233613454775,30.95189797309912,Cystalline,Fair,44.97466304833985,325.58794346266905,48.555299979836576,202.53335450144152
1082.3911506373147,77.38116388193193,spherical,Very Poor,21.16377672679338,457.1571889247602,33.63688016857433,340.9263146568197
118.0,26.661839496202955,Irregular ,Poor,35.59230306346891,495.0004805273539,43.00888840974867,376.95591331734033
697.229705458627,101.07020652012773,lens shaped,Fair,35.02344081952686,181.16510593785267,39.896853449115696,130.52225883288872
335.23788371208724,112.24169765082878,angular,Passable,30.577917520453543,304.81116645165696,35.719032287742074,218.58827812422575
118.19812578678409,216.9723241120088,Cystalline,Poor,55.0,106.018946811932,65.0,68.55151957673122
1124.0739625913359,439.3872358208889,lens shaped,Poor,55.0,58.17960332414765,65.0,61.35121475619508
962.7879825145578,133.96735086886218,spherical,Very Very Poor,18.55400985115765,358.1644998933753,26.61921972573226,262.8507963587381
936.8877737322334,237.41285205244705,spherical,Fair,33.34541604945551,259.1991330383424,39.87355960221399,161.2359154944068
1397.9339636154245,56.45811796259709,Irregular ,Poor,30.856943885533262,106.33156864565726,31.224971130026827,81.2983122732384
522.1644810229134,121.7956164463947,Cuboid,Excellent,31.784885019096034,138.2966199780083,40.87229998745799,103.47564299278577
306.70621846079126,109.31966838408388,Cystalline,Fair,49.579375038700974,275.786587309302,54.72733580479754,199.57103575282724
1266.7473665807995,158.04118924935796,Oval,Very Very Poor,40.03401920630451,200.8054726786065,47.42935114762507,150.13129053109748
118.0,43.70169463185636,Irregular ,Poor,33.628431474299596,368.5923738991516,44.06725873664869,263.3750442021102
1924.026864084416,98.86546272634496,angular,Poor,30.583003759063356,40.0,32.41368308342745,40.0
703.141246629242,123.11866897379073,Irregular ,Excellent,25.065073507107176,78.82016145365546,34.578358238218584,75.16257264478483
118.0,359.4154609914193,Irregular and angular,Excellent,55.0,40.0,65.0,40.0
183.94383205398458,129.17981749733013,Semirounded,Passable,45.14631597681499,348.1492856556731,56.132479920743485,218.99861783625616
477.56698751923756,31.83353728512136,angular,Very Poor,30.126319548850024,674.1818764410161,39.873739489928646,506.35835808988554
1163.1211876936986,86.87436390969457,spherical,Poor,27.98012382204232,207.81454441781835,32.999819312192116,143.10596957324952
1069.824960189107,221.0452459854743,Irregular and angular,Fair,29.01672880252444,175.4162504020821,42.30167240947288,115.00583157119698
519.6328382212262,69.03081275200346,spherical,Poor,24.730169903611564,367.263326407302,35.801611596815064,257.24662212147007
1403.667399688812,94.26795644944694,angular,Excellent,29.930030626478302,40.0,35.9868374572397,40.0
118.0,32.76506847855807,angular,Excellent,33.13232843530111,260.44077489063864,41.426798063660804,163.18914118406855
1089.2475061012494,67.37115711157497,lens shaped,Poor,40.28211912821981,128.44760911729355,44.561138284996,80.57992776022402
1078.5860011532618,35.2821703207164,Cuboid,Poor,33.01216331702406,254.59750391280556,38.11462298915923,181.04264880529888
891.7400431179664,38.451439386384465,Oval,Very Very Poor,40.62291586306849,450.51745599236034,47.09589246070744,311.00921692252905
495.7567588906113,48.42347638831131,angular,Very Very Poor,26.346478604542433,620.537545738583,32.834559802225705,401.0995726079328
118.0,64.47601670182998,spherical,Poor,28.602407230809824,344.5146008586233,42.333989486593936,233.01737808001783
1392.9826648354688,328.90685666807434,Irregular and angular,Excellent,35.31743338258395,40.0,43.12832279696551,40.0
118.0,46.02418130529342,Elomgated,Excellent,41.17158823151735,179.47939372220605,48.03428941138023,112.32928039031
779.0356280384477,174.76045159044898,Semirounded,Very Very Poor,32.535113380443306,396.2726237628473,41.531317886971486,302.9467247204505
515.483328212215,71.2293439470519,Irregular ,Excellent,32.82667934457603,126.00690719366119,35.33013981610844,82.24554342697427
250.31302405414044,18.828360336238188,spherical,Fair,28.72373562346319,480.8354039856814,33.30165534436977,318.81982607370253
429.28487496150234,138.51698041469157,lens shaped,Poor,46.28562868033707,267.2110888022367,54.110601841693835,177.53839419187838
1045.956790527248,224.67269933950104,Elomgated,Poor,34.08573014900337,161.90802420291865,40.71091260121305,100.84277191979501
493.74601232884834,95.91705333922434,Cuboid,Poor,29.42853320031817,311.33025358743464,39.11889713042339,231.86600889377698
804.7758695094975,92.50377047434465,Semirounded,Poor,33.491810502089024,304.14757706909296,41.613441888609486,226.70002964019955
917.7095525182993,118.01194707600247,Cuboid,Very Poor,28.098047753232755,369.42927122371765,33.775611413554124,267.37649982243346
1882.0250239347677,37.86639765470873,angular,Excellent,25.079664421326928,40.0,32.12769023017761,40.0
706.332593832159,110.38610225151179,Cuboid,Poor,28.821263930152487,213.11241959261403,35.03239832845095,178.09610272695969
118.0,84.58244654439164,Irregular ,Fair,48.37513115329753,340.19357494073887,56.34176921182598,265.656300121954
610.5233295477695,29.61299919068849,Semirounded,Very Very Poor,27.221528227791616,589.1834913763687,35.155399275746724,424.4694497781377
1006.8601883897175,53.62756726213116,Oval,Poor,42.9983355979671,140.4068319741804,48.18541737624321,110.58701861783658
759.4691173714581,58.032539390328914,Cuboid,Fair,24.80641413292118,246.26240404635556,30.334479307454718,180.03215132265683
1012.4204972248567,204.13019108530872,Semirounded,Excellent,32.8826619258977,40.0,45.866109669656275,40.0
988.0783834865446,47.38742604078015,Irregular and angular,Very Poor,25.64481732275027,395.52752563044123,35.82776908868512,255.054164240531
1127.9348224926662,109.90651228310647,lens shaped,Excellent,43.91997878824743,40.0,46.51405817631846,40.0
118.0,71.95240291517995,Irregular ,Passable,51.51048974557874,417.0844360301204,56.78598562218399,274.1406613888452
1410.7923870023974,42.57812016952401,Irregular and angular,Very Very Poor,28.792312606134367,337.9233357599813,37.469068762323104,194.06708155293182
941.0799761559905,170.57801748080055,Irregular ,Excellent,32.116966913427675,40.0,37.998515542419966,40.0
118.0,36.65155086465692,Oval,Fair,39.764711869641125,295.0571558840117,47.24390696659908,202.40245111522194
118.0,96.45795299045159,Elomgated,Passable,55.0,366.09959366944463,63.187611168082135,259.7160692558565
1014.0844840537105,333.0387389101773,Cystalline,Very Poor,49.27153623711112,286.5554481532071,54.336484613400344,231.99347781818264
1424.8415416828475,89.33824581525528,angular,Very Very Poor,27.4137629671056,333.0143095001696,36.408932658519106,201.77794103719546
118.0,159.07591483588664,lens shaped,Very Very Poor,55.0,408.5722081578537,65.0,243.56039990368924
701.0033201652334,129.22297348737155,Cuboid,Very Poor,33.5016626816057,500.9705413794207,38.25371492001607,297.4397352014718
643.7628775365442,36.39621315943625,Irregular and angular,Very Poor,19.368838152304015,475.5116830999198,29.08414435987314,291.71563380831384
990.8778216943617,63.9487211666044,Elomgated,Poor,33.51134138517524,259.55393143584354,37.51110262814014,161.55731520757297
1086.9283584593686,46.85948402543077,Cuboid,Poor,29.626102826306916,223.623737456439,39.1871477552307,166.88025569598264
213.61046674157876,54.007257998802025,Elomgated,Excellent,35.45011876443709,226.8091027475877,46.81854301570971,125.42448322359677
492.0105336052876,43.44080763342772,Irregular and angular,Fair,24.613677398358114,291.93020295640366,30.611710898649918,187.54982844323112
743.1526938059,114.83170595572174,angular,Excellent,31.119602597939636,71.28659137750108,37.341491049777964,40.0
261.0980503295449,165.6152735587557,Cystalline,Passable,49.35069600313143,216.09350969735215,55.341490396485774,147.7920387426634
501.01823182011935,33.993498839028135,Irregular and angular,Very Very Poor,24.332614284230708,510.0836851342703,34.60426148152785,379.4773037225426
131.0874139639742,185.77693359865316,lens shaped,Passable,55.0,198.30656241343817,65.0,149.2368331477068
740.0796244785881,56.15116853238165,Cystalline,Poor,41.22331699795751,232.693530202535,47.30341507810444,135.36894581536555
324.7700048468551,134.56468906758383,Elomgated,Passable,46.76059849273628,403.00114435953566,51.983878750862985,248.64115790052622
1642.6340089109972,274.5429936200101,Cuboid,Very Very Poor,34.03495904836633,406.5021199695259,41.070003330759675,278.6820003604639
740.5497845183054,193.69954888806126,Irregular ,Poor,26.799841636133777,237.12317659551002,34.47426106558125,162.16748213944126
566.3722452965472,69.68321565153211,Elomgated,Excellent,30.45815085843657,94.17395687134491,35.13315937631073,74.92621451478801
1162.8592665153035,130.73466071251104,Semirounded,Poor,23.68531210103558,144.909198432504,31.41502441517315,108.78737039082972
1007.9752247309674,74.16557683773208,lens shaped,Poor,40.73788452762641,134.55594631077906,46.72619577056838,95.93346621552091
882.2550484328594,65.96012764415933,lens shaped,Very Very Poor,31.871790185194282,366.0869746099617,42.90075696413234,248.24263334756182
414.503490867346,22.523372698119232,angular,Excellent,27.555362560491137,116.81829344930708,33.53994719368978,104.15243281457288
118.0,33.12495738267846,Irregular ,Fair,29.546429885617336,381.40141554823606,35.277745960699505,265.5873211740786
235.18218250739415,34.02621298509286,Irregular and angular,Very Very Poor,31.638785986880478,645.1326504560243,41.5464130286157,534.5263614515871
903.7401990861558,23.480373095587016,Oval,Poor,41.081497270958,159.99105847002258,48.80911397694977,136.53555237295086
984.1023529694896,104.66499535324465,Irregular and angular,Very Very Poor,33.40806249307211,498.7187544210957,34.93984827087696,346.7248525495294
633.4023183933882,67.9699806411376,Cuboid,Very Poor,33.75501173995881,620.7410241987267,44.44028771428584,378.91055181046005
1439.786737849393,56.6350251395496,Semirounded,Excellent,26.496050194361878,40.0,36.89346819745907,40.0
1094.5159573647547,127.67701640465805,lens shaped,Excellent,36.21792444553941,40.0,44.07681145175171,40.0
1269.153435922226,120.39084659312249,Irregular ,Fair,24.057206589127162,122.48056890028194,33.99912715324588,85.33333353309156
899.7149132047921,128.60228434452048,Irregular ,Very Very Poor,27.935926215181624,425.8828341672965,38.74817056575109,326.0208789365165
692.508072348877,98.4718712531366,Cuboid,Passable,36.13825819910127,320.2500998192644,38.136529749528805,238.24858267674264
962.7210585994173,54.06001842196531,Irregular ,Excellent,29.20258836111543,73.15724665918306,40.28143801255621,40.0
369.55551428347695,121.61239810147526,Cystalline,Very Poor,50.21559351383282,440.3884290854194,54.13442746214551,310.370059785907
1015.1939143223136,45.80057936540308,Oval,Very Very Poor,40.18382271152764,348.8611583336525,48.48475833055997,259.80191246489915
